date,601857,00883,spread,rolling_mean,rolling_std,zscore,cheap_leg,pair_direction
2018-01-02,5.9,5.473632,0.3398305333006555,,,,flat,flat
2018-01-03,5.92,5.521104,0.3360835181156765,,,,flat,flat
2018-01-04,6.12,5.730220000000001,0.33860936525735386,,,,flat,flat
2018-01-05,6.15,5.777692,0.3366862410842262,,,,flat,flat
2018-01-08,6.1,5.7017,0.3394563808403712,,,,flat,flat
2018-01-09,6.09,5.711176,0.33644439301292883,,,,flat,flat
2018-01-10,6.26,5.806212,0.3503480636736498,,,,flat,flat
2018-01-11,6.27,5.796736,0.35329306784218306,,,,flat,flat
2018-01-12,6.26,5.939244,0.3316409529519311,,,,flat,flat
2018-01-15,6.31,5.853684,0.3515792539136551,,,,flat,flat
2018-01-16,6.23,5.9582880000000005,0.32419345300358815,,,,flat,flat
2018-01-17,6.31,5.872728,0.34889702825655355,,,,flat,flat
2018-01-18,6.25,5.825164,0.3460582645717081,,,,flat,flat
2018-01-19,6.44,5.768216000000001,0.38411819763938504,,,,flat,flat
2018-01-22,6.41,5.863252,0.3659541676880911,,,,flat,flat
2018-01-23,6.58,5.910724,0.3854704944672356,,,,flat,flat
2018-01-24,6.68,6.0913200000000005,0.3757002342630664,,,,flat,flat
2018-01-25,6.62,6.129316,0.3615425347403831,,,,flat,flat
2018-01-26,6.66,6.053232,0.37788149559290685,,,,flat,flat
2018-01-29,6.66,6.0248040000000005,0.3817688371010419,,,,flat,flat
2018-01-30,6.52,5.853684,0.3843179532990948,,,,flat,flat
2018-01-31,6.45,5.787168,0.382961013149963,,,,flat,flat
2018-02-01,6.44,5.739696,0.38821132996218344,,,,flat,flat
2018-02-02,6.66,6.015236,0.3830813247794451,,,,flat,flat
2018-02-05,6.69,5.882204,0.4060438308130099,,,,flat,flat
2018-02-06,6.31,5.578144,0.39139501312369673,,,,flat,flat
2018-02-07,6.13,5.568668000000001,0.36385811651663036,,,,flat,flat
2018-02-08,5.98,5.464064,0.35474351576206087,,,,flat,flat
2018-02-09,5.69,5.302512,0.32981707219113554,,,,flat,flat
2018-02-12,5.71,5.188524,0.3512715208905104,,,,flat,flat
2018-02-13,5.73,5.198,0.35326122365152735,,,,flat,flat
2018-02-14,5.74,5.245564,0.3474828821556508,,,,flat,flat
2018-02-22,5.84,5.407116,0.33970556849471367,,,,flat,flat
2018-02-23,5.86,5.4831080000000005,0.3315993995635784,,,,flat,flat
2018-02-26,5.91,5.549624,0.33013812946625753,,,,flat,flat
2018-02-27,5.82,5.521104,0.31904733096310856,,,,flat,flat
2018-02-28,5.73,5.4165920000000005,0.31924435995024125,,,,flat,flat
2018-03-01,5.74,5.350076,0.33119161159922617,,,,flat,flat
2018-03-02,5.7,5.274084,0.33601218490779217,,,,flat,flat
2018-03-05,5.73,5.140960000000001,0.3623731242772148,,,,flat,flat
2018-03-06,5.8,5.350076,0.3415903188201248,,,,flat,flat
2018-03-07,5.74,5.235996,0.3489905208287343,,,,flat,flat
2018-03-08,5.75,5.25504,0.3477330924729187,,,,flat,flat
2018-03-09,5.75,5.359552,0.3314709113184964,,,,flat,flat
2018-03-12,5.76,5.502152000000001,0.3115240806451476,,,,flat,flat
2018-03-13,5.72,5.3975480000000005,0.3204061310832871,,,,flat,flat
2018-03-14,5.72,5.378596000000001,0.3233107824678654,,,,flat,flat
2018-03-15,5.69,5.359552,0.320981304647477,,,,flat,flat
2018-03-16,5.66,5.331032,0.32010101502383725,,,,flat,flat
2018-03-19,5.7,5.388072,0.3183545491214186,,,,flat,flat
2018-03-20,5.78,5.426068,0.32648909685623795,,,,flat,flat
2018-03-21,5.75,5.5305800000000005,0.3055308087569475,,,,flat,flat
2018-03-22,5.76,5.559100000000001,0.30302092881904685,,,,flat,flat
2018-03-23,5.6,5.464064,0.28908954554062394,,,,flat,flat
2018-03-26,5.55,5.578144,0.26305726432891796,,,,flat,flat
2018-03-27,5.58,5.578144,0.26844811296379456,,,,flat,flat
2018-03-28,5.44,5.521104,0.2515261300876135,,,,flat,flat
2018-03-29,5.51,5.492584000000001,0.26858849915668315,,,,flat,flat
2018-04-03,5.36,5.293036000000001,0.2715478778890468,,,,flat,flat
2018-04-04,5.34,5.198,0.2827713458969825,0.3380974216593139,0.03403161144903838,-1.6257260061040901,a,long_a_short_h
2018-04-09,5.35,5.359552,0.2593676174171524,0.33680676913075386,0.03522017730089098,-2.198715555916365,a,long_a_short_h
2018-04-10,5.43,5.4831080000000005,0.2553889299205012,0.3354935781757498,0.03642859638692519,-2.198949622006283,a,long_a_short_h
2018-04-11,5.5,5.711176,0.23454440352954853,0.33389121032422275,0.03830661083089323,-2.593463755727347,a,long_a_short_h
2018-04-12,5.53,5.9201999999999995,0.21030072140991818,0.33196010893493677,0.04102158201868735,-2.9657409962784165,a,long_a_short_h
2018-04-13,5.45,5.844208,0.206397073074009,0.3300283699216917,0.04357788340512447,-2.8370193131762904,a,long_a_short_h
2018-04-16,5.4,5.834732000000001,0.19852047606456424,0.32803582607537163,0.04617197516886187,-2.805064100834738,a,long_a_short_h
2018-04-17,5.38,5.929768,0.18146774022419287,0.3258482427044585,0.049195329261753386,-2.9348416739333296,a,long_a_short_h
2018-04-18,5.47,6.0248040000000005,0.18492796898263397,0.3237758857379611,0.0517309910624384,-2.6840374387519494,a,long_a_short_h
2018-04-19,5.55,6.290868000000001,0.1637613118789023,0.32145683394290225,0.0548436247561556,-2.8753665127923616,a,long_a_short_h
2018-04-20,5.47,6.1387920000000005,0.1694500785846822,0.3192853088663563,0.05739614984666808,-2.610544970036387,a,long_a_short_h
2018-04-23,5.42,6.081752,0.16797620646975409,0.31715419474809425,0.05974707771598393,-2.496824848697681,a,long_a_short_h
2018-04-24,5.52,6.129316,0.17982502508047005,0.31524684516937723,0.061492848181396026,-2.2022369119971508,a,long_a_short_h
2018-04-25,5.47,6.129316,0.17072578122535598,0.31326710456740436,0.06336375590643471,-2.2495718775340627,a,long_a_short_h
2018-04-26,5.4,6.100796000000001,0.16169754633897893,0.31121886729404724,0.06534842349273302,-2.288063169139736,a,long_a_short_h
2018-04-27,5.48,6.271824,0.15357215862220341,0.30911691117842266,0.06740975141580556,-2.307451804662028,a,long_a_short_h
2018-05-02,5.45,6.30982,0.14309492740809526,0.306932411391971,0.06961438007256394,-2.353500581533535,a,long_a_short_h
2018-05-03,5.51,6.176788,0.1716405913229735,0.3051753747676983,0.07085272971019296,-1.8846808583228702,a,long_a_short_h
2018-05-04,5.51,6.2053080000000005,0.16783643785502145,0.30341461916625373,0.07208837205180776,-1.8807219174514898,a,long_a_short_h
2018-05-07,5.61,6.39538,0.1609076579336921,0.30161073358103146,0.07339737632404107,-1.9170041586520923,a,long_a_short_h
2018-05-08,5.61,6.2813,0.17577103912340197,0.30003773740031103,0.07427602657178865,-1.6730391219406955,a,long_a_short_h
2018-05-09,5.65,6.423900000000001,0.1643380659728182,0.2983624328147864,0.0753346188916394,-1.7790541561608961,a,long_a_short_h
2018-05-10,5.73,6.604404000000001,0.15551422517601532,0.2966203815021185,0.07651201356503501,-1.8442353004624996,a,long_a_short_h
2018-05-11,5.71,6.585452,0.15439082445441987,0.2949067723810619,0.07763003778347342,-1.8100718734489178,a,long_a_short_h
2018-05-14,5.72,6.6424,0.1490302109904169,0.2931701466502209,0.07878545711673646,-1.8295246475022893,a,long_a_short_h
2018-05-15,5.73,6.670920000000001,0.14723887202634334,0.2914533081252341,0.07989864870764203,-1.8049671481502436,a,long_a_short_h
2018-05-16,5.65,6.765956000000001,0.12149737637892954,0.2894770763607422,0.08151418843732791,-2.060741856136661,a,long_a_short_h
2018-05-17,5.66,6.6424,0.13848529781380203,0.2877415386762946,0.08263989641093991,-1.806103920076235,a,long_a_short_h
2018-05-18,6.08,6.870468000000001,0.1821882071320624,0.2865420689996556,0.08293046602372532,-1.2583296208384858,a,long_a_short_h
2018-05-21,6.1,6.898988,0.1820514226058516,0.2853680167929836,0.08319847768679331,-1.2418087092419505,a,long_a_short_h
2018-05-23,5.9,6.48094,0.20033472435622524,0.28442320243257524,0.08321389447601484,-1.0105100669286335,a,long_a_short_h
2018-05-24,5.9,6.461896,0.20276486240160319,0.28352585803663044,0.0831918771179561,-0.9707798216948255,a,long_a_short_h
2018-05-25,5.82,6.233828,0.21878536707714602,0.2828221570479404,0.08300838901594199,-0.7714496176825686,a,long_a_short_h
2018-05-28,5.82,6.176788,0.22637622990149686,0.2822152115947528,0.08276325678466387,-0.6746832333886962,a,long_a_short_h
2018-05-29,5.76,6.0722760000000005,0.2301055423571845,0.2816608534113745,0.08249236811738138,-0.6249706758427648,a,long_a_short_h
2018-05-30,5.59,6.119748,0.1937165426980536,0.28073512382491844,0.08254701647472071,-1.0541699124100203,a,long_a_short_h
2018-05-31,5.71,6.271824,0.19468608133019805,0.2798387796322651,0.08257973763640424,-1.0311572879656203,a,long_a_short_h
2018-06-01,5.73,6.509368,0.16748356039047696,0.27868047840296833,0.08293683562730345,-1.3407422307764596,a,long_a_short_h
2018-06-04,5.7,6.461896,0.16827868633043397,0.277553929504269,0.08325850801681874,-1.3124814001202225,a,long_a_short_h
2018-06-05,5.71,6.461896,0.1700315351578483,0.27646784471289104,0.0835345623872124,-1.274158941082047,a,long_a_short_h
2018-06-06,5.71,6.490416000000001,0.16639485729941317,0.27536711483875626,0.0838373345046979,-1.2998058464422761,a,long_a_short_h
2018-06-07,5.68,6.538992,0.15496961507395923,0.27417506038563944,0.0842729615358499,-1.41451591517844,a,long_a_short_h
2018-06-08,5.66,6.412676,0.16755052370646206,0.27312972179074557,0.08451671213733263,-1.2492109005935548,a,long_a_short_h
2018-06-11,5.56,6.529240000000001,0.1348489676618141,0.2717871901972608,0.0851979504932919,-1.607294796912146,a,long_a_short_h
2018-06-12,5.6,6.636144,0.1286061262848308,0.2704104491981028,0.08593800837431192,-1.6500769053854325,a,long_a_short_h
2018-06-13,5.57,6.500076,0.14034273162990507,0.26917170903078663,0.08646067598978709,-1.4900297265325464,a,long_a_short_h
2018-06-14,5.54,6.354348000000001,0.1536667072252047,0.26808203920243207,0.08677624133686505,-1.3185098849011847,a,long_a_short_h
2018-06-15,5.55,6.28636,0.16435328351558542,0.26711261157919053,0.08694616006978807,-1.1818731037819779,a,long_a_short_h
2018-06-19,5.3,6.092056,0.14418929449241658,0.26597443271727594,0.08734353255943733,-1.3943234794400432,a,long_a_short_h
2018-06-20,5.31,6.247536,0.12526303729933952,0.26468350248408384,0.08797672066675546,-1.5847426924771517,a,long_a_short_h
2018-06-21,5.25,6.043480000000001,0.14132154834467436,0.2635620301737256,0.08835859950854859,-1.3834587975471997,a,long_a_short_h
2018-06-22,5.27,5.994904000000001,0.15178818466105537,0.26255505859253037,0.08859356785239983,-1.2502812181129979,a,long_a_short_h
2018-06-25,5.27,6.140632,0.13195434377519022,0.2613889807816613,0.08905279764260123,-1.4534595255045857,a,long_a_short_h
2018-06-26,5.29,6.111468,0.13967355512915658,0.2603118531210196,0.0893906967752076,-1.3495621171321033,a,long_a_short_h
2018-06-27,5.42,6.305772,0.13810508405494448,0.25923986391868564,0.08972729170673457,-1.350032722035778,a,long_a_short_h
2018-06-28,5.56,6.548652000000001,0.13239745149444282,0.2581368864193444,0.09011253249125678,-1.3953601285936728,a,long_a_short_h
2018-06-29,5.56,6.577816,0.12872799429340742,0.257021292521707,0.0905208553417636,-1.417278899364409,a,long_a_short_h
2018-07-03,5.43,6.471004,0.11858851323037722,0.25583810637391785,0.09103394339442565,-1.5076749180124491,a,long_a_short_h
2018-07-04,5.4,6.257196,0.14079429059467152,0.2548631587825683,0.09126067034912745,-1.249923628124954,a,long_a_short_h
2018-07-05,5.36,6.101716,0.1541380474559655,0.2540167292756221,0.09134104261541459,-1.093469911879473,a,long_a_short_h
2018-07-06,5.38,6.111468,0.1565436834326417,0.25320445389359725,0.0913906462081449,-1.0576659042415326,a,long_a_short_h
2018-07-09,5.49,6.179456,0.16764760731955808,0.2517695961770881,0.09137082142184386,-0.9206657831076381,a,long_a_short_h
2018-07-10,5.6,6.334936,0.16696539791700582,0.25036027850876585,0.09136367386375531,-0.912779412922048,a,long_a_short_h
2018-07-11,5.48,6.296112000000001,0.1503803985243526,0.24879170378599083,0.09145159950609044,-1.0761026137665783,a,long_a_short_h
2018-07-12,5.51,6.28636,0.15711997892206542,0.2472953182679728,0.09147041429721955,-0.9858415974032432,a,long_a_short_h
2018-07-13,5.48,6.257196,0.15550043798436697,0.24576235207750613,0.09145436510267939,-0.9869612455545297,a,long_a_short_h
2018-07-16,5.4,6.315524,0.13313210153199462,0.24406808298183166,0.09164335703374277,-1.2105185257343944,a,long_a_short_h
2018-07-17,5.27,6.101716,0.13720443492652556,0.24229188607560562,0.09163170260016222,-1.1468459950769703,a,long_a_short_h
2018-07-18,5.25,6.024068000000001,0.14397831571621644,0.24054759647455592,0.09149308151576954,-1.055481782430675,a,long_a_short_h
2018-07-19,5.22,5.9754000000000005,0.14494626800549892,0.23899180743333565,0.0915183890568034,-1.0276135801457866,a,long_a_short_h
2018-07-20,5.31,5.994904000000001,0.15934965736163198,0.23738989412873543,0.09121298616381746,-0.8555825222840978,a,long_a_short_h
2018-07-23,5.38,6.062892,0.16313359856180143,0.23604772867505389,0.09110988024768474,-0.8002878492983787,a,long_a_short_h
2018-07-24,5.46,6.043480000000001,0.1805422614979555,0.2346447722853989,0.09065262543281957,-0.5968112950852973,a,long_a_short_h
2018-07-25,5.47,6.257196,0.15367395345833246,0.23304156969278747,0.09036642482103918,-0.8782865582171021,a,long_a_short_h
2018-07-26,5.47,6.237784,0.1562398371909437,0.2311425833557171,0.0895556921776157,-0.8363817457434071,a,long_a_short_h
2018-07-27,5.47,6.228032,0.15753187426497872,0.2294057309105245,0.08893812373754756,-0.8081332686716253,a,long_a_short_h
2018-07-30,5.48,6.276608,0.15294250220032612,0.22746799764163358,0.08803783708695198,-0.8465166558749184,a,long_a_short_h
2018-07-31,5.58,6.37376,0.15834209592135684,0.22565667982211934,0.08719438922472893,-0.7720059111518109,a,long_a_short_h
2018-08-01,5.47,6.305772,0.1472878850372794,0.2238712244079268,0.08657996159694956,-0.8845388466116579,a,long_a_short_h
2018-08-02,5.45,6.101716,0.17078968104840753,0.22214545928672266,0.08554205683647303,-0.6003570657237025,a,long_a_short_h
2018-08-03,5.49,6.024068000000001,0.18867849463412334,0.22053637309949833,0.08432158784488156,-0.3778140246123083,a,long_a_short_h
2018-08-06,5.48,6.082304000000001,0.1789105435422509,0.21882464468485796,0.08304409039522981,-0.48063746562392123,a,long_a_short_h
2018-08-07,5.73,6.257196,0.200110867751091,0.2173008934732007,0.08167331074421295,-0.21047298763173647,a,long_a_short_h
2018-08-08,5.82,6.354348000000001,0.20297246820935877,0.21575723629192717,0.08015227178656104,-0.15950599774156363,a,long_a_short_h
2018-08-09,5.82,6.296112000000001,0.21057555930777472,0.21431968824632988,0.07865911604470792,-0.047599428099688944,a,long_a_short_h
2018-08-10,5.79,6.1989600000000005,0.2182493222987596,0.21275473400871114,0.07665523236726243,0.07167923337213776,h,short_a_long_h
2018-08-13,5.77,6.072644,0.23179010381775078,0.21142469309782824,0.0748940230635584,0.271923043880812,h,short_a_long_h
2018-08-14,5.85,6.072644,0.24555968454150756,0.21043887283136892,0.07363875465449282,0.4769338084942188,h,short_a_long_h
2018-08-15,5.83,5.9559880000000005,0.2581529527047022,0.20963395147255756,0.07256827164527022,0.6685979992649713,h,short_a_long_h
2018-08-16,5.73,5.820012,0.25992301914228233,0.20905150103048384,0.07187270668023117,0.7078002271172413,h,short_a_long_h
2018-08-17,5.77,5.820012,0.26687956893564224,0.20834823476419326,0.07087536885178213,0.8258346322521783,h,short_a_long_h
2018-08-20,5.9,6.014316,0.262040501879268,0.20758806208275776,0.06978891179741926,0.7802448611689603,h,short_a_long_h
2018-08-21,5.9,6.072644,0.25407037420941636,0.20680962451653914,0.06872829844353932,0.6876461481394333,h,short_a_long_h
2018-08-22,5.77,6.228032,0.21092533835109717,0.20573645593200898,0.0676324288299766,0.07672181095451547,h,short_a_long_h
2018-08-23,5.82,6.237784,0.21826148250040034,0.20479197328981585,0.06664414819319243,0.2021109065951025,h,short_a_long_h
2018-08-24,5.87,6.480664,0.19527217565455834,0.20366809034138503,0.06564220884423962,-0.12790420728755628,a,long_a_short_h
2018-08-27,5.96,6.616732,0.1933291572124567,0.20262043889346293,0.06478288664189778,-0.1434218535578064,a,long_a_short_h
2018-08-28,5.9,6.723544,0.16998691806567412,0.2013766268777582,0.06395245248722035,-0.49082885161216766,a,long_a_short_h
2018-08-29,5.9,6.733296000000001,0.1687900326182752,0.20002328038625025,0.06289181023599974,-0.49661867977361734,a,long_a_short_h
2018-08-30,5.88,6.723544,0.16659132906453578,0.19861143992088978,0.06170380002549808,-0.5189325591474467,a,long_a_short_h
2018-08-31,5.8,6.743048,0.15050044603671986,0.19684583426888566,0.05998588128309983,-0.7726049403765775,a,long_a_short_h
2018-09-03,5.82,6.723544,0.15633482889734673,0.19530203851952918,0.0585972285140802,-0.665000898682761,a,long_a_short_h
2018-09-04,5.95,6.781872,0.17129276204148058,0.19382122386296877,0.0569014883554712,-0.39592043147887224,a,long_a_short_h
2018-09-05,5.92,6.51958,0.1988099743981686,0.19258019787901245,0.05511233392623511,0.11303779164015038,h,short_a_long_h
2018-09-06,5.95,6.678556,0.18396983967118108,0.19135102228195153,0.05361308287717252,-0.13767502659156394,a,long_a_short_h
2018-09-07,5.92,6.887304,0.15349883617324211,0.19003414524468562,0.05256706642545812,-0.6950227881415413,a,long_a_short_h
2018-09-10,5.9,6.807724,0.159712010226009,0.188695027570875,0.05124825629992206,-0.5655415313107945,a,long_a_short_h
2018-09-11,5.95,6.936984,0.15261830799285714,0.18727259028358326,0.049829709841930615,-0.6954542260160884,a,long_a_short_h
2018-09-12,5.97,7.036344000000001,0.14422988297964778,0.18579966176968468,0.04843702574634937,-0.8582231908236015,a,long_a_short_h
2018-09-13,6.16,7.314644,0.14352745979779935,0.18432821547613437,0.04698306302958812,-0.8684141272917919,a,long_a_short_h
2018-09-14,6.25,7.264964,0.16365995471183936,0.18303909385605455,0.04536928549861159,-0.42714226003863853,a,long_a_short_h
2018-09-17,6.26,7.205256,0.17207361175998415,0.18175229814691907,0.04341415882438958,-0.22293847558086383,a,long_a_short_h
2018-09-18,6.21,7.2450920000000005,0.15950129351047693,0.18053538551986517,0.041936947022496895,-0.5015646942087748,a,long_a_short_h
2018-09-19,6.44,7.42394,0.17573141422482297,0.1794746395649133,0.04039422784371985,-0.09266733243602028,a,long_a_short_h
2018-09-20,6.47,7.294772,0.19487331391006468,0.17868950430132532,0.039141980579799694,0.41346424910065643,h,short_a_long_h
2018-09-21,6.42,7.026408000000001,0.218067999082044,0.17831459375760136,0.03853789388769906,1.031540681498725,h,short_a_long_h
2018-09-26,6.6,7.37426,0.20581719989858493,0.17779266948205794,0.0377224267419343,0.7429143042214038,h,short_a_long_h
2018-09-27,6.64,7.42394,0.20631483759690306,0.17741590871130203,0.03720199834883571,0.7768111974690591,h,short_a_long_h
2018-09-28,6.68,7.702240000000001,0.18193057056639095,0.17669375930638292,0.03624612572841034,0.14447920032190695,h,short_a_long_h
2018-10-08,6.44,7.155576,0.20613551140129438,0.17614865625231832,0.03528680455178464,0.8498036455800152,h,short_a_long_h
2018-10-09,6.72,7.304708,0.2316613344189702,0.17572273949000156,0.034283219964035085,1.6316610571484005,h,short_a_long_h
2018-10-10,6.8,7.37426,0.23567016304826627,0.1755252607035942,0.03386303475364771,1.7761226299480821,h,short_a_long_h
2018-10-11,6.44,7.095960000000001,0.21304435877906935,0.17517238927741557,0.03323868917048521,1.1393941953427802,h,short_a_long_h
2018-10-12,6.49,7.205256,0.20815595736397552,0.17495248555936913,0.032928432867857085,1.0083526275864099,h,short_a_long_h
2018-10-15,6.44,7.2450920000000005,0.19586893768135183,0.1748322206949644,0.0328244356867063,0.6408858689048894,h,short_a_long_h
2018-10-16,6.5,7.414004,0.18611101204631475,0.1746631701864003,0.032712553504789015,0.3499525605128481,h,short_a_long_h
2018-10-18,6.1,7.264964,0.1393672621427946,0.17417022673705224,0.03279561081403165,-1.0612080010221103,a,long_a_short_h
2018-10-19,6.21,6.996600000000001,0.1883214813450953,0.17422734124639305,0.03281438906136583,0.4295109707008395,h,short_a_long_h
2018-10-22,6.34,7.225128,0.1824978002034887,0.17420708983990016,0.032808479029348796,0.25270023508776823,h,short_a_long_h
2018-10-23,6.21,7.016472,0.18597935444125113,0.17439224019458643,0.03281172642251112,0.3531394263581063,h,short_a_long_h
2018-10-24,6.05,6.748108,0.1920813547740734,0.17458083416283135,0.03284810077255466,0.5327711557029847,h,short_a_long_h
2018-10-25,6.03,6.549388,0.21345354853640086,0.17495981201338673,0.0330330826163844,1.1653086383140412,h,short_a_long_h
2018-10-26,6.01,6.658684000000001,0.19646417728554755,0.17509847161509573,0.03308855210384275,0.6457129222034018,h,short_a_long_h
2018-10-29,6.0,6.658684000000001,0.1947988979664863,0.1752990809212718,0.03313476156407351,0.5885002977162586,h,short_a_long_h
2018-10-30,6.02,6.738172,0.18832714820149343,0.1755209942701261,0.03313207562293588,0.3865183116539247,h,short_a_long_h
2018-10-31,6.06,6.688492,0.20106076031885722,0.17591673261759821,0.033151312505260856,0.7584625102631712,h,short_a_long_h
2018-11-01,5.98,6.678556,0.1889991880761832,0.1762992681231656,0.03303403550551904,0.3844495460112895,h,short_a_long_h
2018-11-02,6.06,6.748108,0.19373288281254641,0.1764833705522454,0.03306939648969038,0.5216155748617513,h,short_a_long_h
2018-11-05,6.04,6.7183,0.19408290525557126,0.17670209111391663,0.033098509277850754,0.5251237750845088,h,short_a_long_h
2018-11-06,6.09,6.907176,0.17943122790853083,0.1768564541970403,0.03306740904415066,0.07786439234028802,h,short_a_long_h
2018-11-07,5.97,6.887304,0.16190931468183845,0.17674093982669392,0.03309543229187224,-0.44814719487733984,a,long_a_short_h
2018-11-08,6.0,7.036344000000001,0.14924242480319205,0.17661514281694707,0.03317157422533793,-0.8251859808584697,a,long_a_short_h
2018-11-09,5.9,6.728236,0.16941084154918262,0.17673094795339012,0.03312150929579966,-0.22100763400705897,a,long_a_short_h
2018-11-12,5.92,6.827596,0.1606890950875206,0.17678343354199927,0.03309078679855676,-0.4863691683263515,a,long_a_short_h
2018-11-13,5.87,6.61894,0.17783778879912782,0.1770234966904052,0.032992101806028296,0.02468142567909455,h,short_a_long_h
2018-11-14,5.71,6.310832,0.18956590805573215,0.1773762219906501,0.03289711915663907,0.3705396210239892,h,short_a_long_h
2018-11-15,5.74,6.44,0.17807466033627595,0.17784769935696135,0.032492481474008815,0.006985030659974343,h,short_a_long_h
2018-11-16,5.73,6.509644000000001,0.16744854709720314,0.17808905976765635,0.032304662365984775,-0.3293800922574306,a,long_a_short_h
2018-11-19,5.77,6.628876000000001,0.15941652650665317,0.17789929576244462,0.0323472354491335,-0.5713863642182305,a,long_a_short_h
2018-11-20,5.71,6.479836000000001,0.16774207957973064,0.17778005123722693,0.03235817352557599,-0.31021440841097675,a,long_a_short_h
2018-11-21,5.62,6.320768,0.17237941050782224,0.17754709028849022,0.032294997533867706,-0.16001486840953144,a,long_a_short_h
2018-11-22,5.63,6.3704480000000006,0.16769198112952788,0.1772548162778896,0.03222348343457008,-0.2967660267946856,a,long_a_short_h
2018-11-23,5.57,6.29096,0.16734636142337256,0.1768261578974415,0.032007789800462774,-0.2961715424015898,a,long_a_short_h
2018-11-26,5.54,6.350576,0.15415705197771068,0.17622433141474325,0.03174617685645039,-0.6951161249058814,a,long_a_short_h
2018-11-27,5.51,6.221408,0.16569664539637285,0.17568759060673647,0.03136979573523879,-0.3184893295030429,a,long_a_short_h
2018-11-28,5.55,6.360512,0.15466946527211256,0.17536219829485367,0.03138372415950625,-0.6593460010536448,a,long_a_short_h
2018-11-29,5.51,6.3704480000000006,0.14614716214275192,0.17495770730162494,0.031445312169955705,-0.9162111351656396,a,long_a_short_h
2018-11-30,5.55,6.6090040000000005,0.12302165257126774,0.1745871914031315,0.031794128772467685,-1.621857268078918,a,long_a_short_h
2018-12-03,5.63,6.807724,0.11286910146593421,0.17412544486259404,0.032285083647467204,-1.8973574318574038,a,long_a_short_h
2018-12-04,5.63,6.877368,0.10446402553197887,0.1735790489490451,0.03290385739384123,-2.1005143132550415,a,long_a_short_h
2018-12-05,5.59,6.61894,0.1289624421261304,0.17326711215593443,0.03314905836439717,-1.3365287647925543,a,long_a_short_h
2018-12-06,5.54,6.489772,0.1362522764344425,0.17311113433393846,0.03327965646000377,-1.1075492303772356,a,long_a_short_h
2018-12-07,5.52,6.350576,0.15054041150752218,0.1729693833989473,0.03333971242137477,-0.672740412633117,a,long_a_short_h
2018-12-10,5.55,6.3704480000000006,0.15338046673627193,0.17312381255790113,0.03320429913603065,-0.5946020947692675,a,long_a_short_h
2018-12-11,5.52,6.330704,0.1531285096963828,0.17332816575299737,0.03300286577455991,-0.6120576374972067,a,long_a_short_h
2018-12-12,5.57,6.330704,0.16214570334657163,0.17350985718396963,0.03287953003696523,-0.3456300568962423,a,long_a_short_h
2018-12-13,5.62,6.489772,0.1505894395808498,0.1734842132869333,0.032896332199376044,-0.6959673670403218,a,long_a_short_h
2018-12-14,5.6,6.360512,0.16363813525487303,0.17347825371809406,0.03289806501175249,-0.29910933848862375,a,long_a_short_h
2018-12-17,5.63,6.300896,0.17675751134637463,0.17374965552521038,0.03278856513447433,0.09173490236087678,h,short_a_long_h
2018-12-18,5.56,6.042468,0.19882987348156655,0.1743627124933956,0.03256134158731746,0.7514174722364889,h,short_a_long_h
2018-12-19,5.44,5.903364,0.19624372518046274,0.1748203973003605,0.03247890046726729,0.6596075474196847,h,short_a_long_h
2018-12-20,5.42,5.823876,0.2037552275693626,0.17525345599126305,0.03251565038769183,0.8765554813840766,h,short_a_long_h
2018-12-21,5.39,5.804004,0.20102735823545648,0.17582906444509858,0.03235368574890849,0.7788384292880143,h,short_a_long_h
2018-12-24,5.41,5.81394,0.20331857963755828,0.1763594396493353,0.03227758460081958,0.8352279243205348,h,short_a_long_h
2018-12-27,5.26,5.843748,0.170977492317977,0.17663337638486057,0.03208913771121011,-0.17625540822518704,a,long_a_short_h
2018-12-28,5.25,5.953044,0.15377231379003664,0.17681150023732384,0.031900293995914486,-0.7222248939222271,a,long_a_short_h
2019-01-02,5.22,5.625064000000001,0.19483970224058833,0.17736243113688369,0.03163265938428601,0.5525071696117568,h,short_a_long_h
2019-01-03,5.25,5.704644000000001,0.1889694079335924,0.1779489385927438,0.03118304069235859,0.35341227462622565,h,short_a_long_h
2019-01-04,5.31,6.002724000000001,0.15827315910906936,0.1780945958303638,0.03104856370897709,-0.6384010837694065,a,long_a_short_h
2019-01-07,5.33,6.151856,0.14176718970837476,0.17799150534913386,0.031149149550190703,-1.162931128581561,a,long_a_short_h
2019-01-08,5.34,6.1816640000000005,0.1396499904090196,0.17785072457393702,0.031284779906510685,-1.2210645009833507,a,long_a_short_h
2019-01-09,5.34,6.320768,0.12127339957432604,0.17746427284272676,0.031695601278940756,-1.7728287522892066,a,long_a_short_h
2019-01-10,5.36,6.3704480000000006,0.11854651406063965,0.1770607821439237,0.03213551466972865,-1.8208598394848157,a,long_a_short_h
2019-01-11,5.38,6.3704480000000006,0.12227091315162197,0.17682653643248428,0.03243270569112645,-1.6821175451849109,a,long_a_short_h
2019-01-14,5.33,6.072368,0.152506794454903,0.17678809322859126,0.03245898400976216,-0.7480609610696862,a,long_a_short_h
2019-01-15,5.35,6.320768,0.12314430751013772,0.17651845880797268,0.03277020303972226,-1.6287403295346603,a,long_a_short_h
2019-01-16,5.35,6.310832,0.12444344529572837,0.17644605333933713,0.0328762973789929,-1.581765958743185,a,long_a_short_h
2019-01-17,5.33,6.29096,0.123302545661933,0.1763302042621322,0.03303982545486226,-1.604961826225249,a,long_a_short_h
2019-01-18,5.36,6.420128,0.11213153009442989,0.17606481438195062,0.033427502278664846,-1.9125953161126923,a,long_a_short_h
2019-01-21,5.39,6.51958,0.10501891042316003,0.1757320864020978,0.03393471521548053,-2.0838004836616233,a,long_a_short_h
2019-01-22,5.33,6.430064000000001,0.10524175478115128,0.17528118721392713,0.03450883803192887,-2.029608541671926,a,long_a_short_h
2019-01-23,5.29,6.271088,0.11838221637818958,0.1749082590290637,0.03488101844647439,-1.6205387677431051,a,long_a_short_h
2019-01-24,5.31,6.360512,0.11046337276761697,0.1743242682896442,0.0353691272412494,-1.8055547451436453,a,long_a_short_h
2019-01-25,5.31,6.489772,0.0938496109290976,0.17382573210190058,0.03607717621919155,-2.216806567312744,a,long_a_short_h
2019-01-28,5.3,6.479836000000001,0.09322987646988778,0.1733006490958918,0.03678683741306459,-2.1766147420318176,a,long_a_short_h
2019-01-29,5.3,6.281024,0.11896342630581103,0.17297924536289871,0.0370929766272726,-1.4562276734990465,a,long_a_short_h
2019-01-30,5.28,6.360512,0.10479763523193975,0.17257803813816217,0.0375688416523163,-1.8041653648388023,a,long_a_short_h
2019-01-31,5.33,6.51958,0.09382476368000736,0.17204039370281757,0.038230114236629094,-2.045916722578614,a,long_a_short_h
2019-02-01,5.36,6.569260000000001,0.09316870049515913,0.1715894004982999,0.03883893745254509,-2.019125783215831,a,long_a_short_h
2019-02-11,5.36,6.410192,0.11341054642047932,0.17111124104306716,0.03920039096503036,-1.47194181491866,a,long_a_short_h
2019-02-12,5.4,6.499708,0.1093933847029307,0.1704505317936406,0.039568248512634296,-1.5430844019091243,a,long_a_short_h
2019-02-13,5.49,6.648748,0.10720084393466167,0.16985295096357733,0.03997877666229325,-1.567134171166553,a,long_a_short_h
2019-02-14,5.47,6.688492,0.09862957667152394,0.16900727353791425,0.04040440679294065,-1.7418322022905313,a,long_a_short_h
2019-02-15,5.43,6.599068000000001,0.10240529509341889,0.1681692137619481,0.04073560190939075,-1.6144089097985979,a,long_a_short_h
2019-02-18,5.52,6.797788,0.09434366225973201,0.1672006146198811,0.04109904557192077,-1.7727164060940042,a,long_a_short_h
2019-02-19,5.53,6.837532,0.09133958103451123,0.16614303344267903,0.04140610138444443,-1.8065804291410585,a,long_a_short_h
2019-02-20,5.52,6.917112,0.07997395161303666,0.16487789884097306,0.04170170860196792,-2.035982459095927,a,long_a_short_h
2019-02-21,5.48,6.927048,0.07151584132835187,0.16342753348086345,0.04189817224070642,-2.1936921645287004,a,long_a_short_h
2019-02-22,5.52,6.9767280000000005,0.07288723425662003,0.16188365249379608,0.04179159741573773,-2.1295289900467433,a,long_a_short_h
2019-02-25,5.72,6.907176,0.11675195157843166,0.1606905602640973,0.041005463138688435,-1.0715306040333394,a,long_a_short_h
2019-02-26,5.68,6.807724,0.12171089204739505,0.15948082129002863,0.03997478255776968,-0.9448438947241367,a,long_a_short_h
2019-02-27,5.71,6.797788,0.12818482563864708,0.15836535732135676,0.03894314382886141,-0.7749896057529486,a,long_a_short_h
2019-02-28,5.71,6.728236,0.13667751430542774,0.15738708348882352,0.03798138814619741,-0.5452557211358575,a,long_a_short_h
2019-03-01,5.74,6.777916,0.13584259553598166,0.15676139396536423,0.03770947737212977,-0.5547358353166462,a,long_a_short_h
2019-03-04,5.77,6.837532,0.13382384602027608,0.15605774699469652,0.037338223964124256,-0.5954729125783665,a,long_a_short_h
2019-03-05,5.74,6.738172,0.14069909921223878,0.15560297135767717,0.037188630166723184,-0.4007642141864788,a,long_a_short_h
2019-03-06,5.82,6.638812000000001,0.16680785406447574,0.15538196049811068,0.03704105537692318,0.30846565925558006,h,short_a_long_h
2019-03-07,5.79,6.61894,0.16411544654402643,0.15533303156876366,0.03702547566488037,0.2371992477491147,h,short_a_long_h
2019-03-08,5.58,6.599068000000001,0.1296549375407945,0.1550069057764513,0.03707826455749107,-0.683742039661747,a,long_a_short_h
2019-03-11,5.62,6.5791960000000005,0.13928831968982647,0.15477938069832872,0.03709034955407177,-0.4176574552342457,a,long_a_short_h
2019-03-12,5.65,6.638812000000001,0.13716313747947906,0.15466823646035172,0.037123248050613226,-0.4715400699046186,a,long_a_short_h
2019-03-13,5.6,6.589132,0.1344770673290121,0.15448608844728226,0.03716859775007912,-0.5383313423016494,a,long_a_short_h
2019-03-14,5.59,6.837532,0.10213105266727562,0.15390974086916387,0.037441021261196486,-1.382940060333001,a,long_a_short_h
2019-03-15,5.61,7.036344000000001,0.08203367510974213,0.15293660504176032,0.037780244421155414,-1.8767197253047787,a,long_a_short_h
2019-03-18,5.69,6.966792000000001,0.10439652637719754,0.1522734940976438,0.03792901253175392,-1.2622782541560758,a,long_a_short_h
2019-03-19,5.68,6.89724,0.11092314259524949,0.15191869665116053,0.03811612435473457,-1.0755436117895552,a,long_a_short_h
2019-03-20,5.66,6.867432,0.11097239535613967,0.1515125331939116,0.03829166056234846,-1.0587197641053565,a,long_a_short_h
2019-03-21,5.7,6.966792000000001,0.10615245307946242,0.15112531773629997,0.03851467283412482,-1.1676813366824357,a,long_a_short_h
2019-03-22,5.66,7.0065360000000005,0.09441258381744277,0.15071017357661495,0.03885659138639151,-1.4488555931050842,a,long_a_short_h
2019-03-25,5.54,6.7183,0.1076733940680401,0.1504113896955336,0.039049654772297715,-1.0944525854761804,a,long_a_short_h
2019-03-26,5.5,6.867432,0.08229659537947343,0.14973336170109725,0.039521201957619594,-1.7063440123592235,a,long_a_short_h
2019-03-27,5.5,7.1357040000000005,0.05065159624050297,0.14872151157176822,0.04048699051233965,-2.422257473085717,a,long_a_short_h
2019-03-28,5.46,7.115832000000001,0.04565523094451107,0.14777279438371851,0.04155211554809535,-2.4575779618491236,a,long_a_short_h
2019-03-29,5.54,7.304708,0.03856768064310434,0.1466297632705375,0.04264866322441778,-2.533774201991026,a,long_a_short_h
2019-04-01,5.6,7.42394,0.03596947184966415,0.14530556458670085,0.0435945748846354,-2.5080206201430686,a,long_a_short_h
2019-04-02,5.58,7.304708,0.045761956277131643,0.1438696808966599,0.04401347146811924,-2.229038549949229,a,long_a_short_h
2019-04-03,5.63,7.2749,0.05805929889802908,0.14263836505498861,0.04433155113653185,-1.9078751811880845,a,long_a_short_h
2019-04-04,5.63,7.155576,0.07171641343663104,0.1415167115203197,0.0444096043422225,-1.5717387965405922,a,long_a_short_h
2019-04-08,5.66,7.4040680000000005,0.04884017156222864,0.14040762486195166,0.04504912297822975,-2.0326134505209685,a,long_a_short_h
2019-04-09,5.63,7.47362,0.035804620268546694,0.13898820076917878,0.045640286639728626,-2.2608004484094013,a,long_a_short_h
2019-04-10,5.6,7.414004,0.03707543288582693,0.1373666515897359,0.04577655154863045,-2.190886279351235,a,long_a_short_h
2019-04-11,5.55,7.2450920000000005,0.04713832532343254,0.13579555294202897,0.045609319804538556,-1.9438401624611426,a,long_a_short_h
2019-04-12,5.57,7.314644,0.04284573619156351,0.13437723108713306,0.04583271466696751,-1.997077754627046,a,long_a_short_h
2019-04-15,5.55,7.32458,0.03812763611292991,0.13296032841004102,0.04615972095636772,-2.0544468279336288,a,long_a_short_h
2019-04-16,5.63,7.4040680000000005,0.043525721498736125,0.13169080160851923,0.046508634132042426,-1.8956712394407043,a,long_a_short_h
2019-04-17,5.6,7.37426,0.04151414860730873,0.1304858277465275,0.04695781647214713,-1.894714997917163,a,long_a_short_h
2019-04-18,5.59,7.32458,0.04530899552159462,0.1297020088580175,0.04758908806471665,-1.7733689963055475,a,long_a_short_h
2019-04-23,5.61,7.433876,0.036649111805847845,0.12843807244519045,0.04803121620637746,-1.9110272004137825,a,long_a_short_h
2019-04-24,5.58,7.314644,0.04463945864559049,0.12728925293220797,0.04837477197375424,-1.7085309328477905,a,long_a_short_h
2019-04-25,5.47,7.284836,0.028101379391297865,0.125973603140125,0.04890911681226948,-2.001103886714933,a,long_a_short_h
2019-04-26,5.41,7.165512,0.03071018834816064,0.12462884341990907,0.04929315335062218,-1.905308317439241,a,long_a_short_h
2019-04-29,5.39,7.294772,0.012242590318161328,0.12295208543475708,0.049667079933793705,-2.2290316898873797,a,long_a_short_h
2019-04-30,5.4,7.04628,0.0427166299906474,0.12167085587396625,0.04973781303612646,-1.5874084738299892,a,long_a_short_h
2019-05-06,5.35,6.698428,0.07522168365034387,0.12067437908799841,0.04945746110116032,-0.9190260564464797,a,long_a_short_h
2019-05-07,5.31,6.907176,0.04237498144057272,0.11945811103165739,0.04957425430648168,-1.5549024522796764,a,long_a_short_h
2019-05-08,5.28,6.787852,0.051099806596030195,0.11820843641730049,0.049389691974996104,-1.3587578123638537,a,long_a_short_h
2019-05-09,5.25,6.628876000000001,0.06497252259017738,0.11717488087158379,0.049193171170334345,-1.0611708300050948,a,long_a_short_h
2019-05-10,5.31,6.648748,0.0738644236670698,0.11617597704537148,0.04884129105041177,-0.8663070215451434,a,long_a_short_h
2019-05-14,5.26,6.549388,0.07683756454692525,0.11519893253946609,0.048440780876910595,-0.7919229892271589,a,long_a_short_h
2019-05-15,5.3,6.638812000000001,0.07321441287920538,0.11431379241422172,0.04822718438593356,-0.8522035872159232,a,long_a_short_h
2019-05-16,5.31,6.748108,0.061614917985170825,0.11347800577508282,0.04826445960469085,-1.0745606231727372,a,long_a_short_h
2019-05-17,5.25,6.648748,0.06250066501675478,0.11275515777686253,0.04837375527644975,-1.0388792946280443,a,long_a_short_h
2019-05-20,5.27,6.787852,0.049204071431130814,0.11175343469254542,0.04843525210421383,-1.2914016247264017,a,long_a_short_h
2019-05-21,5.27,6.648748,0.06630295096649319,0.11096688349153684,0.048400263211927017,-0.9228035047965888,a,long_a_short_h
2019-05-22,5.24,6.628876000000001,0.06306594431959578,0.11001045145420742,0.048201318239838795,-0.9739257939176362,a,long_a_short_h
2019-05-23,5.25,6.51958,0.0787016021057867,0.10908658223795786,0.04772377028537738,-0.6366844017242528,a,long_a_short_h
2019-05-24,5.22,6.51958,0.07297092739680155,0.1082107177967956,0.04741045170400133,-0.7432915978106973,a,long_a_short_h
2019-05-27,5.23,6.4699,0.08120155586005584,0.10749199286981935,0.04715794552480508,-0.5574975058218925,a,long_a_short_h
2019-05-28,5.23,6.430064000000001,0.0863017946802298,0.10688270343793249,0.046953317293679485,-0.43832704362452235,a,long_a_short_h
2019-05-29,5.21,6.420128,0.08374741077699466,0.10618274786457636,0.04666361403899095,-0.48078867335126035,a,long_a_short_h
2019-05-30,5.24,6.489772,0.08057927400820097,0.10541774672707953,0.046320491560102664,-0.5362307670385936,a,long_a_short_h
2019-05-31,5.21,6.350576,0.09274240698379388,0.10479316694253174,0.04597777474084811,-0.2620996780871081,a,long_a_short_h
2019-06-03,5.2,6.320768,0.0947063721896042,0.104187833698917,0.0456241133476762,-0.2078168936031657,a,long_a_short_h
2019-06-04,5.17,6.3406400000000005,0.08632827492325013,0.10362259389012983,0.04541954823585282,-0.38076818547543567,a,long_a_short_h
2019-06-05,5.17,6.350944,0.0849873884071155,0.10295001674855267,0.0450889976968572,-0.3983816287557263,a,long_a_short_h
2019-06-06,5.12,6.23806,0.0900791221212971,0.10241176388896255,0.044851304330693904,-0.2749672936317625,a,long_a_short_h
2019-06-10,5.14,6.545892,0.05420053599871033,0.10164554200442887,0.04488324596523195,-1.0570760867534181,a,long_a_short_h
2019-06-11,5.18,6.50486,0.06714517997130476,0.10117990473276252,0.044949411821231466,-0.7571784230863229,a,long_a_short_h
2019-06-12,5.15,6.381672000000001,0.07712557877290704,0.10088204204365396,0.04498971234049831,-0.5280421241849573,a,long_a_short_h
2019-06-13,5.15,6.320124,0.08512860273980705,0.10072091352038587,0.045011395057464876,-0.3464080764586951,a,long_a_short_h
2019-06-14,5.1,6.3304279999999995,0.07402719211790543,0.10026311977031731,0.04500110907386725,-0.583006245676008,a,long_a_short_h
2019-06-17,5.11,6.422704,0.06403568551871563,0.0996613148460196,0.04499865783456173,-0.7917042650090177,a,long_a_short_h
2019-06-18,5.05,6.422704,0.05222452459037097,0.09884201578837666,0.04495951886963409,-1.0368770033589352,a,long_a_short_h
2019-06-19,5.06,6.6792,0.02186547752877388,0.09774605754498085,0.04522106781784712,-1.6779917785634342,a,long_a_short_h
2019-06-20,5.09,6.74084,0.020190808335169397,0.09663824336697073,0.04548051410054241,-1.6808832649253103,a,long_a_short_h
2019-06-21,5.12,6.91518,0.004981212999651596,0.0953285392807464,0.04583975810085715,-1.9709381118964808,a,long_a_short_h
2019-06-24,5.11,6.904968,0.004246572259685388,0.09410901538640336,0.04630157050330675,-1.9408076691545528,a,long_a_short_h
2019-06-25,5.07,6.8023880000000005,0.00874800118706398,0.09281826426917163,0.046505506669469926,-1.8077485679195566,a,long_a_short_h
2019-06-26,5.09,6.812600000000001,0.011446230306417338,0.09144067026050531,0.04644655144551572,-1.722290190864347,a,long_a_short_h
2019-06-27,5.09,6.904968,0.0003249986065037014,0.08978646296987979,0.046123494372438005,-1.939607256141363,a,long_a_short_h
2019-06-28,5.08,6.853632,0.004520855441750848,0.08818877238872386,0.04572374046106863,-1.829857227411477,a,long_a_short_h
2019-07-02,5.1,6.987032,-0.0074688105714781905,0.08642857207088352,0.04530119218236522,-2.0727353546098053,a,long_a_short_h
2019-07-03,5.08,6.894664000000001,-0.00040835101029390586,0.08474994116050226,0.04474777087316027,-1.9030733935815813,a,long_a_short_h
2019-07-04,5.09,6.843420000000001,0.00771878624831035,0.08311994288225852,0.043947796213068206,-1.7156982404393482,a,long_a_short_h
2019-07-05,5.06,6.843420000000001,0.0018074389852531514,0.08171019243781917,0.04381894883711155,-1.8234749023667596,a,long_a_short_h
2019-07-08,4.98,6.6997160000000004,0.003396242066213029,0.08045705850678729,0.04389096661683654,-1.7557329532818673,a,long_a_short_h
2019-07-09,4.95,6.648472000000001,0.0036944457295904343,0.07886418136919565,0.04316747294558831,-1.7413513117702093,a,long_a_short_h
2019-07-10,4.92,6.74084,-0.013778491723045239,0.07717461553872366,0.04278784911335125,-2.1256760773560006,a,long_a_short_h
2019-07-11,4.92,6.904968,-0.033644301451710934,0.07557530336738384,0.043314574025768215,-2.521544013202556,a,long_a_short_h
2019-07-12,4.92,6.904968,-0.033644301451710934,0.0741135409410498,0.04401616135332513,-2.4481426612323234,a,long_a_short_h
2019-07-15,4.9,6.935696,-0.04138436576191151,0.07260492130629204,0.04484566447414332,-2.541812868754044,a,long_a_short_h
2019-07-16,4.89,6.8844520000000005,-0.03730328087863066,0.07128344896918407,0.04572722728146428,-2.374662456121209,a,long_a_short_h
2019-07-17,4.87,6.761356000000001,-0.026502604335759905,0.07007470631588072,0.04637982811942675,-2.082312819335095,a,long_a_short_h
2019-07-18,4.82,6.60744,-0.017806902361841903,0.06890739118660186,0.04681581508373128,-1.8522435931821977,a,long_a_short_h
2019-07-19,4.84,6.730536000000001,-0.028909032369150545,0.06739559262973475,0.0470222254617567,-2.0480660805220734,a,long_a_short_h
2019-07-22,4.76,6.730536000000001,-0.045576084854362264,0.06598958936003059,0.04785632665226984,-2.331262803036331,a,long_a_short_h
2019-07-23,4.76,6.8023880000000005,-0.05434514817269931,0.06449968441446036,0.04879509117848655,-2.4355899275285626,a,long_a_short_h
2019-07-24,4.78,6.74084,-0.04264647572389735,0.06311677590291177,0.049461586884451444,-2.1382907077746114,a,long_a_short_h
2019-07-25,4.78,6.8023880000000005,-0.050152269912663305,0.06176441090285265,0.05032126572857345,-2.224043437603108,a,long_a_short_h
2019-07-26,4.83,6.7510520000000005,-0.03349064070147656,0.060610164643480686,0.050905914479860745,-1.848524013495232,a,long_a_short_h
2019-07-29,4.83,6.689504,-0.0259275091798159,0.059517087443805954,0.0513458740763836,-1.664098589431198,a,long_a_short_h
2019-07-30,4.83,6.730536000000001,-0.030977285433209545,0.058272424928710966,0.051715907969839006,-1.7257689918926187,a,long_a_short_h
2019-07-31,4.81,6.638168,-0.02371521323995185,0.05715427004531456,0.052027604716772174,-1.554357224890587,a,long_a_short_h
2019-08-01,4.77,6.57662,-0.024373646788363068,0.05616907623100239,0.052444569137780846,-1.5357686094772933,a,long_a_short_h
2019-08-02,4.67,6.3406400000000005,-0.015385341916281714,0.05526394941111764,0.05273604226573,-1.3396775391563678,a,long_a_short_h
2019-08-05,4.61,6.145692,-0.0025283521477188486,0.054251517924004886,0.0526690198808064,-1.078050630146915,a,long_a_short_h
2019-08-06,4.55,6.186724000000001,-0.02112410692874489,0.05320217007266585,0.05290736252452108,-1.4048380689353508,a,long_a_short_h
2019-08-07,4.58,6.125176000000001,-0.0062958720898125264,0.052367831441250685,0.05305061634871023,-1.1058062576588603,a,long_a_short_h
2019-08-08,4.56,6.104660000000001,-0.007901643236486455,0.0515255785768203,0.05319950964725099,-1.1170633377516024,a,long_a_short_h
2019-08-09,4.56,6.043112,0.0004663811252820782,0.050584377199360334,0.05309444103375019,-0.9439405538184323,a,long_a_short_h
2019-08-12,4.57,6.00208,0.008283128552985408,0.049741791731444114,0.052955430984098044,-0.7828972856609987,a,long_a_short_h
2019-08-13,4.53,5.878984,0.01660407121967089,0.04898681862548586,0.052774867532717915,-0.613601680491935,a,long_a_short_h
2019-08-14,4.53,5.889196,0.015170882044572842,0.048291329503594604,0.05266496930650843,-0.6288895236274007,a,long_a_short_h
2019-08-15,4.5,5.817436,0.01865047158148525,0.047593372640995155,0.052496505044714425,-0.5513300558743386,a,long_a_short_h
2019-08-16,4.5,5.8379520000000005,0.015743315761099552,0.04693836975350655,0.05239855625995239,-0.5953418609025496,a,long_a_short_h
2019-08-19,4.56,5.878984,0.023204755251022835,0.046370579538644145,0.052282407478975716,-0.44309023636558753,a,long_a_short_h
2019-08-20,4.57,5.961048,0.013947888963420585,0.04582036234989735,0.05227322219336184,-0.6097285005423722,a,long_a_short_h
2019-08-21,4.56,5.950744,0.013185973762424252,0.04533428012018128,0.052303467583133936,-0.6146496177649939,a,long_a_short_h
2019-08-22,4.54,5.8995,0.015932370473761948,0.044859656255324135,0.0523097552398263,-0.552999830508445,a,long_a_short_h
2019-08-23,4.52,5.878984,0.014394125568867988,0.0440066743719111,0.05196098130140454,-0.5698997220870936,a,long_a_short_h
2019-08-26,4.48,5.612184,0.04385837894230349,0.04335790342936867,0.05146630241737224,0.009724333970529936,h,short_a_long_h
2019-08-27,4.5,5.612184,0.04831272929168384,0.04269230262647731,0.05087310250782455,0.11047933757022353,h,short_a_long_h
2019-08-28,4.5,5.66352,0.04079332792465551,0.04189326773997088,0.05013212842704161,-0.021940816195668584,a,long_a_short_h
2019-08-29,4.5,5.694248,0.03632500793047466,0.041063954509924984,0.049382438603278525,-0.09596420738800251,a,long_a_short_h
2019-08-30,4.52,6.00208,-0.0027180825089880845,0.03992610510551445,0.04879674091841762,-0.8739146674938512,a,long_a_short_h
2019-09-02,4.55,5.9302280000000005,0.013842540744782417,0.038868967118285656,0.04796221903253713,-0.5217945891228581,a,long_a_short_h
2019-09-03,4.54,5.8686799999999995,0.02025777003074447,0.03764771641800455,0.046521306545354274,-0.37380606175164877,a,long_a_short_h
2019-09-04,4.57,6.022596,0.005465254129874086,0.03632563148121995,0.045130574205477926,-0.6838020099376455,a,long_a_short_h
2019-09-05,4.6,6.073932,0.004999195441179882,0.035286833630389834,0.044392914563937375,-0.6822628900742224,a,long_a_short_h
2019-09-06,4.62,6.155996,-0.0017448893423368528,0.03411155688845513,0.043473768687902974,-0.8247834800843804,a,long_a_short_h
2019-09-09,4.67,6.166208,0.007650726344862413,0.033032286795666665,0.04249043664289409,-0.5973476023350998,a,long_a_short_h
2019-09-10,4.69,6.23806,0.002357265528068808,0.03193128844732547,0.04154085538571958,-0.7119261903649501,a,long_a_short_h
2019-09-11,4.67,6.299608000000001,-0.010024036808123027,0.03099666270169715,0.04120851840037403,-0.9954422314161107,a,long_a_short_h
2019-09-12,4.64,6.273296000000001,-0.01301236767739744,0.03020461234513765,0.041132664393104056,-1.0506730030788005,a,long_a_short_h
2019-09-16,4.8,6.73716,-0.03802015857809704,0.029017806637176864,0.04102845823729292,-1.6339382003474743,a,long_a_short_h
2019-09-17,4.74,6.779296,-0.05574759569197907,0.027628883818116626,0.041053560878537634,-2.0309195530389186,a,long_a_short_h
2019-09-18,4.67,6.684444,-0.058990030646671965,0.026212530268093195,0.04108588636795879,-2.0737671362789722,a,long_a_short_h
2019-09-19,4.69,6.631728000000001,-0.04817818396378515,0.024926441626066127,0.04097786461330345,-1.7840028093147118,a,long_a_short_h
2019-09-20,4.71,6.631728000000001,-0.043922858393646846,0.023773646274307052,0.04095247203273907,-1.653050507276693,a,long_a_short_h
2019-09-23,4.7,6.547364,-0.035475713440530354,0.022580737045068962,0.040571137437190735,-1.430979118479931,a,long_a_short_h
2019-09-24,4.68,6.589592000000001,-0.04504906876540549,0.021519523177194973,0.04066141315723772,-1.6371440826510295,a,long_a_short_h
2019-09-25,4.6,6.47358,-0.04762298692389266,0.020700568317491674,0.04105747543966165,-1.6640953811637325,a,long_a_short_h
2019-09-26,4.56,6.431444000000001,-0.05096407022813243,0.01989540747438632,0.04150888632215716,-1.7070917574749396,a,long_a_short_h
2019-09-27,4.57,6.304852,-0.03235703589303762,0.019304368169918467,0.041745051974534486,-1.2375455681423233,a,long_a_short_h
2019-09-30,4.63,6.304852,-0.01931337270100819,0.018843677798662865,0.04186446822920412,-0.9114423785527312,a,long_a_short_h
2019-10-08,4.57,6.0835,-0.002843717457517103,0.01843863051754079,0.041836965693507894,-0.5086972160211037,a,long_a_short_h
2019-10-09,4.56,6.041272,0.0007178563563146056,0.017960785163026502,0.04170789783201676,-0.41342119126117854,a,long_a_short_h
2019-10-10,4.55,6.062432,-0.004364886112261601,0.017326774333452397,0.041461415890049286,-0.5231770305007838,a,long_a_short_h
2019-10-11,4.61,6.34708,-0.029154865775305572,0.016676815688972946,0.041574433301732626,-1.1024006300133613,a,long_a_short_h
2019-10-14,4.6,6.304852,-0.025813937304101753,0.016163327709200873,0.04171648383590277,-1.0062512741588114,a,long_a_short_h
2019-10-15,4.57,6.2310680000000005,-0.02263599196953181,0.015665732502072885,0.041820936491881545,-0.9158504731007157,a,long_a_short_h
2019-10-16,4.55,6.252136,-0.02980936561473535,0.015024501744254818,0.04192410269045342,-1.0694055324217908,a,long_a_short_h
2019-10-17,4.57,6.294364000000001,-0.03098219904291888,0.014409268950634132,0.042053905987301785,-1.0793639004010473,a,long_a_short_h
2019-10-18,4.53,6.262716,-0.03561090513997023,0.013794781106859964,0.04224272952051473,-1.1695666167319243,a,long_a_short_h
2019-10-21,4.53,6.326012,-0.04391514685759179,0.013066107203890565,0.042479073105275086,-1.3413958896953044,a,long_a_short_h
2019-10-22,4.54,6.294364000000001,-0.037568391895775655,0.012407086033031528,0.042647132460475516,-1.1718367694504062,a,long_a_short_h
2019-10-23,4.52,6.273296000000001,-0.03921474007142156,0.011702721569756392,0.04279689306949077,-1.1897466846133327,a,long_a_short_h
2019-10-24,4.53,6.3575680000000006,-0.048024210782013244,0.010997110548190884,0.043079226441450735,-1.3700645579237687,a,long_a_short_h
2019-10-25,4.53,6.368148000000001,-0.0493973211536507,0.01021347071653054,0.04331674809264237,-1.3761603651015186,a,long_a_short_h
2019-10-28,4.54,6.420864,-0.054000096127342356,0.009529291753875206,0.0436787135396477,-1.4544702151896292,a,long_a_short_h
2019-10-29,4.51,6.368148000000001,-0.05382210713400637,0.008824855958190481,0.044014607367741654,-1.4233220932492259,a,long_a_short_h
2019-10-30,4.47,6.262716,-0.048944436009435544,0.008314964072127173,0.044327979779138646,-1.291721399595787,a,long_a_short_h
2019-10-31,4.4,6.199420000000001,-0.05633970498105545,0.007489494614029649,0.04460342421926142,-1.4310381032925557,a,long_a_short_h
2019-11-01,4.4,6.304852,-0.07026569987493536,0.006277099751318989,0.04472401094818532,-1.71144756481999,a,long_a_short_h
2019-11-04,4.4,6.463000000000001,-0.09072402059296603,0.0051679414010395,0.04546554276546034,-2.1091128833252064,a,long_a_short_h
2019-11-05,4.41,6.600080000000001,-0.10578577936875799,0.0038605615179995983,0.046380109902114365,-2.3640810924805304,a,long_a_short_h
2019-11-06,4.37,6.579012,-0.11225723984154046,0.002383646831068616,0.04723173298727095,-2.4272005158799708,a,long_a_short_h
2019-11-07,4.35,6.61066,-0.12080732119397442,0.0007613822905599144,0.04809132240544796,-2.5278719195869437,a,long_a_short_h
2019-11-08,4.33,6.695024,-0.13588757728193657,-0.0010113272246806007,0.04917201092549265,-2.7429476142764573,a,long_a_short_h
2019-11-11,4.24,6.494648000000001,-0.13179917122844964,-0.0027197737589110594,0.05012373406304342,-2.5752151128083995,a,long_a_short_h
2019-11-12,4.21,6.547364,-0.14557557446225333,-0.004446361195972927,0.051440211846747234,-2.743558165871056,a,long_a_short_h
2019-11-13,4.16,6.389216,-0.1373316857766056,-0.006111630785917597,0.05247882185241303,-2.500438278887436,a,long_a_short_h
2019-11-14,4.19,6.315432,-0.12055408843978688,-0.007526282118175244,0.053257443793768955,-2.1222912379965884,a,long_a_short_h
2019-11-15,4.11,6.294364000000001,-0.1370723754408889,-0.009221076504903428,0.05411728923396183,-2.3624852749599876,a,long_a_short_h
2019-11-18,4.13,6.3575680000000006,-0.1404687433040146,-0.010917198901766848,0.055014769232288534,-2.3548502740281076,a,long_a_short_h
2019-11-19,4.14,6.3365,-0.13530926297603663,-0.01270062277744871,0.055551364620467336,-2.20712202186684,a,long_a_short_h
2019-11-20,4.13,6.241648,-0.12527275283580486,-0.014352653446053763,0.05592866889723377,-1.9832422544073314,a,long_a_short_h
2019-11-21,4.19,6.157284000000001,-0.09961162082835973,-0.015859429918457225,0.05576812318847296,-1.501793248929233,a,long_a_short_h
2019-11-22,4.19,6.252136,-0.11223586464354796,-0.01751391041282204,0.0556567337040535,-1.7018956723978085,a,long_a_short_h
2019-11-25,4.27,6.283784,-0.09749235687095781,-0.01902424180988831,0.05534399175661084,-1.4178253604501971,a,long_a_short_h
2019-11-26,4.23,6.262716,-0.1041308515767263,-0.02056349285642937,0.05511865678832178,-1.5161356170421536,a,long_a_short_h
2019-11-27,4.23,6.283784,-0.10690419105330418,-0.02222721450673852,0.05468121715760832,-1.5485569076215002,a,long_a_short_h
2019-11-28,4.2,6.188932,-0.10146148245022868,-0.02386194662873713,0.054085067550122094,-1.4347682148973553,a,long_a_short_h
2019-11-29,4.18,5.988556,-0.0790560349449354,-0.02524014921097201,0.053355846684322465,-1.0086220925770841,a,long_a_short_h
2019-12-02,4.16,5.988556,-0.08385220720842845,-0.026647145841101543,0.05264614913447183,-1.0865953599229154,a,long_a_short_h
2019-12-03,4.17,5.9780679999999995,-0.08000373074323819,-0.028064502948306,0.05175924068868721,-1.0034773907779586,a,long_a_short_h
2019-12-04,4.17,5.8831240000000005,-0.06678315492484432,-0.029072700372668958,0.051319798343166696,-0.7348129916647766,a,long_a_short_h
2019-12-05,4.21,5.957,-0.06754170127011405,-0.03019509104968078,0.050666457069771055,-0.7371071983384297,a,long_a_short_h
2019-12-06,4.22,5.957,-0.06516922091648358,-0.03138088104709237,0.049791196498959966,-0.678600681349302,a,long_a_short_h
2019-12-09,4.22,5.967488,-0.06662185074050608,-0.03264546815942831,0.04872284773450809,-0.6973398346134417,a,long_a_short_h
2019-12-10,4.22,5.94642,-0.06370125513844993,-0.03379320521989794,0.047802404960674436,-0.6256599420710406,a,long_a_short_h
2019-12-11,4.22,5.988556,-0.06953215343367991,-0.03490627054450124,0.04705453936515404,-0.7358670036162476,a,long_a_short_h
2019-12-12,4.21,6.041272,-0.07914211947569005,-0.036000992578385085,0.046535669541301096,-0.9270550380502548,a,long_a_short_h
2019-12-13,4.25,6.21,-0.09243337171487886,-0.036953482988748856,0.046511033543577794,-1.1928328505998256,a,long_a_short_h
2019-12-16,4.31,6.188932,-0.07560810362389514,-0.03775180725507439,0.04634381049597699,-0.8168576550714788,a,long_a_short_h
2019-12-17,4.37,6.3575680000000006,-0.08398314116945715,-0.0384931768731503,0.04636604211694935,-0.9811051842977505,a,long_a_short_h
2019-12-18,4.35,6.579012,-0.11684440384844663,-0.03950226834071806,0.04674420022183513,-1.654582496666625,a,long_a_short_h
2019-12-19,4.35,6.579012,-0.11684440384844663,-0.040548871716013984,0.047059740528224404,-1.6212484658021833,a,long_a_short_h
2019-12-20,4.34,6.589592000000001,-0.12047283058264724,-0.041648197223422855,0.04737469175346086,-1.6638553295381813,a,long_a_short_h
2019-12-23,4.27,6.673864,-0.1472271893433139,-0.04287779878967134,0.04818406173573179,-2.1656412264692984,a,long_a_short_h
2019-12-24,4.28,6.652796,-0.1422770226905612,-0.044101114440773935,0.04882972868273105,-2.010576566740331,a,long_a_short_h
2019-12-27,4.32,6.768808000000001,-0.1472507837539685,-0.04526596421729468,0.049609555325925536,-2.0557495197578883,a,long_a_short_h
2019-12-30,4.35,6.810944,-0.1454549974873145,-0.04647468627126986,0.050270040982141176,-1.9689721607986788,a,long_a_short_h
2019-12-31,4.36,6.832012000000001,-0.14570923680779058,-0.0477532531300707,0.05082814685328522,-1.9271995880642383,a,long_a_short_h
2020-01-02,4.39,6.842592,-0.14012989655933095,-0.04893606425960891,0.05131431058118733,-1.777161794962421,a,long_a_short_h
2020-01-03,4.45,6.979672,-0.14293492035950872,-0.050155490613156585,0.0517966720133353,-1.7912237628407022,a,long_a_short_h
2020-01-06,4.66,7.232672000000001,-0.12622731003418508,-0.05123817191118805,0.05201898286169895,-1.4415725567408353,a,long_a_short_h
2020-01-07,4.57,7.190536000000001,-0.14090458367107117,-0.05229755601075493,0.05254155115824054,-1.686418191070464,a,long_a_short_h
2020-01-08,4.66,7.190536000000001,-0.12140234043962983,-0.053028873002320925,0.05288933154451305,-1.2927648249773018,a,long_a_short_h
2020-01-09,4.53,7.211604,-0.15211185780443293,-0.0540161026385936,0.05362499786576964,-1.829291544428324,a,long_a_short_h
2020-01-10,4.48,7.1378200000000005,-0.15471829182201202,-0.05496055202242777,0.05439317949624127,-1.8340119243530855,a,long_a_short_h
2020-01-13,4.46,7.243252,-0.17130108687938006,-0.05607720040576736,0.0553938724505177,-2.0800836153229767,a,long_a_short_h
2020-01-14,4.45,7.1378200000000005,-0.16143724207075705,-0.05720165572022566,0.056152823075247174,-1.8562839879101227,a,long_a_short_h
2020-01-15,4.39,6.969092,-0.1552570754501792,-0.05834707382929514,0.056741273790139476,-1.7079278477129487,a,long_a_short_h
2020-01-16,4.36,7.085104,-0.1757477865056769,-0.05957073011376619,0.05767670946100049,-2.014280243751885,a,long_a_short_h
2020-01-17,4.37,7.1272400000000005,-0.17835339129998884,-0.06067720766747975,0.0586710163001147,-2.0056953339715546,a,long_a_short_h
2020-01-20,4.37,7.021808,-0.16604630715290059,-0.06160805065898142,0.05945062679959164,-1.7567225463573504,a,long_a_short_h
2020-01-21,4.33,6.853172,-0.15516743685819745,-0.06254572533510058,0.060033546333725304,-1.5428325857715384,a,long_a_short_h
2020-01-22,4.29,7.032388000000001,-0.18576589968670087,-0.0636758389165509,0.06106585028056485,-1.9993181165776222,a,long_a_short_h
2020-01-23,4.22,6.853172,-0.18089985082467552,-0.0649042490009109,0.0619300753835483,-1.8730092141076065,a,long_a_short_h
2020-02-03,3.83,6.157284000000001,-0.1894475515698515,-0.06626691602082786,0.06285730129489996,-1.9596869896006515,a,long_a_short_h
2020-02-04,3.86,6.22058,-0.19009088296100707,-0.06759286266689285,0.06377809741161895,-1.9206910407427393,a,long_a_short_h
2020-02-05,3.89,6.326012,-0.19622792872217953,-0.06903046862924474,0.06471810665912765,-1.9654076217477734,a,long_a_short_h
2020-02-06,3.94,6.642308,-0.2237464334172623,-0.0706919085178189,0.06610630084377546,-2.315278921159827,a,long_a_short_h
2020-02-07,3.95,6.463000000000001,-0.19861298260415094,-0.07221880552355113,0.06692905647583394,-1.888479888047382,a,long_a_short_h
2020-02-10,3.95,6.420864,-0.19321152926756824,-0.07380783199954988,0.06752153797552149,-1.7683794067502676,a,long_a_short_h
2020-02-11,3.96,6.494648000000001,-0.20011841520592677,-0.07529945123519306,0.06832027947812334,-1.8269679943376353,a,long_a_short_h
2020-02-12,3.97,6.557944,-0.20560546600975171,-0.07696036451785922,0.06904746495373579,-1.863140110619401,a,long_a_short_h
2020-02-13,3.95,6.505228000000001,-0.20399101380028295,-0.07859444260589087,0.06971647208372578,-1.798664898645437,a,long_a_short_h
2020-02-14,3.95,6.505228000000001,-0.20399101380028295,-0.08029825423027057,0.0702642862311033,-1.7603930275927056,a,long_a_short_h
2020-02-17,4.02,6.463000000000001,-0.18104665888625204,-0.08187600245893088,0.0703840715219345,-1.4089928911886775,a,long_a_short_h
2020-02-18,4.0,6.326012,-0.16834272523264393,-0.08341722576270018,0.07023426049219672,-1.2091748225836205,a,long_a_short_h
2020-02-19,3.98,6.368148000000001,-0.1788374413522471,-0.08503396179100702,0.07017870661374023,-1.3366373375549554,a,long_a_short_h
2020-02-20,4.02,6.441932,-0.1783503485181388,-0.08667563529183721,0.07003691270793125,-1.308948519884144,a,long_a_short_h
2020-02-21,4.01,6.420864,-0.17813586686212113,-0.08829129514703071,0.0698905036449322,-1.2855047113629592,a,long_a_short_h
2020-02-24,3.95,6.188932,-0.16283042882652077,-0.0898415883476769,0.06945850109707905,-1.0508265989908223,a,long_a_short_h
2020-02-25,3.88,6.093988,-0.16794421863940934,-0.09135735591103383,0.06915854277939382,-1.107410012566011,a,long_a_short_h
2020-02-26,3.9,5.988556,-0.14839072834599976,-0.09270382842860402,0.0686772698497704,-0.8108490631501407,a,long_a_short_h
2020-02-27,3.86,5.8937040000000005,-0.14551575256791005,-0.09404922945395129,0.06811024078266406,-0.7556356066657514,a,long_a_short_h
2020-02-28,3.79,5.630124,-0.12603418610095574,-0.09521946538453314,0.06743439544434324,-0.45695850779674335,a,long_a_short_h
2020-03-02,3.86,5.872636000000001,-0.14255852812738223,-0.09677293961011386,0.06634193771049302,-0.6901454810842322,a,long_a_short_h
2020-03-03,3.88,5.830408,-0.13143111776503758,-0.09827080500225321,0.06505532080934116,-0.5097248364967395,a,long_a_short_h
2020-03-04,3.87,5.746136,-0.12198873375922292,-0.0996273221829522,0.063816574565366,-0.3504013138995166,a,long_a_short_h
2020-03-05,3.92,5.830408,-0.12117461759784853,-0.1009398190623549,0.06260511158762558,-0.32321320132417447,a,long_a_short_h
2020-03-06,3.89,5.598476000000001,-0.09533600436725242,-0.10171163507784044,0.06195152678466345,0.1029132136282773,h,short_a_long_h
2020-03-09,3.85,4.633764,0.05050627893268533,-0.10140610392627457,0.06261307973569791,2.426208445586959,h,short_a_long_h
2020-03-10,3.85,4.770844,0.026431291832095027,-0.10135465791126333,0.06271633595304385,2.037522565716093,h,short_a_long_h
2020-03-11,3.83,4.49144,0.07105952505159219,-0.10080803898691568,0.06392929513891688,2.6884007349845422,h,short_a_long_h
2020-03-12,3.79,4.117184,0.13240809417445343,-0.09974629816413838,0.06669930877513022,3.480611667525314,h,short_a_long_h
2020-03-13,3.77,4.180388,0.11453640449838187,-0.0987772873821324,0.06894200825955213,3.0941032509153663,h,short_a_long_h
2020-03-16,3.76,3.9642800000000005,0.15571337256641216,-0.09754343199695283,0.07211469307052962,3.5118613666659404,h,short_a_long_h
2020-03-17,3.74,3.900984,0.1636715341757573,-0.09619914642488876,0.07542034601584693,3.4456309779597585,h,short_a_long_h
2020-03-18,3.7,3.6215800000000002,0.2142904860868462,-0.09432985873409734,0.08020234686040853,3.848021372218627,h,short_a_long_h
2020-03-19,3.65,3.373824,0.25920357485234957,-0.09206139254634944,0.08615080574048445,4.077326548248761,h,short_a_long_h
2020-03-20,3.67,3.75866,0.1754693205838549,-0.09028231355333319,0.08941856118720332,2.97199631272103,h,short_a_long_h
2020-03-23,3.6,3.568864,0.19900018149226062,-0.08815941541013118,0.09318981815433101,3.0814481945530656,h,short_a_long_h
2020-03-24,3.62,3.7534159999999996,0.16290461899336894,-0.08631029332979752,0.09593453250801182,2.597760220516566,h,short_a_long_h
2020-03-25,3.63,4.03282,0.10637159929445783,-0.08502237846931214,0.09747578521947282,1.963502805674604,h,short_a_long_h
2020-03-26,3.58,3.995928,0.10009083501964255,-0.08382226435753475,0.09886272692311207,1.8602875431527492,h,short_a_long_h
2020-03-27,3.54,4.096024000000001,0.06842386243155096,-0.08295643455860073,0.09974077110163947,1.5177373838015518,h,short_a_long_h
2020-03-30,3.45,3.9905920000000004,0.0642057348324061,-0.0820459778619523,0.10058478646533296,1.454014248414841,h,short_a_long_h
2020-03-31,3.45,4.28582,0.005266885499090712,-0.08160522892509411,0.10085241299292895,0.8613786407894443,h,short_a_long_h
2020-04-01,3.4,4.233104000000001,0.0008884216533044942,-0.08117312482608212,0.10109558716974362,0.8117223389939061,h,short_a_long_h
2020-04-02,3.52,4.5494,-0.02393261808528857,-0.08110292134435089,0.10113268949805103,0.5652999395429316,h,short_a_long_h
2020-04-03,3.46,4.5125079999999995,-0.034401186571791476,-0.0812286531266074,0.10106458090136614,0.4633420149490071,h,short_a_long_h
2020-04-07,3.49,4.712884,-0.06164627596180017,-0.08171867444747644,0.10082359788087467,0.19908433052936927,h,short_a_long_h
2020-04-08,3.47,4.57056,-0.04207101298993843,-0.08207524835869522,0.10060502881500379,0.3976365380533616,h,short_a_long_h
2020-04-09,3.48,4.702304000000001,-0.06265980048826614,-0.0825610393118286,0.10036709875532512,0.1982844883469003,h,short_a_long_h
2020-04-14,3.43,4.575804000000001,-0.05461227202135488,-0.082773184363879,0.1002801328612302,0.28082244746817187,h,short_a_long_h
2020-04-15,3.4,4.338536,-0.01942730365485623,-0.08271996241680195,0.10031230666816035,0.6309560697404951,h,short_a_long_h
2020-04-16,3.39,4.407076,-0.035316700275878965,-0.08282563498602151,0.10025514304690225,0.47388027453032006,h,short_a_long_h
2020-04-17,3.4,4.4229,-0.03533096794324875,-0.08287164833875912,0.10023187049495795,0.47430702590651397,h,short_a_long_h
2020-04-20,3.4,4.49144,-0.0480298465188469,-0.08301371206772519,0.10016976891949032,0.34924574476153536,h,short_a_long_h
2020-04-21,3.37,4.3596960000000005,-0.032307782820250486,-0.0829861860483942,0.10018335729023142,0.5058565074968315,h,short_a_long_h
2020-04-22,3.33,4.343872,-0.04124545827833814,-0.08296393864356708,0.10019240260085137,0.41638367064045667,h,short_a_long_h
2020-04-23,3.4,4.449304,-0.0402461702046073,-0.08298625346280734,0.100182504865523,0.4266222262616703,h,short_a_long_h
2020-04-24,3.35,4.486196,-0.06188020927398186,-0.08317513237282867,0.10012063388196055,0.21269265158621486,h,short_a_long_h
2020-04-27,3.33,4.496684,-0.06979657146901941,-0.08335656871188707,0.10007611668032641,0.1354968367346069,h,short_a_long_h
2020-04-28,3.26,4.55998,-0.10258463468276435,-0.0837997963246297,0.10004222555510313,-0.18776909703781025,a,long_a_short_h
2020-04-29,3.27,4.633764,-0.1127768844578454,-0.08428960289405053,0.1000389857046051,-0.2847617992440672,a,long_a_short_h
2020-05-06,3.34,4.544156,-0.0754703754750976,-0.08447000513022629,0.10000309430986978,0.08999351187316677,h,short_a_long_h
2020-05-07,3.33,4.517844,-0.0736733891334207,-0.08467607973959285,0.0999547397811162,0.11007672702931509,h,short_a_long_h
2020-05-08,3.34,4.6021160000000005,-0.08593664668439693,-0.08492272092045401,0.09992074126381337,-0.010147300261373443,a,long_a_short_h
2020-05-11,3.34,4.612696,-0.08783292153823141,-0.08506911443431482,0.0999119553122985,-0.027662426336044134,a,long_a_short_h
2020-05-12,3.31,4.49144,-0.07485708875199104,-0.08493689000230668,0.099914907847624,0.10088385674826345,h,short_a_long_h
2020-05-13,3.31,4.496684,-0.07582068607240044,-0.08468718089150372,0.09989980757390891,0.08875387284949045,h,short_a_long_h
2020-05-14,3.29,4.401832000000001,-0.06427585531338398,-0.08428733602043573,0.09988455284691777,0.20034610094036437,h,short_a_long_h
2020-05-15,3.3,4.438724000000001,-0.06813313855168368,-0.08384838449841665,0.09983844391665372,0.1574067596631638,h,short_a_long_h
2020-05-18,3.32,4.786668,-0.12441154708206836,-0.08375275091341775,0.09979366385973722,-0.4074286342046494,a,long_a_short_h
2020-05-19,3.33,4.913168,-0.14294437147185368,-0.0838456275821128,0.09984392949358391,-0.5919112377637205,a,long_a_short_h
2020-05-20,3.31,4.8341400000000005,-0.1355776490390035,-0.08376231153691904,0.09979614529462472,-0.5192118127319629,a,long_a_short_h
2020-05-21,3.33,4.7814239999999995,-0.12049883697035035,-0.0836220377968669,0.09973202483319137,-0.3697588536396651,a,long_a_short_h
2020-05-22,3.27,4.544156,-0.09665119755454454,-0.08342284703948989,0.09968149942163178,-0.13270617508572488,a,long_a_short_h
2020-05-25,3.24,4.596872,-0.11539261463347228,-0.08324218236609475,0.09960306242473291,-0.3227855799280535,a,long_a_short_h
2020-05-26,3.25,4.6601680000000005,-0.1236040383806769,-0.08310164315840027,0.09953351132281972,-0.4069221982023133,a,long_a_short_h
2020-05-27,3.22,4.691724000000001,-0.13845063636773736,-0.08312782126999778,0.09954776981411743,-0.5557413812588892,a,long_a_short_h
2020-05-28,3.21,4.639008,-0.1322299498136208,-0.08318579791147958,0.09957454362920164,-0.4925370492760996,a,long_a_short_h
2020-05-29,3.18,4.5494,-0.12551241090320864,-0.08340163782877,0.09963849881223594,-0.4226355633257222,a,long_a_short_h
2020-06-01,3.21,4.760264,-0.1535375736351985,-0.08374581873703374,0.09981012413143997,-0.6992452469676921,a,long_a_short_h
2020-06-02,3.22,4.81298,-0.15952187717863486,-0.08426273140626438,0.10004226940658068,-0.7522734761894557,a,long_a_short_h
2020-06-03,3.24,5.0344240000000005,-0.19047635480937308,-0.08498227726653645,0.10049585829260653,-1.0497355745316106,a,long_a_short_h
2020-06-04,3.23,5.0621160000000005,-0.19809740705049284,-0.08574222073317968,0.10100652475535814,-1.1123557274091147,a,long_a_short_h
2020-06-05,3.21,5.16166,-0.2203898419540511,-0.08673329039571152,0.10174283232275984,-1.3136704424970154,a,long_a_short_h
2020-06-08,3.24,5.272336,-0.228606920120064,-0.08797954777217094,0.1025606471626394,-1.3711630751011927,a,long_a_short_h
2020-06-09,3.25,5.2833760000000005,-0.22725261655515405,-0.08917455118339365,0.10334458408049423,-1.3360938708139032,a,long_a_short_h
2020-06-10,3.23,5.2556840000000005,-0.22908581919016657,-0.09041690192045139,0.10412654351732274,-1.331734566284205,a,long_a_short_h
2020-06-11,3.2,5.122928,-0.2172900179884607,-0.09167112577931485,0.1047440889009892,-1.19929337805295,a,long_a_short_h
2020-06-12,3.18,4.885016,-0.18429014490044238,-0.09264402947623426,0.10505980864008643,-0.8723232662470297,a,long_a_short_h
2020-06-15,3.16,4.7633,-0.16976299021991847,-0.09351564422042953,0.10526362851610513,-0.7243465485119891,a,long_a_short_h
2020-06-16,3.19,4.96248,-0.19414269290164232,-0.09457831790510568,0.10563288102455355,-0.942550974950628,a,long_a_short_h
2020-06-17,3.18,4.973612,-0.1991327876072575,-0.0957069140090124,0.10602297822538452,-0.975504323019313,a,long_a_short_h
2020-06-18,3.21,4.907188,-0.1786400210413741,-0.09661614623907652,0.10626419174673932,-0.7718863095273527,a,long_a_short_h
2020-06-19,3.21,4.9404,-0.18421019440384057,-0.09749171353014445,0.10655147163315633,-0.8138646941663765,a,long_a_short_h
2020-06-22,3.19,4.923748,-0.18767210964350522,-0.09828536967954966,0.1068677045558364,-0.8364242531030751,a,long_a_short_h
2020-06-23,3.18,4.968000000000001,-0.19820047231969085,-0.09930697275201464,0.10723443161637294,-0.9222177809592342,a,long_a_short_h
2020-06-24,3.18,4.868456,-0.18148598086589707,-0.10011949641615164,0.10748644322420887,-0.7569929938050036,a,long_a_short_h
2020-06-29,3.17,4.75226,-0.16468724763549014,-0.10051818678104367,0.1076376242071421,-0.596158279478159,a,long_a_short_h
2020-06-30,3.18,4.768912,-0.16442617843299745,-0.10091470156924824,0.10778581073132128,-0.5892378266937647,a,long_a_short_h
2020-07-02,3.28,4.973612,-0.16817056200329072,-0.1013121826644203,0.10794636895165115,-0.6193666353781302,a,long_a_short_h
2020-07-03,3.36,4.979132,-0.1449890161648777,-0.10129353122126664,0.10793856196823995,-0.4048181127007056,a,long_a_short_h
2020-07-06,3.58,5.084196,-0.09881087111623765,-0.10093131329148063,0.10787278606437509,0.019656877815110475,h,short_a_long_h
2020-07-07,3.57,4.923748,-0.07512743064871086,-0.1003302853489368,0.10781344834678469,0.23376355256869552,h,short_a_long_h
2020-07-08,3.55,4.901668,-0.07703391188767728,-0.0997601096356065,0.10775370636516285,0.21090873357908627,h,short_a_long_h
2020-07-09,3.6,4.868456,-0.057433332195918396,-0.09902447709717423,0.1077387043812732,0.3860371733640884,h,short_a_long_h
2020-07-10,3.49,4.796512,-0.07617113346507232,-0.09849148740472208,0.10769183831162114,0.207261332795367,h,short_a_long_h
2020-07-13,3.52,4.912708,-0.08737836645700336,-0.09802851612220119,0.10761856366796738,0.09896201270680811,h,short_a_long_h
2020-07-14,3.46,4.824204,-0.08955818052656062,-0.09772294004297098,0.10758987814638778,0.07588780336103104,h,short_a_long_h
2020-07-15,3.41,4.873976,-0.11259066612268165,-0.09748699073006775,0.10752541063559162,-0.14046610288056394,a,long_a_short_h
2020-07-16,3.35,4.790992,-0.11616162247000372,-0.09744331808032086,0.10751667945618543,-0.17409674930772798,a,long_a_short_h
2020-07-17,3.33,4.7633,-0.11736271382638663,-0.09715374188050381,0.10741494964882417,-0.18813928612314015,a,long_a_short_h
2020-07-20,3.41,4.73018,-0.08786078884079163,-0.09659659602232697,0.10728717567854618,0.0814245237260189,h,short_a_long_h
2020-07-21,3.39,4.75778,-0.09854756107052998,-0.09599031664058656,0.10706681201973287,-0.023884566857861646,a,long_a_short_h
2020-07-22,3.5,4.840764,-0.08089364346324968,-0.09531911998552398,0.1069054209735766,0.13493681041525285,h,short_a_long_h
2020-07-23,3.45,4.785472,-0.08579573966688381,-0.0947402755206632,0.10676611695974013,0.08377691451635584,h,short_a_long_h
2020-07-24,3.42,4.713528,-0.08202029545830403,-0.09395921309526842,0.10651104878119588,0.1120908842188789,h,short_a_long_h
2020-07-27,3.39,4.75226,-0.09758891413232029,-0.09328617578553786,0.10622808257945121,-0.040504716288786324,a,long_a_short_h
2020-07-28,3.39,4.7633,-0.09950509642638017,-0.09273166569615017,0.1060185491292444,-0.06388910983843675,a,long_a_short_h
2020-07-29,3.42,4.713528,-0.08202029545830403,-0.09212210618448441,0.10586672764991739,0.09542007154112943,h,short_a_long_h
2020-07-30,3.39,4.669276000000001,-0.08304150039089597,-0.09126606952368602,0.10551790163389614,0.0779447752981852,h,short_a_long_h
2020-07-31,3.38,4.53652,-0.062176640860126975,-0.09027670944064813,0.1052265982433428,0.26704340014430633,h,short_a_long_h
2020-08-03,3.4,4.508828,-0.05122062487097834,-0.08912481838482417,0.10488789933566563,0.3613781356469311,h,short_a_long_h
2020-08-04,3.44,4.641584000000001,-0.06348784458403256,-0.08806979306501606,0.10449979448483697,0.23523441938012962,h,short_a_long_h
2020-08-05,3.42,4.713528,-0.08202029545830403,-0.0871180627878171,0.10402546383027678,0.049004994948451834,h,short_a_long_h
2020-08-06,3.44,4.779952,-0.08774540297319056,-0.08598472086744983,0.10326246660503002,-0.017050552476876014,a,long_a_short_h
2020-08-07,3.38,4.696968000000001,-0.09087877191697169,-0.08508693577839001,0.10274204495321909,-0.05637259936979884,a,long_a_short_h
2020-08-10,3.39,4.708008,-0.08986327286512097,-0.08422570030836961,0.10226010199871538,-0.055129737273508506,a,long_a_short_h
2020-08-11,3.38,4.851896,-0.11767774952676047,-0.08353869476104324,0.10175062479397169,-0.33551690552115243,a,long_a_short_h
2020-08-12,3.39,4.918228000000001,-0.1259367899806456,-0.08287478912746735,0.10120592109185322,-0.4254889475695373,a,long_a_short_h
2020-08-13,3.39,4.973612,-0.13518406300698405,-0.08230139787085651,0.10070764927899505,-0.5251107092135996,a,long_a_short_h
2020-08-14,3.4,4.968000000000001,-0.13130623748966075,-0.08169569140160134,0.10018683094219742,-0.49518031084027514,a,long_a_short_h
2020-08-17,3.45,4.96248,-0.11578937865512717,-0.08115188073300864,0.09981945918388477,-0.34700145848626823,a,long_a_short_h
2020-08-18,3.44,5.001212,-0.12511241468388956,-0.08079162814510234,0.09957986190432554,-0.44507780680967207,a,long_a_short_h
2020-08-19,3.43,4.973612,-0.1234537232214945,-0.08033009716067939,0.09924941971323144,-0.434497513289401,a,long_a_short_h
2020-08-20,3.39,4.979132,-0.13610006874763148,-0.07997801149592518,0.0989733295130502,-0.5670422277175821,a,long_a_short_h
2020-08-21,3.39,4.9846520000000005,-0.13701505954200477,-0.07963533810159087,0.09870143604934101,-0.5813463687775493,a,long_a_short_h
2020-08-24,3.39,4.973612,-0.13518406300698405,-0.0794049517197614,0.098537742301091,-0.5660684929921016,a,long_a_short_h
2020-08-25,3.38,5.050984,-0.15088584693317642,-0.07926279862220946,0.0984211753865193,-0.7277199040723621,a,long_a_short_h
2020-08-26,3.36,5.0621160000000005,-0.1586385703099451,-0.07934819730524234,0.09848608532361754,-0.8050921380838809,a,long_a_short_h
2020-08-27,3.36,4.885016,-0.12923036771741514,-0.07921248576482155,0.09840532910362174,-0.5082842810263283,a,long_a_short_h
2020-08-28,3.38,4.840764,-0.11578090246369044,-0.079127041734511,0.09836877741816857,-0.3726168169536437,a,long_a_short_h
2020-08-31,3.36,4.8794960000000005,-0.12829670398946025,-0.07900819320002832,0.09830008742492659,-0.5014086160103813,a,long_a_short_h
2020-09-01,3.35,4.824204,-0.12186642375921841,-0.07892848741664649,0.09826109353785366,-0.43697800214314436,a,long_a_short_h
2020-09-02,3.3,4.774432000000001,-0.1283402082403784,-0.07898141637065613,0.09828619054842787,-0.5021945768200473,a,long_a_short_h
2020-09-03,3.27,4.768728,-0.13648552789256296,-0.07910900728977874,0.09835134062515691,-0.5833832079774224,a,long_a_short_h
2020-09-04,3.27,4.73478,-0.1305857725426658,-0.07940275535790718,0.09845280170672562,-0.5198736480575152,a,long_a_short_h
2020-09-07,3.25,4.678108000000001,-0.1267769514527295,-0.08088011561111898,0.09781510561849577,-0.46922032697710364,a,long_a_short_h
2020-09-08,3.27,4.70074,-0.12462740207140155,-0.08213893806031478,0.09739357572043768,-0.43625530428256704,a,long_a_short_h
2020-09-09,3.25,4.615824,-0.11570853697480366,-0.0836953385772014,0.09641219218224958,-0.3320451249265981,a,long_a_short_h
2020-09-10,3.22,4.581876,-0.11888625975033595,-0.08578945819324132,0.094386718025485,-0.3506510476204744,a,long_a_short_h
2020-09-11,3.22,4.593192,-0.12092323510249559,-0.08775162185658196,0.0926180996197104,-0.3581547600535549,a,long_a_short_h
2020-09-14,3.23,4.581876,-0.11578548207208783,-0.09001411231190279,0.08989685046617349,-0.28667711523311185,a,long_a_short_h
2020-09-15,3.22,4.581876,-0.11888625975033595,-0.09236876059462024,0.0868449634038049,-0.30534297115673514,a,long_a_short_h
2020-09-16,3.23,4.632844,-0.12492076041567235,-0.09519552098214122,0.08217446815482472,-0.36173327434898483,a,long_a_short_h
2020-09-17,3.21,4.73478,-0.14910482030990346,-0.09859809094182669,0.0755641381702947,-0.6683954927700303,a,long_a_short_h
2020-09-18,3.24,4.6951279999999995,-0.13285758983042983,-0.10116748186194571,0.07128775238382519,-0.4445379031991257,a,long_a_short_h
2020-09-21,3.23,4.587488,-0.11679631739539609,-0.10379911935267619,0.06572567547771742,-0.19774917409751477,a,long_a_short_h
2020-09-22,3.21,4.479940000000001,-0.10341724411757114,-0.10601846821193402,0.06096851827664581,0.042665037102587504,h,short_a_long_h
2020-09-23,3.19,4.411952,-0.09703886076494883,-0.10771355537909574,0.05775697858050587,0.18482086280305932,h,short_a_long_h
2020-09-24,3.18,4.253344,-0.06994482499465193,-0.1091305192125482,0.05461640397071263,0.7174711509551069,h,short_a_long_h
2020-09-25,3.17,4.213692,-0.0653598176196577,-0.11024538321297493,0.05227692934027613,0.858611363746181,h,short_a_long_h
2020-09-28,3.18,4.219396,-0.06332731593353902,-0.11130815863602449,0.04994492572425094,0.9606750236728893,h,short_a_long_h
2020-09-29,3.17,4.242028,-0.07089448444890545,-0.11194283671892444,0.04892458295493823,0.8390128191348385,h,short_a_long_h
2020-09-30,3.19,4.219396,-0.06018759592887135,-0.11245180353210925,0.048050812537642006,1.0876862396925173,h,short_a_long_h
2020-10-09,3.2,4.332648,-0.07893044588488429,-0.11291011876377254,0.047458041491418405,0.7159939982991631,h,short_a_long_h
2020-10-12,3.24,4.326944,-0.06542003821328768,-0.11316860919411835,0.04711003174246923,1.0135542094696957,h,short_a_long_h
2020-10-14,3.19,4.19106,-0.054623142004834424,-0.1131100830778103,0.04717888946013931,1.239684565326417,h,short_a_long_h
2020-10-15,3.19,4.128776,-0.042258778904330274,-0.11311164779376356,0.047176516662342946,1.501867325147157,h,short_a_long_h
2020-10-16,3.19,4.1230720000000005,-0.04111713602284239,-0.11293212558988502,0.0474105240102879,1.5147478553803595,h,short_a_long_h
2020-10-19,3.19,4.196672,-0.05572817459877277,-0.1129414247780302,0.04739909698076385,1.2070535901238053,h,short_a_long_h
2020-10-20,3.18,4.111756,-0.04198730168370046,-0.1131294247616039,0.04706866148741597,1.5114541359312632,h,short_a_long_h
2020-10-21,3.19,4.162724000000001,-0.049020938583860696,-0.11324362674750373,0.046894582409920504,1.3695118895025449,h,short_a_long_h
2020-10-22,3.18,4.049472000000001,-0.02938263622592041,-0.11319405731652599,0.046980695994804506,1.7839544373687888,h,short_a_long_h
2020-10-23,3.19,4.343964000000001,-0.08421433500317654,-0.11349559472056207,0.046674057421164324,0.6273562088927791,h,short_a_long_h
2020-10-27,3.18,4.1684280000000005,-0.05329143420033944,-0.11367045848206282,0.046405869264848326,1.3011074943371332,h,short_a_long_h
2020-10-28,3.17,4.111756,-0.04513691058659686,-0.11370288725129832,0.04635616589870282,1.4791123324248034,h,short_a_long_h
2020-10-29,3.14,4.049472000000001,-0.042041033097844016,-0.11371784444207528,0.04633254887251596,1.547007731895995,h,short_a_long_h
2020-10-30,3.16,3.987188,-0.022891760243852977,-0.11339294070015754,0.04683310927289342,1.9324187922044678,h,short_a_long_h
2020-11-02,3.15,3.9814840000000005,-0.024879122506380025,-0.11301862862546888,0.04736100532601775,1.8610142566097398,h,short_a_long_h
2020-11-03,3.19,4.128776,-0.042258778904330274,-0.1125159131606486,0.047790902723821284,1.470094311930601,h,short_a_long_h
2020-11-04,3.19,4.106144,-0.03771971235633775,-0.11189043672646935,0.04827616046607037,1.5363840797210986,h,short_a_long_h
2020-11-05,3.19,4.151408000000001,-0.0467730323160056,-0.1116512922001436,0.04852850893328069,1.3369102267975248,h,short_a_long_h
2020-11-06,3.2,4.140092,-0.041389097276364195,-0.11138225643466812,0.048829380071356204,1.4334230550545655,h,short_a_long_h
2020-11-09,3.24,4.1797439999999995,-0.036838041518483244,-0.11097310139161884,0.04924829618689967,1.50533248077841,h,short_a_long_h
2020-11-10,3.26,4.763116,-0.13857592247653572,-0.11139595973277137,0.04926578212406421,-0.5517006240826146,a,long_a_short_h
2020-11-11,3.31,5.00664,-0.16453147575666693,-0.11214324629114368,0.04938684875923449,-1.0607728733801336,a,long_a_short_h
2020-11-12,3.27,5.0405880000000005,-0.1822701594544529,-0.11303032523599411,0.049684066168745634,-1.3936024073250057,a,long_a_short_h
2020-11-13,3.24,4.836716,-0.1573924378946665,-0.11380629675750481,0.0496433505479878,-0.8779854835750682,a,long_a_short_h
2020-11-16,3.29,4.91602,-0.1555083294327808,-0.1145344233481806,0.04960858645274754,-0.8259438338084494,a,long_a_short_h
2020-11-17,3.32,5.017956,-0.1633792352377832,-0.11485915408281158,0.04980094952017422,-0.9742802420928997,a,long_a_short_h
2020-11-18,3.3,5.029272,-0.1712817031407048,-0.11509529851338533,0.05000202072417108,-1.1236826794913677,a,long_a_short_h
2020-11-19,3.29,5.017956,-0.1724564533888997,-0.11540262188296779,0.050241725669421804,-1.135586621393781,a,long_a_short_h
2020-11-20,3.29,4.955672,-0.16214236419765782,-0.11574965127652868,0.05042072314440455,-0.9201120100610373,a,long_a_short_h
2020-11-23,3.34,5.199196000000001,-0.18667348401211403,-0.11649983699700844,0.050802432867673934,-1.381304852031166,a,long_a_short_h
2020-11-24,3.36,5.176472,-0.17708612708110594,-0.11701394960073871,0.051102412434638034,-1.1755252759779564,a,long_a_short_h
2020-11-25,3.34,5.391752,-0.21670463560779396,-0.11778978791096469,0.05190374922392717,-1.9057360821871112,a,long_a_short_h
2020-11-26,3.33,5.437016,-0.2266067814721593,-0.11852442245350155,0.05281451669838152,-2.0464517290938287,a,long_a_short_h
2020-11-27,3.33,5.3521,-0.21360764389189435,-0.11920256990415383,0.05350985137910503,-1.764255955766018,a,long_a_short_h
2020-11-30,3.34,4.604508,-0.08636575080487963,-0.11887634773666773,0.053590328304465966,0.606650452803418,h,short_a_long_h
2020-12-01,3.33,4.38932,-0.049840492203999665,-0.11801220539140775,0.05386208742682884,1.265671577991082,h,short_a_long_h
2020-12-02,3.33,4.360984,-0.04449215443145582,-0.11705362436851459,0.0541400060772289,1.3402560360549696,h,short_a_long_h
2020-12-03,3.33,4.360984,-0.04449215443145582,-0.1158370893653653,0.05411646058095625,1.3183592232012302,h,short_a_long_h
2020-12-04,3.33,4.19106,-0.011671754809235102,-0.11428354226335481,0.054410237653301836,1.885891182978371,h,short_a_long_h
2020-12-07,3.29,4.0607880000000005,0.002319318581143426,-0.11242763259222818,0.05455863807593087,2.1031857689276423,h,short_a_long_h
2020-12-08,3.26,3.9021800000000004,0.02605997720739195,-0.11030540844783272,0.05495311100105351,2.4814861828770782,h,short_a_long_h
2020-12-09,3.24,3.800244,0.04176496765338,-0.10806359524609493,0.05562533333041758,2.693531057323916,h,short_a_long_h
2020-12-10,3.25,3.709624,0.06477697573019192,-0.1056147386217586,0.05671060278359326,3.004583023075289,h,short_a_long_h
2020-12-11,3.27,3.9362200000000005,0.02195032934375507,-0.10362106906065681,0.05695638284344592,2.204694050701319,h,short_a_long_h
2020-12-14,3.25,4.0721039999999995,-0.012211250363370674,-0.10218707827284787,0.057074403132174,1.5764655076831806,h,short_a_long_h
2020-12-15,3.22,3.9645560000000004,0.0006182834970687168,-0.10076723432520633,0.0574969151797475,1.7633209974017303,h,short_a_long_h
2020-12-16,3.22,3.9645560000000004,0.0006182834970687168,-0.0991442261885504,0.057587746980870276,1.7323565326971138,h,short_a_long_h
2020-12-17,3.27,4.00982,0.006652092003664345,-0.0974293521917927,0.05764916618571473,1.8054284403726222,h,short_a_long_h
2020-12-18,3.3,4.106144,-0.003818160680656435,-0.09597250335545342,0.057788438441575496,1.594684770171903,h,short_a_long_h
2020-12-21,3.29,4.106144,-0.006853064375810458,-0.0944945272718865,0.057780749401788366,1.5167934615497294,h,short_a_long_h
2020-12-22,3.21,4.111756,-0.0325975613338616,-0.09320223936930612,0.0574122609180812,1.0556051454221325,h,short_a_long_h
2020-12-23,3.21,4.10044,-0.030321752314830253,-0.09180325003593229,0.056875097040034815,1.08099152213885,h,short_a_long_h
2020-12-24,3.22,4.157112000000001,-0.03854644534639262,-0.09061208723993643,0.056476473402805955,0.9218996647010363,h,short_a_long_h
2020-12-28,3.21,4.247732,-0.05946478534474964,-0.08973523338751359,0.0561325123377541,0.5392676504594003,h,short_a_long_h
2020-12-29,3.2,4.1797439999999995,-0.0492605615170405,-0.08877551991321393,0.05582845497611038,0.7077924404872448,h,short_a_long_h
2020-12-30,3.2,4.08342,-0.030007060330009327,-0.08762415739926993,0.05560154104886353,1.0362500028304211,h,short_a_long_h
2020-12-31,3.22,4.066492,-0.02034602765313198,-0.08658546582833872,0.0556850678333827,1.1895368139517069,h,short_a_long_h
2021-01-04,3.25,3.9928,0.004029713344572583,-0.08572846095783196,0.05628348878396868,1.594751431399727,h,short_a_long_h
2021-01-05,3.24,3.9985039999999996,-0.00023081757188481156,-0.08510432251552508,0.05681479726322015,1.493862673669775,h,short_a_long_h
2021-01-06,3.29,4.1684280000000005,-0.019285066215144475,-0.08462308213492062,0.05712744658718272,1.1437237234131092,h,short_a_long_h
2021-01-07,3.29,4.106144,-0.006853064375810458,-0.0842015799030864,0.05751502885360802,1.344840071699342,h,short_a_long_h
2021-01-08,3.33,4.032452,0.020186613243150076,-0.08339859868051788,0.05829542842655375,1.7769011176266538,h,short_a_long_h
2021-01-11,3.27,4.055084,-0.002617490937341538,-0.08269225805118736,0.058758468643582216,1.3627783188082088,h,short_a_long_h
2021-01-12,3.34,4.134388,0.002569420214803886,-0.08192452804500933,0.05926766251713319,1.4256332149996225,h,short_a_long_h
2021-01-13,3.38,4.360984,-0.02958874892888108,-0.08123284540172766,0.05939097442781374,0.8695613596240446,h,short_a_long_h
2021-01-14,3.36,4.632844,-0.08546192367512462,-0.08097701457843699,0.05930531067814195,-0.07562407220202996,a,long_a_short_h
2021-01-15,3.32,4.581876,-0.08830283637825587,-0.08073484893303591,0.05921474778916417,-0.12780578703410164,a,long_a_short_h
2021-01-18,3.29,4.672496000000001,-0.11355314042153197,-0.08094895186287542,0.059287133296058725,-0.5499370056542101,a,long_a_short_h
2021-01-19,3.3,4.774432000000001,-0.1283402082403784,-0.08119722392262414,0.05942367183968851,-0.7933367773862116,a,long_a_short_h
2021-01-20,3.31,4.768728,-0.12432732341275354,-0.08155917125553667,0.05955394086479162,-0.7181414283618209,a,long_a_short_h
2021-01-21,3.29,4.678108000000001,-0.11454438301709513,-0.0817987432834551,0.059628904300618644,-0.5491571598993862,a,long_a_short_h
2021-01-22,3.24,4.4175640000000005,-0.08253619013454094,-0.08180304240575707,0.05962893900577556,-0.012295166424357452,a,long_a_short_h
2021-01-25,3.22,4.411952,-0.08767841800538512,-0.08172045493803262,0.05961375267680036,-0.09994276152440797,a,long_a_short_h
2021-01-26,3.22,4.304312,-0.06728137089779573,-0.08145192389196108,0.059605543851448235,0.2377388423714726,h,short_a_long_h
2021-01-27,3.22,4.564856000000001,-0.11581302306148711,-0.08173352995532095,0.05968802139967177,-0.570960341907959,a,long_a_short_h
2021-01-28,3.2,4.485552,-0.1075711928075902,-0.08193794405879341,0.05973452387415989,-0.429119495499742,a,long_a_short_h
2021-01-29,3.17,4.315628,-0.0850993001890199,-0.08212896621986751,0.05970744461041496,-0.04974813423239795,a,long_a_short_h
2021-02-01,3.16,4.457216000000001,-0.1149167435989924,-0.08265976720926763,0.05971348938324795,-0.5401958037102109,a,long_a_short_h
2021-02-02,3.17,4.62714,-0.14265395776352863,-0.08331948481909676,0.05993679513451455,-0.9899507107657173,a,long_a_short_h
2021-02-03,3.17,4.79136,-0.17145380791943632,-0.0840647640896062,0.06047412308472078,-1.4450650852332838,a,long_a_short_h
2021-02-04,3.17,4.785748000000001,-0.17048600877516207,-0.08475426913795596,0.06098596493353538,-1.4057617966796054,a,long_a_short_h
2021-02-05,3.17,4.8254,-0.17729988441944067,-0.08547444507547652,0.06156640230997672,-1.4914861986191454,a,long_a_short_h
2021-02-08,3.19,4.865052,-0.17776866764267107,-0.08620699003195612,0.06213936440094099,-1.473489123897901,a,long_a_short_h
2021-02-09,3.23,5.029272,-0.19272203437857427,-0.08683235907238789,0.06283250296058732,-1.685269093491427,a,long_a_short_h
2021-02-10,3.26,4.9783040000000005,-0.17506545865810308,-0.08724176464470004,0.06324812401389053,-1.3885580858353241,a,long_a_short_h
2021-02-18,3.4,5.731508,-0.24936289524372857,-0.08819325491333957,0.06481485297203478,-2.486615844055494,a,long_a_short_h
2021-02-19,3.35,5.612644,-0.24687200471671233,-0.089156302973565,0.06630232360360175,-2.3787356637163124,a,long_a_short_h
2021-02-22,3.45,5.69756,-0.22985833285259938,-0.09010687759187727,0.06749435613830476,-2.070565055459646,a,long_a_short_h
2021-02-23,3.47,5.890116000000001,-0.2515254575806025,-0.09116031961601655,0.0690147035045738,-2.3236372804812255,a,long_a_short_h
2021-02-24,3.38,5.45974,-0.21514758967457803,-0.09192443516979225,0.06987746785766545,-1.763417569105123,a,long_a_short_h
2021-02-25,3.43,5.584308,-0.21909242354146619,-0.09261603812640753,0.07072394042124514,-1.7883107850289652,a,long_a_short_h
2021-02-26,3.38,5.238848,-0.18104266032098448,-0.09298293479956571,0.07106956320749899,-1.2390638347433525,a,long_a_short_h
2021-03-01,3.39,5.182176,-0.16910662875220162,-0.09326562284744251,0.07130590668081419,-1.0636006108756928,a,long_a_short_h
2021-03-02,3.31,5.00664,-0.16453147575666693,-0.0933793364209716,0.0714093729492237,-0.9963977612055035,a,long_a_short_h
2021-03-03,3.34,5.187880000000001,-0.18487419176779718,-0.09359796659978703,0.07165060719767741,-1.2739072108096374,a,long_a_short_h
2021-03-04,3.36,5.1482280000000005,-0.17256806960583604,-0.09395911411552386,0.0719403516787445,-1.092696291524218,a,long_a_short_h
2021-03-05,3.43,5.2727960000000005,-0.17169203438885816,-0.09442504021490027,0.07226320098362708,-1.069244001403488,a,long_a_short_h
2021-03-08,3.5,5.380436,-0.16817750765144224,-0.09475738024541679,0.07251156607888135,-1.0125298814558181,a,long_a_short_h
2021-03-09,3.47,5.24446,-0.15564791631658115,-0.09503889268339481,0.07268306854047675,-0.8338809140870758,a,long_a_short_h
2021-03-10,3.4,5.108576,-0.15434866768536315,-0.09525562984543635,0.07282185126835886,-0.8114739849466415,a,long_a_short_h
2021-03-11,3.44,5.267092000000001,-0.1678870136449322,-0.09551730889337276,0.07302738158882852,-0.9909941062795863,a,long_a_short_h
2021-03-12,3.45,5.0859440000000005,-0.13608330846590988,-0.09556312169273312,0.07305128670754996,-0.5546813560641765,a,long_a_short_h
2021-03-15,3.5,5.1651560000000005,-0.13445693302195227,-0.09562712153914332,0.07308222042569285,-0.5313167998540711,a,long_a_short_h
2021-03-16,3.47,5.136912,-0.13853732458205337,-0.09574303756006541,0.07313961318532416,-0.5851040928197696,a,long_a_short_h
2021-03-17,3.44,5.068924,-0.1362179310842293,-0.09591394917764397,0.07321058893633242,-0.5505212086414943,a,long_a_short_h
2021-03-18,3.42,4.966988000000001,-0.12527288353260868,-0.09596717104249625,0.07322974837618788,-0.4001886274354832,a,long_a_short_h
2021-03-19,3.35,4.73478,-0.1064154116148528,-0.09584627251343256,0.07320017083627416,-0.14438680922016003,a,long_a_short_h
2021-03-22,3.38,4.723464,-0.09552405888203142,-0.09567742732018208,0.07317715622249683,0.0020958513020695856,h,short_a_long_h
2021-03-23,3.35,4.678108000000001,-0.09647160195740057,-0.09549063850524095,0.07314601725246264,-0.013411030278980638,a,long_a_short_h
2021-03-24,3.31,4.593192,-0.09335640526984101,-0.09522760221235901,0.07309603222127146,0.025599158882572946,h,short_a_long_h
2021-03-25,3.32,4.576172000000001,-0.08727416048072034,-0.0947123467137825,0.0729307951734213,0.10198964943923859,h,short_a_long_h
2021-03-26,3.33,4.729076,-0.11140801743756024,-0.09453360027717525,0.07286277288834997,-0.2315917510611655,a,long_a_short_h
2021-03-29,3.33,4.689424,-0.10445476770285289,-0.09443075402973738,0.07283979132269183,-0.13761727609442942,a,long_a_short_h
2021-03-30,3.33,4.661088,-0.09944974112495752,-0.09439769150479896,0.0728365783789131,-0.0693614353199928,a,long_a_short_h
2021-03-31,3.33,4.604508,-0.0893642538011361,-0.09433373644676717,0.07283760916372854,0.06822687760742356,h,short_a_long_h
2021-04-01,3.32,4.593192,-0.0903398117304155,-0.09450369466956521,0.07280400913971112,0.057193044563785024,h,short_a_long_h
2021-04-07,3.31,4.61012,-0.09639423831181348,-0.09476231484199983,0.07275471675081886,-0.022430483447594293,a,long_a_short_h
2021-04-08,3.3,4.42888,-0.06629969560759652,-0.09478708467261697,0.07274442981600933,0.3916092151257889,h,short_a_long_h
2021-04-09,3.31,4.479940000000001,-0.07273999187052405,-0.09480246390113047,0.0727395310446337,0.30330786731452347,h,short_a_long_h
2021-04-12,3.32,4.5195,-0.07698354678418018,-0.09494243015825804,0.07268850657999122,0.24706634128346994,h,short_a_long_h
2021-04-13,3.29,4.479940000000001,-0.07880061648221504,-0.09494134824656912,0.07268874787442291,0.2220526867822626,h,short_a_long_h
2021-04-14,3.29,4.559152,-0.09327430414093207,-0.0951734671292995,0.07263814076880516,0.026145534126653075,h,short_a_long_h
2021-04-15,3.31,4.632844,-0.1004547082612659,-0.09555539684810309,0.07254356546939546,-0.06753612648429481,a,long_a_short_h
2021-04-16,3.34,4.774432000000001,-0.11629186972420391,-0.09617233927160204,0.0724011639083699,-0.27788959964876975,a,long_a_short_h
2021-04-19,3.33,4.751708000000001,-0.11535060560207722,-0.09679095151809566,0.07224376943623848,-0.2569031797318119,a,long_a_short_h
2021-04-20,3.31,4.73478,-0.11842756806285637,-0.09731344646362969,0.07217098836751973,-0.2925569134747919,a,long_a_short_h
2021-04-21,3.28,4.661088,-0.11457862272125774,-0.09791837413894268,0.07200739500931817,-0.23136857791007615,a,long_a_short_h
2021-04-22,3.23,4.638456000000001,-0.12592048181376803,-0.09855920366585856,0.07191069430639989,-0.3804896950560297,a,long_a_short_h
2021-04-23,3.23,4.632844,-0.12492076041567235,-0.09935535470077315,0.07166683410320875,-0.35672575794379274,a,long_a_short_h
2021-04-26,3.23,4.62714,-0.12390340841815273,-0.0996860969792313,0.07168795052134239,-0.3378156477176962,a,long_a_short_h
2021-04-27,3.21,4.62714,-0.13011460851079337,-0.1003262900984851,0.07161313876775323,-0.41596163671744685,a,long_a_short_h
2021-04-28,3.23,4.61012,-0.12086029046621993,-0.10095731826414861,0.071456195057,-0.27853389319421346,a,long_a_short_h
2021-04-29,3.26,4.666792000000001,-0.12170479660787747,-0.10162118296006555,0.07127405935350738,-0.28178012912384537,a,long_a_short_h
2021-04-30,3.29,4.666792000000001,-0.1125444272092131,-0.10236828851811022,0.0709108215022329,-0.1435061458254638,a,long_a_short_h
2021-05-06,3.4,4.893296,-0.1187944293470602,-0.1031509160751159,0.07056582567764962,-0.22168681683687977,a,long_a_short_h
2021-05-07,3.44,4.938652,-0.11471742796012241,-0.10375473815058082,0.07035008103957786,-0.1558305214086981,a,long_a_short_h
2021-05-10,3.55,5.1651560000000005,-0.12027229802999595,-0.10444267636452799,0.07010210730868717,-0.22580807158569294,a,long_a_short_h
2021-05-11,3.54,4.983916,-0.09359631357659293,-0.10483287037503289,0.06990845959450262,0.16073243300762943,h,short_a_long_h
2021-05-12,3.64,5.000936,-0.06855463036132159,-0.10505924981740751,0.0697450810082921,0.5234006316767462,h,short_a_long_h
2021-05-13,3.64,4.887684000000001,-0.04963855271427042,-0.10516592074403909,0.06964958737870115,0.797239009153828,h,short_a_long_h
2021-05-14,3.6,4.8706640000000005,-0.057807771359235316,-0.10449285281806157,0.06971423912437695,0.6696635012473643,h,short_a_long_h
2021-05-17,3.61,4.836716,-0.049257995354115014,-0.10353224048137363,0.06967417937835027,0.778972147379509,h,short_a_long_h
2021-05-18,3.78,4.98962,-0.028943597095756113,-0.1022545191283845,0.06962398158443663,1.0529550359558282,h,short_a_long_h
2021-05-20,3.61,4.814084,-0.04538486314650947,-0.10132112267214985,0.06962937772251918,0.8033428037882603,h,short_a_long_h
2021-05-21,3.64,4.780044,-0.031249086666471637,-0.10028562898243061,0.06974063269485077,0.9899041584269456,h,short_a_long_h
2021-05-24,3.58,4.802676,-0.05177061670433791,-0.09935555716131857,0.06963627261778023,0.6833355472393677,h,short_a_long_h
2021-05-25,3.66,4.848032,-0.037432395474329416,-0.09824014626409877,0.06954642097184326,0.8743476650565258,h,short_a_long_h
2021-05-26,3.63,4.831012,-0.04275867505207054,-0.09715933144462521,0.06939097668877774,0.7839730608857769,h,short_a_long_h
2021-05-27,3.6,4.79136,-0.04425155034656125,-0.09617690799586606,0.06929770328011081,0.7493084935212845,h,short_a_long_h
2021-05-28,3.62,4.814084,-0.04261860965361941,-0.09497645070954527,0.06896378048498693,0.7592078144167851,h,short_a_long_h
2021-05-31,3.58,4.774432000000001,-0.04689987630020398,-0.09389156528637109,0.06868466980756409,0.6841656095577826,h,short_a_long_h
2021-06-01,3.65,4.9329480000000006,-0.054507411977504416,-0.09253992175611868,0.06783824734786946,0.5606352060304034,h,short_a_long_h
2021-06-02,3.65,4.972600000000001,-0.061118772147850775,-0.09116085501174943,0.06676350178763699,0.44997763837279336,h,short_a_long_h
2021-06-03,3.68,4.984284000000001,-0.05487126089825489,-0.08983805182013578,0.06588379105199717,0.5307343485180476,h,short_a_long_h
2021-06-04,3.64,4.966804,-0.06289916118410188,-0.0896424969066293,0.06592899508964102,0.40563845522240366,h,short_a_long_h
2021-06-07,3.68,5.083368,-0.07112642150184767,-0.08981987965077803,0.06584959463665206,0.2838811423529331,h,short_a_long_h
2021-06-08,3.66,5.106736,-0.08036346482110535,-0.09011880723735845,0.06572339687559609,0.14843028327824276,h,short_a_long_h
2021-06-09,3.79,5.25826,-0.06960658972476508,-0.090328094198136,0.06561678447811026,0.3157957927713391,h,short_a_long_h
2021-06-10,3.81,5.25826,-0.0643434196804904,-0.0907670247387298,0.06526141296276927,0.40488864489210036,h,short_a_long_h
2021-06-11,4.02,5.328272,-0.02161333078976746,-0.09096646348348741,0.0650106380165099,1.0667966783545064,h,short_a_long_h
2021-06-15,4.05,5.200024,0.005941088384080473,-0.09113412089034835,0.06473164359961414,1.4996561785897164,h,short_a_long_h
2021-06-16,4.12,5.18834,0.02493494614886682,-0.09127437106955262,0.06445893725569209,1.802842587327291,h,short_a_long_h
2021-06-17,4.05,5.15338,0.013381851364577368,-0.0917026637725994,0.06357807919647568,1.652841930194738,h,short_a_long_h
2021-06-18,3.99,5.048408,0.015450936725988962,-0.09175682537774744,0.06348314310771068,1.688759517181419,h,short_a_long_h
2021-06-21,3.96,5.0542039999999995,0.006956193044020509,-0.09159709668268586,0.06370868082692283,1.54693659400115,h,short_a_long_h
2021-06-22,4.17,5.194136,0.03607582184283675,-0.09130161719647113,0.06422014045191739,1.9834500227335587,h,short_a_long_h
2021-06-23,4.17,5.2233,0.031452125656283636,-0.091044668511811,0.06465124517675487,1.8947321715643914,h,short_a_long_h
2021-06-24,4.18,5.229096,0.032931507210556266,-0.0908256733850869,0.06502836594458633,1.903126101939919,h,short_a_long_h
2021-06-25,4.19,5.363232,0.014404974333938947,-0.09067381392663193,0.06525414642868921,1.6103005557723857,h,short_a_long_h
2021-06-28,4.15,5.299108,0.014745455380059891,-0.09049382626199967,0.06551654793397815,1.6063007737848232,h,short_a_long_h
2021-06-29,4.13,5.147492000000001,0.0338864288887224,-0.08993979301014482,0.06628683433715155,1.8680364379607546,h,short_a_long_h
2021-06-30,4.17,5.147492000000001,0.04352505772649118,-0.08932440292646712,0.06718171115785948,1.9774646754798602,h,short_a_long_h
2021-07-02,4.12,5.200024,0.023077370627067717,-0.0888108711266883,0.06780574126744648,1.6501293203540792,h,short_a_long_h
2021-07-05,4.09,5.240780000000001,0.009322117156699283,-0.08823764693917621,0.06834453422373951,1.4274698804222454,h,short_a_long_h
2021-07-06,4.14,5.316588,0.009613370206543959,-0.0877470308414797,0.06883623187937248,1.4143772601997808,h,short_a_long_h
2021-07-07,4.04,5.18834,0.005326474760490418,-0.08745258471572553,0.06916009687252302,1.3415114158562818,h,short_a_long_h
2021-07-08,3.93,4.896884,0.025464274654493302,-0.0870708321964953,0.06965826547091268,1.6155312810362767,h,short_a_long_h
2021-07-09,3.93,4.90268,0.024487434327122193,-0.0869003511883074,0.06990768520527971,1.5933553684168782,h,short_a_long_h
2021-07-12,3.89,4.8793120000000005,0.018202619977540913,-0.08674673920872886,0.07011966030146005,1.496718020809985,h,short_a_long_h
2021-07-13,3.9,4.890996,0.018794932226458894,-0.08642940588838216,0.07051259661993305,1.492277169737576,h,short_a_long_h
2021-07-14,3.85,4.838556,0.014793288834537455,-0.08624901961162926,0.07074518498694106,1.4282570391867409,h,short_a_long_h
2021-07-15,3.83,4.797708,0.016586049125165703,-0.08627902431261246,0.07070041315704217,1.4549430313694312,h,short_a_long_h
2021-07-16,3.8,4.7335840000000005,0.01983393033829195,-0.08609192913531552,0.07095292370392102,1.492903377958388,h,short_a_long_h
2021-07-19,3.74,4.65198,0.018278788576176153,-0.08596101773230408,0.07113214851823292,1.4654387429582703,h,short_a_long_h
2021-07-20,3.7,4.570376,0.022140457910007072,-0.08552994100864668,0.07163163946228807,1.5031123080093542,h,short_a_long_h
2021-07-21,3.69,4.570376,0.019434096312263893,-0.08465580750875178,0.07226966728064979,1.4402986444755053,h,short_a_long_h
2021-07-22,3.74,4.727787999999999,0.004930232036247872,-0.08387886527196424,0.07272982080049084,1.2210823061399974,h,short_a_long_h
2021-07-23,3.71,4.7161040000000005,-0.001080153229488845,-0.08294159037869722,0.07306812978310523,1.1203439501216894,h,short_a_long_h
2021-07-26,3.65,4.593744,0.0043233366971358045,-0.08183606083755127,0.07337841992293036,1.1741789701274656,h,short_a_long_h
2021-07-27,3.7,4.52962,0.02953745014152842,-0.0805538543912656,0.07397160333442447,1.4882914465848867,h,short_a_long_h
2021-07-28,3.66,4.512048,0.021877556612562632,-0.07941700489435176,0.0744913124817122,1.3598171133282482,h,short_a_long_h
2021-07-29,3.66,4.541212,0.01655714165852107,-0.0785912271294096,0.07500393261479407,1.2685783994366613,h,short_a_long_h
2021-07-30,3.69,4.488772,0.03431186307353129,-0.07757464145375195,0.0757031862267805,1.4779629511512244,h,short_a_long_h
2021-08-02,3.68,4.5471,0.020936739618228728,-0.07683949053278509,0.07623048880212432,1.2826394227225404,h,short_a_long_h
2021-08-03,3.61,4.5471,0.0017317597821786546,-0.07585995067575453,0.07648028079332063,1.0145322382852655,h,short_a_long_h
2021-08-04,3.63,4.5528960000000005,0.006204700143619402,-0.07491181823449446,0.07678847395226568,1.056363204047246,h,short_a_long_h
2021-08-05,3.59,4.576172000000001,-0.009086740908929913,-0.0742783802404937,0.07701690880980334,0.8464587885831333,h,short_a_long_h
2021-08-06,3.59,4.7161040000000005,-0.03395982734864522,-0.07360373927174081,0.07701251656154456,0.5147723213461561,h,short_a_long_h
2021-08-09,3.58,4.704512,-0.034716960416667275,-0.0727042642938503,0.0768293732900881,0.4944372477665887,h,short_a_long_h
2021-08-10,3.59,4.704512,-0.03192755832908878,-0.07154154554726407,0.07637680787801619,0.5186651330262981,h,short_a_long_h
2021-08-11,3.63,4.745268,-0.027970301348085203,-0.07035391465203843,0.0759320675758585,0.5581780485775746,h,short_a_long_h
2021-08-12,3.63,4.797708,-0.037046105790629724,-0.069185133163465,0.0753492613502028,0.4265340734192715,h,short_a_long_h
2021-08-13,3.59,4.815188,-0.05112978831816761,-0.06812980916909414,0.07469972369010762,0.22757809548869612,h,short_a_long_h
2021-08-16,3.63,4.815188,-0.040049342541595756,-0.06685753673711932,0.07385523236486188,0.36298300522683213,h,short_a_long_h
2021-08-17,3.57,4.704512,-0.03751416503772864,-0.06571127595694953,0.07322643916925098,0.3850673505241442,h,short_a_long_h
2021-08-18,3.58,4.815188,-0.05391919040574611,-0.06408257841663301,0.07125431274868513,0.14263540856443732,h,short_a_long_h
2021-08-19,3.5,4.727787999999999,-0.06139241089482472,-0.06253691513478395,0.06923912084466333,0.016529733855617512,h,short_a_long_h
2021-08-20,3.47,4.605336,-0.04833044794143815,-0.06102418276052427,0.06751429419519496,0.18801551538680747,h,short_a_long_h
2021-08-23,3.49,4.541212,-0.031004269540418017,-0.05918650619352273,0.06524862749593198,0.43192075810118424,h,short_a_long_h
2021-08-24,3.55,4.56458,-0.018196848501099927,-0.05754525001707708,0.0637525197576828,0.6172054322799577,h,short_a_long_h
2021-08-25,3.63,4.5528960000000005,0.006204700143619402,-0.05566777398636804,0.06225491416607783,0.9938568699160014,h,short_a_long_h
2021-08-26,3.66,4.506252000000001,0.02293902157908967,-0.05396792663720076,0.061584039366977275,1.2488129880212053,h,short_a_long_h
2021-08-27,3.73,4.512048,0.040822642855011804,-0.05221851604047398,0.06126672321955144,1.5186246955312028,h,short_a_long_h
2021-08-30,3.83,4.5471,0.06088879062994379,-0.050340013820585554,0.06124996058612921,1.8159816493942114,h,short_a_long_h
2021-08-31,3.89,4.52962,0.0796137881217045,-0.048135947321506375,0.0611267425179561,2.089915643806541,h,short_a_long_h
2021-09-01,3.89,4.628704,0.06174453588536877,-0.046183342275746324,0.06086034481918835,1.77336948191406,h,short_a_long_h
2021-09-02,3.91,4.646828,0.0636456131558305,-0.044222195212873926,0.06057305076015823,1.7807887668694775,h,short_a_long_h
2021-09-03,3.98,4.665044000000001,0.07815919591714793,-0.04216938934980234,0.06051104815523207,1.988539100467492,h,short_a_long_h
2021-09-06,3.95,4.707456,0.06311921227567474,-0.04034632994486687,0.06035875483836892,1.7141762201292217,h,short_a_long_h
2021-09-07,4.04,4.7316519999999995,0.0814146701993812,-0.038381635462494,0.06045377011463492,1.9816184405821595,h,short_a_long_h
2021-09-08,4.07,4.683168,0.09731832723777467,-0.03617159095513811,0.06052717019593822,2.205454472111945,h,short_a_long_h
2021-09-09,4.15,4.7679920000000005,0.10196028342952523,-0.03418789435600948,0.061123027792817364,2.2274449205465188,h,short_a_long_h
2021-09-10,4.09,4.889156000000001,0.06667407266711067,-0.032511802641933964,0.06110805011854091,1.6231228965191684,h,short_a_long_h
2021-09-13,4.33,5.022464,0.10148198490606619,-0.03051164172953297,0.06153511721870466,2.145013003980716,h,short_a_long_h
2021-09-14,4.5,4.992196000000001,0.1449835657404217,-0.028168295922660878,0.06281677393139166,2.7564589969583384,h,short_a_long_h
2021-09-15,4.72,4.980052000000001,0.19472624057013022,-0.02550163655513805,0.0653990368297044,3.3674483264750505,h,short_a_long_h
2021-09-16,4.69,4.986124,0.18734377510494737,-0.023053643332473048,0.06779876662472656,3.103263214240942,h,short_a_long_h
2021-09-17,4.59,4.889156000000001,0.18200912668485403,-0.020740866786082342,0.07000365922123009,2.896277076462428,h,short_a_long_h
2021-09-23,4.83,4.864960000000001,0.2370724994608584,-0.017961332607596848,0.07350564230073324,3.469581709456217,h,short_a_long_h
2021-09-24,4.81,4.889156000000001,0.22882618673007005,-0.015276477674264256,0.07654959965934359,3.1888169956554346,h,short_a_long_h
2021-09-27,5.0,5.137556,0.22664247289992212,-0.012660505729425568,0.07938000398911735,3.0146506248872837,h,short_a_long_h
2021-09-28,5.23,5.43444,0.22522353785699956,-0.009855242768637569,0.08177312465859282,2.8747682274231736,h,short_a_long_h
2021-09-29,4.87,5.28908,0.17629526700701992,-0.007515659146055296,0.08305007753470053,2.2132541185921726,h,short_a_long_h
2021-09-30,4.84,5.2708639999999995,0.1729650591079448,-0.00524553581078111,0.08423075193841303,2.1157426571358173,h,short_a_long_h
2021-10-08,5.06,5.392028,0.19864876995140546,-0.0028454272795099306,0.08590052854787077,2.3456688874577347,h,short_a_long_h
2021-10-11,4.96,5.392028,0.17868802738886735,-0.0006035286201825733,0.08710011579810599,2.0584537042940263,h,short_a_long_h
2021-10-12,4.83,5.264792,0.17184866398089338,0.0016318288989233172,0.08805791974528973,1.9330099504318015,h,short_a_long_h
2021-10-15,4.79,5.258812,0.1644711171677702,0.0035549190053847063,0.08907591036473711,1.8065063551243605,h,short_a_long_h
2021-10-18,4.84,5.331492,0.1635205911012616,0.005523757196816253,0.08998181716577465,1.755875118785007,h,short_a_long_h
2021-10-19,4.8,5.331492,0.15522178828656652,0.007458801655739143,0.09068660971864262,1.629380424400753,h,short_a_long_h
2021-10-20,4.71,5.2103280000000005,0.15527739865111712,0.009409451781850244,0.09133079256426276,1.5971387390143401,h,short_a_long_h
2021-10-21,4.74,5.264792,0.15303933202339715,0.011462065416552987,0.09177046305450429,1.5427323987976245,h,short_a_long_h
2021-10-22,4.59,5.179968,0.13429539993248807,0.013418316318167605,0.0918667176017015,1.3157875536426227,h,short_a_long_h
2021-10-25,4.76,5.246668,0.16009755874551224,0.01572156155541524,0.09205192349642209,1.5684191237536569,h,short_a_long_h
2021-10-26,4.71,5.18604,0.15913584803245318,0.018008948669036327,0.0921778116127881,1.53102896341529,h,short_a_long_h
2021-10-27,4.68,5.161843999999999,0.15660789389787344,0.020300910852042404,0.09217618766563213,1.4787656823070483,h,short_a_long_h
2021-10-28,4.39,5.11336,0.10043216256172349,0.02209266739606725,0.09162037043128099,0.8550445146302269,h,short_a_long_h
2021-10-29,4.42,5.198184,0.09365615787318338,0.023922472726791842,0.09082869828392429,0.7677494719610404,h,short_a_long_h
2021-11-01,4.33,5.1739880000000005,0.07693680464112207,0.025604619102265132,0.08991354843024785,0.5709060139994236,h,short_a_long_h
2021-11-02,4.25,5.131576,0.0650853093653756,0.027179525083794533,0.08892247269700637,0.4262790173496512,h,short_a_long_h
2021-11-03,4.17,5.095144,0.051966060492139254,0.028696863992152308,0.08776181390971886,0.26514033226255007,h,short_a_long_h
2021-11-04,4.09,5.052732,0.039497679437139555,0.030033180408013636,0.08667960941359755,0.10918945174251338,h,short_a_long_h
2021-11-05,3.95,4.943712,0.0226810276946261,0.031236395610534498,0.08555037442491732,-0.1000038629102314,a,long_a_short_h
2021-11-08,3.97,4.97398,0.022691011629119018,0.03236335760085393,0.08452501069482798,-0.11443176276731021,a,long_a_short_h
2021-11-09,3.91,4.955856,0.010476784530480954,0.03344061771650011,0.08339860251762761,-0.27535033553068694,a,long_a_short_h
2021-11-10,3.91,4.968000000000001,0.008455704885498072,0.034467060490213614,0.08231068987844638,-0.3160143068066642,a,long_a_short_h
2021-11-11,3.88,4.925588,0.007833586266869474,0.035534609526020826,0.08110887091980186,-0.34152889745612824,a,long_a_short_h
2021-11-12,3.88,4.93764,0.005815488632458621,0.03636304121109625,0.08028234310111733,-0.38050150753774503,a,long_a_short_h
2021-11-15,3.88,4.919516,0.008852209122088173,0.03700809820679134,0.07974141482166731,-0.3530899112797363,a,long_a_short_h
2021-11-16,3.84,4.949784,-0.006575825088628751,0.03736695427033835,0.07944455062339614,-0.5531251547670798,a,long_a_short_h
2021-11-17,3.89,4.919516,0.011426213117261108,0.03794390414097582,0.07899769741039461,-0.33567675885481546,a,long_a_short_h
2021-11-18,3.84,4.883176000000001,0.004612128872994337,0.0383928218428684,0.07865029289136287,-0.4295049862882806,a,long_a_short_h
2021-11-19,3.89,4.9073720000000005,0.01346723602908173,0.03874624545224205,0.07844017484728934,-0.3222712018729505,a,long_a_short_h
2021-11-22,3.91,4.822548,0.03299412272291491,0.03939940366782058,0.07805914113116141,-0.08205676941977867,a,long_a_short_h
2021-11-23,3.92,4.79228,0.04074771055017834,0.039999376977959335,0.07778778094029393,0.009620194369516584,h,short_a_long_h
2021-11-24,3.99,4.816476,0.054288380398419545,0.040883201953815645,0.07733754624573054,0.1733333819773722,h,short_a_long_h
2021-11-25,3.92,4.816476,0.03658880329901848,0.04150004527692688,0.07700212158132522,-0.06378060600215314,a,long_a_short_h
2021-11-26,3.84,4.713528,0.033811520066817646,0.042138130236250945,0.07661431310938846,-0.10868217479865314,a,long_a_short_h
2021-11-29,3.82,4.695312,0.03178714110050462,0.04277178599830982,0.0762071694019972,-0.14414188302757402,a,long_a_short_h
2021-11-30,3.8,4.640756,0.036189075194048126,0.043428516705373725,0.0758036187085949,-0.09550258463458769,a,long_a_short_h
2021-12-01,3.92,4.713528,0.05443080726955318,0.044272939068455024,0.07535198694375586,0.13480557863298526,h,short_a_long_h
2021-12-02,3.94,4.72558,0.057411101455807856,0.04520559334706597,0.07480975213390424,0.16315397071353582,h,short_a_long_h
2021-12-03,3.96,4.6711160000000005,0.07204725062063,0.04631531020346998,0.07420453280641244,0.3467704659537506,h,short_a_long_h
2021-12-06,3.94,4.677188,0.06591119278396373,0.04732183065082179,0.07363747883584293,0.25244430454473415,h,short_a_long_h
2021-12-07,4.0,4.707456,0.07569799448253467,0.04847680694804377,0.07297814681707426,0.3730046420981756,h,short_a_long_h
2021-12-08,4.04,4.695312,0.08778141045507959,0.04980103888101817,0.07222751567244669,0.5258435268119038,h,short_a_long_h
2021-12-09,4.09,4.689240000000001,0.10115030087691235,0.051313653595168304,0.07137428018127943,0.69824378130563,h,short_a_long_h
2021-12-10,4.0,4.689240000000001,0.07889969194209256,0.052551205942392126,0.0705426598785271,0.3735113765921493,h,short_a_long_h
2021-12-13,4.0,4.695312,0.07783107960191149,0.05373599343641214,0.06975238489400558,0.3454374528141768,h,short_a_long_h
2021-12-14,3.92,4.652900000000001,0.06512153366913753,0.05445878397356967,0.06941359705851081,0.15361183035335146,h,short_a_long_h
2021-12-15,3.89,4.665044000000001,0.055286534251156594,0.05486999602246198,0.06926977309424559,0.006013275489265544,h,short_a_long_h
2021-12-16,3.98,4.695312,0.07281853777836722,0.055269025952707815,0.06923379039926447,0.25348188687132533,h,short_a_long_h
2021-12-17,3.98,4.774064,0.05908279497939373,0.055649867149497954,0.06912705479615096,0.04966113253369678,h,short_a_long_h
2021-12-20,3.91,4.737724,0.04764831221406385,0.055918178611898586,0.06903213518034325,-0.11979734331308305,a,long_a_short_h
2021-12-21,3.95,4.7196,0.06099162287296389,0.0563684738604731,0.06888615493879319,0.06711289106785767,h,short_a_long_h
2021-12-22,3.94,4.7679920000000005,0.0500326724967608,0.05648478094925581,0.06886338357560713,-0.09369432806639616,a,long_a_short_h
2021-12-23,4.05,4.858888,0.06197423796004542,0.05673913188512049,0.06882650475632324,0.0760623555338101,h,short_a_long_h
2021-12-24,3.98,4.9073720000000005,0.036339897695073065,0.05676753513915813,0.06881729995712034,-0.296838694003011,a,long_a_short_h
2021-12-28,3.97,4.949784,0.026717903010834876,0.05687014287813226,0.06876276367169187,-0.43849662604108514,a,long_a_short_h
2021-12-29,3.96,4.925588,0.028242457898076667,0.05698261789911574,0.06870429508666874,-0.418316787397121,a,long_a_short_h
2021-12-30,3.95,4.864960000000001,0.03594161070940771,0.056999744414288116,0.06869874525036808,-0.3065286509693214,a,long_a_short_h
2021-12-31,3.96,4.864960000000001,0.038470057062766294,0.05695761940875707,0.06870862626527587,-0.26907192518465567,a,long_a_short_h
2022-01-04,3.98,4.968000000000001,0.026200150184569893,0.05698364257173626,0.06869627666320151,-0.4481100560673638,a,long_a_short_h
2022-01-05,4.0,5.089164,0.011314162211083945,0.05700024294718946,0.06868490227250817,-0.6651546296862364,a,long_a_short_h
2022-01-06,4.01,5.1739880000000005,0.00016050394520128464,0.05692146906167827,0.0687451007149403,-0.8256728774293756,a,long_a_short_h
2022-01-07,4.25,5.204256,0.0534713970720615,0.057322676747608034,0.06858175022772636,-0.056156042427589314,a,long_a_short_h
2022-01-10,4.27,5.1739880000000005,0.06298308986725654,0.05763533354104773,0.06852078573380549,0.07804575310890562,h,short_a_long_h
2022-01-11,4.22,5.192112000000001,0.04831676424197218,0.057833911290338144,0.06845841476894643,-0.13902085054828148,a,long_a_short_h
2022-01-12,4.29,5.543552,0.01068305051120344,0.057771248211452,0.0684984257311767,-0.6874347431727414,a,long_a_short_h
2022-01-13,4.42,5.598016,0.032462388452912716,0.057885143680005774,0.06844441488244793,-0.371436519265395,a,long_a_short_h
2022-01-14,4.26,5.57382,-0.000831125367186214,0.057754940228324746,0.06854187038123585,-0.8547485685705709,a,long_a_short_h
2022-01-17,4.29,5.634356,-0.0027339646144348695,0.057593940113828075,0.06866197135532927,-0.8786217980264928,a,long_a_short_h
2022-01-18,4.42,5.664716,0.02268125762651807,0.057617667841229965,0.06864930367039679,-0.5089113559323298,a,long_a_short_h
2022-01-19,4.43,5.713108,0.017916589491716373,0.057614649515526126,0.06865105577014192,-0.5782585508477415,a,long_a_short_h
2022-01-20,4.35,5.640428,0.010265689473742956,0.0575156931118906,0.06871115148120238,-0.6876613565568617,a,long_a_short_h
2022-01-21,4.17,5.622304000000001,-0.029336379251893696,0.057109272482189284,0.06908153210862607,-1.2513568980802712,a,long_a_short_h
2022-01-24,4.27,5.664716,-0.011844611222555645,0.05696948212169925,0.06920486893259029,-0.994353351225677,a,long_a_short_h
2022-01-25,4.14,5.598016,-0.03298151979947117,0.05670363740028274,0.06949041974751247,-1.2906118213937592,a,long_a_short_h
2022-01-26,4.25,5.701056,-0.021820129678016054,0.0564857751804898,0.06969669490411806,-1.1235239341870014,a,long_a_short_h
2022-01-27,4.22,5.640428,-0.020075027578929205,0.05607233786615265,0.07000436463185065,-1.0877516829920095,a,long_a_short_h
2022-01-28,4.04,5.658644,-0.0663281040980126,0.05533729069356453,0.07082470174174882,-1.7178384348897215,a,long_a_short_h
2022-02-07,4.42,5.99794,-0.024520583084050918,0.05499497632070976,0.07111239685503148,-1.1181673367986702,a,long_a_short_h
2022-02-08,4.46,5.931240000000001,-0.006276836888151616,0.0546567371543624,0.07130786022309037,-0.85451412862313,a,long_a_short_h
2022-02-09,4.42,5.973652,-0.021169830591300398,0.05430584906928299,0.07157826744437978,-1.0544496584697598,a,long_a_short_h
2022-02-10,4.45,5.973652,-0.014405430502758332,0.05417137248357519,0.07169293714098034,-0.956534991047736,a,long_a_short_h
2022-02-11,4.67,6.028208,0.02634198412861455,0.05433918318345014,0.07160323011711214,-0.3910046936296616,a,long_a_short_h
2022-02-14,4.69,6.034280000000001,0.02978412019110488,0.05466310702595044,0.07140152748255395,-0.3484377395276932,a,long_a_short_h
2022-02-15,4.55,5.876776,0.021319570741865634,0.055123768676704696,0.07100215992158881,-0.4761009801979363,a,long_a_short_h
2022-02-16,4.54,5.9494560000000005,0.008969119476044174,0.05548781934247728,0.07064876371987802,-0.6584503028372798,a,long_a_short_h
2022-02-17,4.59,5.955528,0.01907975761683489,0.055912880308693326,0.0702708390389107,-0.5241594265220461,a,long_a_short_h
2022-02-18,4.54,5.979724,0.004778521757599963,0.05618578716790736,0.07000542023251419,-0.734332645094689,a,long_a_short_h
2022-02-21,4.49,6.058476000000001,-0.017100374768467486,0.056352001593092046,0.06980559228327825,-1.0522420046732397,a,long_a_short_h
2022-02-22,4.67,6.094816,0.017267505013904616,0.05692197903752598,0.0691971937282636,-0.5730647716631966,a,long_a_short_h
2022-02-23,4.57,6.07062,-0.001093490324108437,0.05724661113933838,0.0688288373901094,-0.847611316355464,a,long_a_short_h
2022-02-24,4.76,6.131156,0.031446969554692616,0.05782128726094189,0.0683169848836326,-0.3860579876464666,a,long_a_short_h
2022-02-25,4.62,5.937312,0.028124142523028972,0.05850498170201501,0.06759605266016262,-0.4494469422900315,a,long_a_short_h
2022-02-28,4.65,6.040352,0.020388218768341737,0.05918648694920806,0.06678447102432117,-0.5809474505942707,a,long_a_short_h
2022-03-01,4.62,6.07062,0.009788009863425762,0.05967080743091526,0.06620644267314398,-0.7534432534573254,a,long_a_short_h
2022-03-02,4.71,6.276608,0.001525309268728181,0.05994188725432482,0.06589793383613582,-0.8864705550686522,a,long_a_short_h
2022-03-03,4.78,6.446256,-0.0057458143366655445,0.06004564587236178,0.06578357082023789,-1.000119929470095,a,long_a_short_h
2022-03-04,4.68,6.3129480000000004,-0.009631845246752091,0.059913674660775344,0.06590825810954509,-1.0551867383892457,a,long_a_short_h
2022-03-07,4.79,6.458308,-0.005198423302817279,0.05967919595342611,0.06609070560115085,-0.9816451294645228,a,long_a_short_h
2022-03-08,4.75,6.167496000000001,0.024463798466689335,0.05954287225019009,0.06614677511929636,-0.5303217537096148,a,long_a_short_h
2022-03-09,4.63,6.131156,0.0037561694095067377,0.05906676707335312,0.0663423290838473,-0.8337150417788564,a,long_a_short_h
2022-03-10,4.56,6.119104,-0.009853215476921084,0.058321208710031235,0.06661165087305786,-1.0234609605588767,a,long_a_short_h
2022-03-11,4.5,5.931240000000001,0.0026517938561498866,0.057828769193121084,0.06680427933708648,-0.8259497128702596,a,long_a_short_h
2022-03-14,4.4,5.737396,0.0076183078237626045,0.057361874982020514,0.06695889198735035,-0.7428971071931014,a,long_a_short_h
2022-03-15,4.03,5.404172000000001,-0.0308091115885214,0.056453805752806605,0.06741183699466276,-1.2944746980895496,a,long_a_short_h
2022-03-16,4.09,5.567748,-0.04065522256666054,0.05558901879578715,0.06798877374161387,-1.4155901932900947,a,long_a_short_h
2022-03-17,4.13,5.767664,-0.060053905818195474,0.05441011399564068,0.06875934607160862,-1.6647048925484098,a,long_a_short_h
2022-03-18,4.23,5.961508,-0.0634270450267278,0.053070569226769816,0.06947843076530638,-1.6767450411627598,a,long_a_short_h
2022-03-21,4.19,6.0099920000000004,-0.079617195688642,0.05155742356745176,0.0703761869031718,-1.8639063158760285,a,long_a_short_h
2022-03-22,4.31,6.276608,-0.08722469464394189,0.050274933839859655,0.0714918285245152,-1.9232915330547415,a,long_a_short_h
2022-03-23,4.29,6.17964,-0.07901850381790676,0.04877076310049322,0.07229966998637732,-1.7674944704792979,a,long_a_short_h
2022-03-24,4.31,6.264464,-0.08562539758076615,0.04684902173948332,0.07278401830577713,-1.8201031270862726,a,long_a_short_h
2022-03-25,4.33,6.21598,-0.07457963938492362,0.0446048060731912,0.0723365705124089,-1.6476374897766195,a,long_a_short_h
2022-03-28,4.48,6.446256,-0.07056331441313635,0.042455580327207164,0.07188996813673244,-1.5721094009303935,a,long_a_short_h
2022-03-29,4.53,6.6159040000000005,-0.08091604022456211,0.040264537269628704,0.07160707554004354,-1.692298932476654,a,long_a_short_h
2022-03-30,4.46,6.737068,-0.1114760336609022,0.0373599661602807,0.07061915026448376,-2.1075869543000785,a,long_a_short_h
2022-03-31,4.45,6.506792000000001,-0.0850010118127329,0.034744739505757335,0.06926704066415171,-1.7287551217770323,a,long_a_short_h
2022-04-01,4.41,6.627956,-0.10926624730518175,0.031945500170714805,0.06822644963216314,-2.0697507819508005,a,long_a_short_h
2022-04-06,4.52,7.088416,-0.1400937853386337,0.028901189144084526,0.06767792854539552,-2.4970470892790915,a,long_a_short_h
2022-04-07,4.48,6.882428,-0.12462972216745172,0.026393480900963932,0.06774569563147216,-2.2292664007756655,a,long_a_short_h
2022-04-08,4.5,7.06422,-0.1417047473273232,0.023771232514003367,0.06811363949328426,-2.4294103364957005,a,long_a_short_h
2022-04-11,4.43,6.761264,-0.12118572092925972,0.02110594508999782,0.06746767621463803,-2.109034637069439,a,long_a_short_h
2022-04-12,4.4,6.700728000000001,-0.12055383583741497,0.01861226289644547,0.06712360099710746,-2.0732811807855405,a,long_a_short_h
2022-04-13,4.45,6.943056,-0.13859132391781714,0.01602526299728955,0.06715041590315367,-2.30254101684343,a,long_a_short_h
2022-04-14,4.51,7.003592,-0.13236710043450484,0.013551611183937256,0.06710346156140556,-2.1745332986274284,a,long_a_short_h
2022-04-19,4.51,7.0520760000000005,-0.13806415765254898,0.011038404944322169,0.06708709838642889,-2.222522156764396,a,long_a_short_h
2022-04-20,4.36,6.761264,-0.13711324762536092,0.008602279645056107,0.06711514456511769,-2.171127369457399,a,long_a_short_h
2022-04-21,4.16,6.591616,-0.16308570906747488,0.005949253747401173,0.06755932483783057,-2.5020226774117065,a,long_a_short_h
2022-04-22,4.25,6.664296,-0.15073728226266092,0.0034177819616840227,0.06769266930533215,-2.2772785562498443,a,long_a_short_h
2022-04-25,4.07,6.17964,-0.1316622373033287,0.001201468318052216,0.06772544765962751,-1.9617988542375278,a,long_a_short_h
2022-04-26,4.02,5.937312,-0.11098865993968898,-0.0010575835043244608,0.06689687752771108,-1.6432915929420944,a,long_a_short_h
2022-04-27,4.09,6.337144,-0.1475440047770158,-0.0036132489444033688,0.06658288822620854,-2.161677867496862,a,long_a_short_h
2022-04-28,4.17,6.56742,-0.15764790762965086,-0.0062320472904660714,0.06640804145583731,-2.280083210101587,a,long_a_short_h
2022-04-29,4.33,6.797604000000001,-0.14844430341750092,-0.008306017840292942,0.06693306816717853,-2.093707780243765,a,long_a_short_h
2022-05-05,4.39,6.67644,-0.11983047082278953,-0.010085073079426049,0.06703729376782591,-1.6370797741843663,a,long_a_short_h
2022-05-06,4.26,6.60376,-0.14085161756444164,-0.011899976597805747,0.06760722382656896,-1.9073648297914458,a,long_a_short_h
2022-05-10,4.17,6.373484,-0.1328948848933713,-0.01354981154996197,0.06812643139164223,-1.7518174797285893,a,long_a_short_h
2022-05-11,4.18,6.373484,-0.13049967416741648,-0.015070359338791603,0.06868583703242197,-1.6805402658795359,a,long_a_short_h
2022-05-12,4.13,6.373484,-0.1425335137311401,-0.016587285948527267,0.06947610784318847,-1.81279912897367,a,long_a_short_h
2022-05-13,4.16,6.458308,-0.14621376045246914,-0.017994742516419727,0.07037880267921633,-1.8218414217767587,a,long_a_short_h
2022-05-16,4.17,6.470452000000001,-0.1453641386604554,-0.01939520210216618,0.07122931403432133,-1.768498521515903,a,long_a_short_h
2022-05-17,4.21,6.652244,-0.15869886341522133,-0.020804999168380366,0.07229926585258382,-1.9072650686108306,a,long_a_short_h
2022-05-18,4.17,6.71278,-0.1757262892621574,-0.02233984911961083,0.07361588948033605,-2.083605064413688,a,long_a_short_h
2022-05-19,4.14,6.555276,-0.16333974260970407,-0.02376629352691561,0.07467706201868075,-1.8690270520802441,a,long_a_short_h
2022-05-20,4.21,6.7491200000000005,-0.17063810298538584,-0.025236740123730974,0.07581821184358423,-1.917763019281215,a,long_a_short_h
2022-05-23,4.21,6.846088,-0.182418280996264,-0.026830660874717246,0.07709531690422615,-2.018120248663481,a,long_a_short_h
2022-05-24,4.17,6.797604000000001,-0.18609580962118932,-0.028326660745821915,0.07842919121370097,-2.011612595181351,a,long_a_short_h
2022-05-25,4.29,6.918768000000001,-0.17231485242334887,-0.029857836291993664,0.07943373088281236,-1.7934070897603984,a,long_a_short_h
2022-05-26,4.32,7.027880000000001,-0.17826769834601275,-0.03138183485215206,0.0805138432012206,-1.824355386026758,a,long_a_short_h
2022-05-27,4.47,7.270208,-0.1721289606866725,-0.03292846982478335,0.08142255481088195,-1.7096060322008626,a,long_a_short_h
2022-05-30,4.46,7.367084,-0.1852996993163616,-0.03474758500844398,0.08237036472273411,-1.8277461173650165,a,long_a_short_h
2022-05-31,4.56,7.524680000000001,-0.18060486529627662,-0.03659218980716444,0.08314040264577335,-1.7321623531544614,a,long_a_short_h
2022-06-01,4.47,7.3913720000000005,-0.1857780797269739,-0.03859274364154272,0.08382072433478834,-1.7559539988888462,a,long_a_short_h
2022-06-02,4.41,7.294404,-0.18838644517312586,-0.040467537378810585,0.08463703280709392,-1.7476854148638978,a,long_a_short_h
2022-06-06,4.43,7.3913720000000005,-0.194766904295407,-0.042372357581829126,0.08551884979787623,-1.7819994898640747,a,long_a_short_h
2022-06-07,4.43,7.330744000000001,-0.1879653625435851,-0.04420362844552987,0.08626705810180503,-1.6664731273019633,a,long_a_short_h
2022-06-08,4.54,7.4882480000000005,-0.18099254452832692,-0.04601347527654966,0.0868425498664589,-1.5542964763165028,a,long_a_short_h
2022-06-09,4.67,7.649064,-0.17030731777463215,-0.04788629298525122,0.08708118492842236,-1.4058263549124494,a,long_a_short_h
2022-06-10,4.75,7.622292,-0.1504263914332462,-0.049618272092659996,0.08703615397605398,-1.1582326968206944,a,long_a_short_h
2022-06-13,4.75,7.555224,-0.14312813044637007,-0.05141140026821833,0.08672449940884311,-1.0575642500485807,a,long_a_short_h
2022-06-14,5.0,7.4882480000000005,-0.08448164414748316,-0.052664673909313724,0.08609922377086084,-0.36953840981011815,a,long_a_short_h
2022-06-15,4.94,7.38116,-0.08465944179605445,-0.05400098587830196,0.08533121266415344,-0.35928770915770325,a,long_a_short_h
2022-06-16,4.77,7.099824000000001,-0.08758742814544274,-0.05546239286663965,0.08437899708111303,-0.380723122934508,a,long_a_short_h
2022-06-17,4.7,7.046188000000001,-0.09610903278042016,-0.05710622064711742,0.0832157444996639,-0.46869510532901937,a,long_a_short_h
2022-06-20,4.39,6.791716,-0.13396701558030233,-0.05888010987647071,0.0825583942747683,-0.9095005585250325,a,long_a_short_h
2022-06-21,4.38,6.845260000000001,-0.14273232257708868,-0.060718138227962376,0.08194210755221905,-1.0008796063350132,a,long_a_short_h
2022-06-22,4.29,6.584072,-0.13136840060814436,-0.06235555434693973,0.08136754822468359,-0.8481618011966711,a,long_a_short_h
2022-06-23,4.35,6.697968,-0.13164232057507275,-0.06391329480382497,0.08088431820839322,-0.8373566999322207,a,long_a_short_h
2022-06-24,4.3,6.604128,-0.1315517719391326,-0.06561638071813747,0.08012919128719634,-0.8228635552388358,a,long_a_short_h
2022-06-27,4.34,6.778284,-0.14378710112403414,-0.06730696318566602,0.07961459670883082,-0.9606295968322724,a,long_a_short_h
2022-06-28,4.4,7.0194160000000005,-0.1589234180810426,-0.0690283942714586,0.07934092258242732,-1.1330221641447642,a,long_a_short_h
2022-06-29,4.36,6.992644,-0.16490030661609967,-0.07091082701720079,0.07890872558842693,-1.1911164310158844,a,long_a_short_h
2022-06-30,4.35,6.939100000000001,-0.16084892150814212,-0.0726681736339083,0.07853997476075572,-1.122749888102782,a,long_a_short_h
2022-07-04,4.36,6.885464000000001,-0.15214490812125558,-0.07445249985125249,0.07788489149902354,-0.9975286191542957,a,long_a_short_h
2022-07-05,4.43,6.965872,-0.14580508019571292,-0.07597037466700904,0.0774813864677567,-0.9013094462082849,a,long_a_short_h
2022-07-06,4.28,6.630992000000001,-0.13956610373635514,-0.07735607472323561,0.07711551845769317,-0.806712193049042,a,long_a_short_h
2022-07-07,4.23,6.590788,-0.14629505234077222,-0.07881055397522602,0.0767522069104161,-0.879251569199997,a,long_a_short_h
2022-07-08,4.26,6.624276000000001,-0.1434131483341443,-0.08030517696725563,0.07624345232998656,-0.8277166030435418,a,long_a_short_h
2022-07-11,4.21,6.590788,-0.15103439770466887,-0.08188438075698425,0.0757234252719066,-0.9131918781986118,a,long_a_short_h
2022-07-12,4.2,6.5640160000000005,-0.1500512846163422,-0.08335314271365851,0.07531759135891784,-0.8855586151824865,a,long_a_short_h
2022-07-13,4.18,6.416632,-0.13607140003761753,-0.0845813557323977,0.07496174395589535,-0.686884290412382,a,long_a_short_h
2022-07-14,4.16,6.3429400000000005,-0.13132883316438826,-0.08567710020831094,0.0746730897115961,-0.6113545472993598,a,long_a_short_h
2022-07-15,4.11,6.242476000000001,-0.13023667166223873,-0.08720800078109678,0.07367281639809001,-0.5840508478546164,a,long_a_short_h
2022-07-18,4.23,6.597504,-0.1471361067218735,-0.0889589940860062,0.07256179505623724,-0.8017595566755006,a,long_a_short_h
2022-07-19,4.27,6.671104000000001,-0.14688560853793486,-0.09058568052583875,0.07164066517485218,-0.7858655119223952,a,long_a_short_h
2022-07-20,4.3,6.697968,-0.14320314297614867,-0.09186806547156669,0.07118857098501369,-0.7211140326919727,a,long_a_short_h
2022-07-21,4.26,6.557300000000001,-0.13502130219310238,-0.09326376289361682,0.07036758752633653,-0.5934200782975106,a,long_a_short_h
2022-07-22,4.27,6.597504,-0.13772427253952713,-0.09440453912005298,0.06996498929560405,-0.619163010751664,a,long_a_short_h
2022-07-25,4.26,6.543868,-0.13332800680242007,-0.09549282280495287,0.0695414927388718,-0.5440663193632939,a,long_a_short_h
2022-07-26,4.31,6.697968,-0.1408802615600091,-0.0968558354648406,0.06880481809390546,-0.6398451055430967,a,long_a_short_h
2022-07-27,4.27,6.657764,-0.14523263989808788,-0.09821541237642228,0.06812643016219322,-0.6901466495415728,a,long_a_short_h
2022-07-28,4.31,6.764944000000001,-0.1490967394154612,-0.09954343261716567,0.06754476706351698,-0.7336365043897058,a,long_a_short_h
2022-07-29,4.27,6.697968,-0.15020433843513237,-0.10055066561035933,0.06739005525976957,-0.736810092132618,a,long_a_short_h
2022-08-01,4.28,6.724740000000001,-0.15115930445348158,-0.10171162138728371,0.06704818650029644,-0.7374947130893578,a,long_a_short_h
2022-08-02,4.2,6.530528,-0.14582750076776185,-0.10265200456201946,0.06686722851926394,-0.6456899315530007,a,long_a_short_h
2022-08-03,4.17,6.476892,-0.14618563781881266,-0.10368838379652609,0.06656698270132086,-0.6384134040289514,a,long_a_short_h
2022-08-04,4.16,6.45012,-0.14516613403284806,-0.1047308096836421,0.06622518443421038,-0.6105732236861544,a,long_a_short_h
2022-08-05,4.14,6.369712000000001,-0.13962626078066553,-0.10534162765599753,0.06620603086517897,-0.5178475839230531,a,long_a_short_h
2022-08-08,4.15,6.45012,-0.14757287406341302,-0.10636706341415889,0.06589593520673985,-0.6253164253603247,a,long_a_short_h
2022-08-09,4.18,6.470176,-0.1429337025586308,-0.10750587062807955,0.06533006557934426,-0.5422898571489059,a,long_a_short_h
2022-08-10,4.21,6.409916,-0.12805522444335615,-0.10839658224351334,0.06487008599836117,-0.3030463409642999,a,long_a_short_h
2022-08-11,4.26,6.537152,-0.1324800552832237,-0.10938053745001722,0.06432563793287123,-0.359102817718071,a,long_a_short_h
2022-08-12,4.3,6.697968,-0.14320314297614867,-0.11079341350922359,0.06317113978395693,-0.5130464572550886,a,long_a_short_h
2022-08-15,4.26,6.597504,-0.14006893949878108,-0.11220885567330595,0.0618846277832854,-0.4501939305999985,a,long_a_short_h
2022-08-16,4.22,6.416632,-0.12654751852636204,-0.11344108141720784,0.060663606308131404,-0.21605107092681036,a,long_a_short_h
2022-08-17,4.23,6.46346,-0.13018534176653795,-0.1146007019275627,0.05962512083466098,-0.2613770776614621,a,long_a_short_h
2022-08-18,4.19,6.423348000000001,-0.13454578242964166,-0.11588091476128334,0.058366713540697654,-0.31978616811007815,a,long_a_short_h
2022-08-19,4.25,6.483608,-0.12803852733529064,-0.11698772350372412,0.05730914408880992,-0.19282793360936415,a,long_a_short_h
2022-08-22,4.29,6.584072,-0.13136840060814436,-0.11793995705238808,0.05658018279551729,-0.23733475030095147,a,long_a_short_h
2022-08-23,4.35,6.805056,-0.14474079691757846,-0.11929002623515043,0.05524393863393493,-0.4606979754118088,a,long_a_short_h
2022-08-24,4.37,6.912236,-0.15305857660530808,-0.12055640195416044,0.05424444261015908,-0.5991798069478278,a,long_a_short_h
2022-08-25,4.5,7.247208,-0.16282335176690466,-0.12217532129850707,0.05254207190205528,-0.7736282372756519,a,long_a_short_h
2022-08-26,4.46,7.1668,-0.16253856158473767,-0.12376417716607178,0.050813216688424104,-0.7630767533656099,a,long_a_short_h
2022-08-29,4.5,7.273980000000001,-0.16586830808620134,-0.12531631488985964,0.049191763729719,-0.8243655059646171,a,long_a_short_h
2022-08-30,4.49,7.28732,-0.16960606853626947,-0.12681126554319044,0.04775637957808503,-0.8961065175199582,a,long_a_short_h
2022-08-31,4.38,7.126596,-0.17599305588649594,-0.1282905852528173,0.04647995038152854,-1.026302098907488,a,long_a_short_h
2022-09-01,4.4,7.086392000000001,-0.16676541033192915,-0.12963241521944452,0.04521962642571902,-0.8211698779396582,a,long_a_short_h
2022-09-02,4.45,7.0194160000000005,-0.14762386282710938,-0.13078234869928082,0.043877006557386085,-0.38383461975241606,a,long_a_short_h
2022-09-05,4.56,7.193572,-0.1434437597230016,-0.13193439316944902,0.04233991472224683,-0.2718325397926504,a,long_a_short_h
2022-09-06,4.6,7.250888000000001,-0.14126366193013484,-0.13331545533942255,0.03982369739662786,-0.1995848479750985,a,long_a_short_h
2022-09-07,4.58,7.114728,-0.1299664312278781,-0.13442981034473409,0.03777408177819311,0.11815983094081946,h,short_a_long_h
2022-09-08,4.54,6.856852,-0.10825128089490699,-0.1352497942232173,0.03607696858783967,0.7483587004427699,h,short_a_long_h
2022-09-09,4.59,7.000096,-0.11437191318791484,-0.13622499178191785,0.03382966334525752,0.6459738712435792,h,short_a_long_h
2022-09-13,4.55,7.121904000000001,-0.13737068272773034,-0.13743323336984697,0.031130563295791364,0.0020093000413226895,h,short_a_long_h
2022-09-14,4.53,7.279592000000001,-0.15986063419434404,-0.1385086627248955,0.02960805927770501,-0.7211540367837164,a,long_a_short_h
2022-09-15,4.55,7.394224,-0.16835783105420266,-0.13957285112895831,0.028328742596223616,-1.0161051034111745,a,long_a_short_h
2022-09-16,4.41,7.222276,-0.18018024574489067,-0.1405739039616808,0.027608463903497776,-1.434572452913328,a,long_a_short_h
2022-09-19,4.39,7.164960000000001,-0.17814605935314543,-0.14152989574773428,0.026891535139358134,-1.3616241473630175,a,long_a_short_h
2022-09-20,4.4,7.222276,-0.18245039427942977,-0.1423868390693242,0.026538158248697107,-1.5096584636604349,a,long_a_short_h
2022-09-21,4.46,7.379872,-0.1867318946640577,-0.14321606573615847,0.026354036748339808,-1.6512016486673735,a,long_a_short_h
2022-09-22,4.55,7.3225560000000005,-0.16031483552824177,-0.14389353516707792,0.025727345470749462,-0.6382819548885811,a,long_a_short_h
2022-09-23,4.64,7.3225560000000005,-0.14072770225293696,-0.14435272103934602,0.02516420105138889,0.1440545948192931,h,short_a_long_h
2022-09-26,4.36,6.914168,-0.15558030921269395,-0.14502772662124414,0.024350090959810833,-0.4333693294561636,a,long_a_short_h
2022-09-27,4.35,6.864028,-0.15186622638774683,-0.14570525088769917,0.023372223034281117,-0.26360246053664077,a,long_a_short_h
2022-09-28,4.32,6.727868,-0.1422409391553987,-0.14621629171212283,0.022601415968257876,0.17588953551880263,h,short_a_long_h
2022-09-29,4.36,6.663376,-0.12507019980874778,-0.14632957643002156,0.02245944769682054,0.9465672045124847,h,short_a_long_h
2022-09-30,4.37,6.7422200000000005,-0.13249305430433544,-0.1467253434507849,0.021777763856674185,0.6535238989694392,h,short_a_long_h
2022-10-10,4.49,7.043152,-0.14146295199912284,-0.14699364932323442,0.021509059874960716,0.2571333826891248,h,short_a_long_h
2022-10-11,4.44,6.9356040000000005,-0.1399542404385734,-0.14699248644906723,0.02150943981550033,0.3272166114443325,h,short_a_long_h
2022-10-12,4.43,6.864028,-0.13364248743129514,-0.14706759282626594,0.021446340400306213,0.6259858392800253,h,short_a_long_h
2022-10-13,4.37,6.820972,-0.14208278628800963,-0.14707074315093832,0.02144557376611032,0.23258677605590483,h,short_a_long_h
2022-10-14,4.41,6.921344,-0.1450342989499469,-0.14726948130111073,0.021313777564074522,0.10487030487412698,h,short_a_long_h
2022-10-17,4.42,7.050236,-0.1580061239401862,-0.1475815837019671,0.021193156776775576,-0.49188237259881823,a,long_a_short_h
2022-10-18,4.4,7.0861160000000005,-0.16673324675966117,-0.14781609972564919,0.021248469861010623,-0.8902827901374467,a,long_a_short_h
2022-10-19,4.36,7.057412,-0.17251386029801452,-0.14815065605784508,0.021319119037197527,-1.1427866319269855,a,long_a_short_h
2022-10-20,4.4,7.07894,-0.1658965538705104,-0.14838259269299478,0.021359822417846803,-0.8199488195595738,a,long_a_short_h
2022-10-21,4.43,7.12908,-0.16492997958272748,-0.1486143987926395,0.021387416668677908,-0.7628588829983534,a,long_a_short_h
2022-10-24,4.41,6.992920000000001,-0.15353026801864877,-0.14853477011723262,0.02135084189028706,-0.233971940173877,a,long_a_short_h
2022-10-25,4.37,6.992920000000001,-0.16264194836990464,-0.14863397566812633,0.021388785228194693,-0.6549213782984272,a,long_a_short_h
2022-10-26,4.33,6.971484,-0.1693021491177089,-0.1489476415999128,0.021413783165104255,-0.9505329983431261,a,long_a_short_h
2022-10-27,4.36,7.021624,-0.1683156194367168,-0.14942536626238803,0.021198206440311076,-0.8911250688834956,a,long_a_short_h
2022-10-28,4.32,7.000096,-0.17499653500434964,-0.14965413734761582,0.02132548394688603,-1.1883621361115393,a,long_a_short_h
2022-10-31,4.08,6.706340000000001,-0.1967527189487528,-0.149980010775275,0.021743347946215463,-2.1511272454074306,a,long_a_short_h
2022-11-01,4.14,6.92852,-0.20906893472715682,-0.1504852160361888,0.02240170369108865,-2.615145682614867,a,long_a_short_h
2022-11-02,4.17,7.07894,-0.2195850589840158,-0.15131650427086568,0.023094739686114807,-2.956021831854423,a,long_a_short_h
2022-11-03,4.17,6.964308,-0.20610319761771922,-0.15186026743797634,0.023608725713396176,-2.2975797524287427,a,long_a_short_h
2022-11-04,4.22,7.07894,-0.20766596674680549,-0.15248335978675495,0.024085851472713114,-2.2910797661675764,a,long_a_short_h
2022-11-07,4.31,7.26524,-0.2080149767092132,-0.1531293206412699,0.02452672473008374,-2.2377898668476597,a,long_a_short_h
2022-11-08,4.31,7.308204,-0.212884042875642,-0.15371557505080743,0.02510528741549802,-2.3568130029974736,a,long_a_short_h
2022-11-09,4.28,7.293852,-0.2182456311409693,-0.15431584063987827,0.025776575900441887,-2.480150612246178,a,long_a_short_h
2022-11-10,4.22,7.236536,-0.22584868667264968,-0.15498654520664656,0.02657638834722373,-2.666357088863267,a,long_a_short_h
2022-11-11,4.31,7.394224,-0.2225471599014055,-0.15551861434403144,0.02728112428616252,-2.456956863444669,a,long_a_short_h
2022-11-14,4.29,7.394224,-0.22719833107713616,-0.15594754802582292,0.02799676795701964,-2.5449645887945613,a,long_a_short_h
2022-11-15,4.29,7.508856,-0.23990232591706162,-0.15658556955338424,0.029020331111731683,-2.8709788335252995,a,long_a_short_h
2022-11-16,4.31,7.4801519999999995,-0.23208835301261033,-0.15709765497027778,0.029802022287656126,-2.516295616401622,a,long_a_short_h
2022-11-17,4.3,7.437188,-0.2296544176142583,-0.1574912894420944,0.030444309163263936,-2.3703322609547204,a,long_a_short_h
2022-11-18,4.26,7.308204,-0.22455278671001921,-0.15781176425116797,0.030946220719248466,-2.15667764617663,a,long_a_short_h
2022-11-21,4.24,7.193572,-0.2162031140054299,-0.158177499764352,0.031375433212510316,-1.8493964321723333,a,long_a_short_h
2022-11-22,4.32,7.279592000000001,-0.20732717143326784,-0.1584196620400791,0.03164280107721189,-1.5456125162196952,a,long_a_short_h
2022-11-23,4.38,7.351168,-0.20161374787959097,-0.1586653686000201,0.031863851112407374,-1.3478715779853532,a,long_a_short_h
2022-11-24,4.36,7.308204,-0.20134988963035516,-0.15879912018597003,0.032009941987928926,-1.3292985491954714,a,long_a_short_h
2022-11-25,4.42,7.336908,-0.19091932161632919,-0.15888507398863716,0.03208275279422233,-0.9984881232966069,a,long_a_short_h
2022-11-28,4.36,7.207924,-0.18994023886006461,-0.15891975864807956,0.0321143054775371,-0.965939625681236,a,long_a_short_h
2022-11-29,4.43,7.293852,-0.1837990566776304,-0.15888153041061712,0.032081647916053516,-0.7766909708695068,a,long_a_short_h
2022-11-30,4.47,7.308204,-0.17643353836582087,-0.15872875236120387,0.031952713988525276,-0.5540933396447973,a,long_a_short_h
2022-12-01,4.43,7.236536,-0.17728423066352583,-0.15863974292887006,0.031885392389921635,-0.5847344610552428,a,long_a_short_h
2022-12-02,4.43,7.143432,-0.16659076706154807,-0.15851972811664689,0.03182760206266306,-0.2535861460442638,a,long_a_short_h
2022-12-05,4.54,7.207924,-0.1494852841677512,-0.1583462111699229,0.03181955625160975,0.2784742481040547,h,short_a_long_h
2022-12-06,4.5,7.193572,-0.1566889864730221,-0.15839839946192102,0.03181159228759246,0.053735536827109846,h,short_a_long_h
2022-12-07,4.43,7.121904000000001,-0.16409833163354515,-0.15857315113848083,0.03178458938916598,-0.17383205513259245,a,long_a_short_h
2022-12-08,4.39,7.0288,-0.16230196885606873,-0.1592216538443857,0.031045485818640563,-0.09921941726656884,a,long_a_short_h
2022-12-09,4.38,7.035976000000001,-0.16542512995505043,-0.1598947012457107,0.030281514050532313,-0.18263382405882414,a,long_a_short_h
2022-12-12,4.34,7.057412,-0.1771115695466441,-0.16064073575738735,0.029579792642738183,-0.5568272228338392,a,long_a_short_h
2022-12-13,4.35,7.164960000000001,-0.18729944133963272,-0.1614006558287141,0.029075066605288837,-0.8907558446042411,a,long_a_short_h
2022-12-14,4.38,7.207924,-0.18536357183265295,-0.16182896046415038,0.029046092552693976,-0.810250512209422,a,long_a_short_h
2022-12-15,4.34,7.157784,-0.18877345711290028,-0.16221263658528215,0.029095762354843496,-0.9128759096836869,a,long_a_short_h
2022-12-16,4.36,7.164960000000001,-0.18500322907928224,-0.16265959348920828,0.029029847695619365,-0.7696780163764222,a,long_a_short_h
2022-12-19,4.28,7.12908,-0.19937655404606636,-0.1632240454347999,0.029080148021323776,-1.2432023586935212,a,long_a_short_h
2022-12-20,4.26,7.071764000000001,-0.19739439302917328,-0.16377273394388359,0.02909868730194172,-1.1554355953041964,a,long_a_short_h
2022-12-21,4.25,7.035976000000001,-0.19555487140707983,-0.16420413202957562,0.029183517413514697,-1.0742618490184423,a,long_a_short_h
2022-12-22,4.26,7.0288,-0.1923620356618696,-0.1644827871760825,0.029292111637898122,-0.9517664288059363,a,long_a_short_h
2022-12-23,4.25,7.0288,-0.1947122130068233,-0.16473121972933855,0.029421815823544566,-1.0190055385192336,a,long_a_short_h
2022-12-28,4.31,7.150608,-0.19488158989125925,-0.16501482529919784,0.029547834319438086,-1.0107936936824342,a,long_a_short_h
2022-12-29,4.23,7.121904000000001,-0.21029592263240282,-0.16549941708679075,0.029810667334825246,-1.5027005280515862,a,long_a_short_h
2022-12-30,4.24,7.150608,-0.21125622476304917,-0.16604484329151853,0.030045141152859205,-1.504781796214932,a,long_a_short_h
2023-01-03,4.27,7.236536,-0.21406998748003714,-0.16666570898938254,0.030262379818421833,-1.5664425195601388,a,long_a_short_h
2023-01-04,4.25,7.193572,-0.2138474003129709,-0.1672286452224842,0.030507569651681388,-1.5281045203781858,a,long_a_short_h
2023-01-05,4.25,7.143432,-0.208071368182267,-0.1677674637212186,0.030654049042594986,-1.314798720555467,a,long_a_short_h
2023-01-06,4.24,7.164960000000001,-0.212912017196359,-0.168283110550316,0.030889739425854424,-1.4447809361800252,a,long_a_short_h
2023-01-09,4.25,7.12908,-0.20641058070344642,-0.16875277135104186,0.031038303655718708,-1.213268926359841,a,long_a_short_h
2023-01-10,4.23,7.12908,-0.21112757058158516,-0.16937823943890826,0.031130301553762965,-1.341115538844831,a,long_a_short_h
2023-01-11,4.24,7.236536,-0.2211205454767038,-0.17012650370817753,0.03128678759595089,-1.6298906243453983,a,long_a_short_h
2023-01-12,4.3,7.4084840000000005,-0.22646107873821064,-0.17092837376714395,0.03148828413083626,-1.763598954465858,a,long_a_short_h
2023-01-13,4.34,7.494504000000001,-0.2267348240751872,-0.17159169641175492,0.03181953059619979,-1.7329962645651982,a,long_a_short_h
2023-01-16,4.36,7.523208,-0.2252938713413244,-0.1722450986017832,0.032111638435654476,-1.6520107762747982,a,long_a_short_h
2023-01-17,4.33,7.523208,-0.23219838668786896,-0.1729867256327142,0.03246105381088313,-1.8240831428369413,a,long_a_short_h
2023-01-18,4.34,7.766732,-0.25619878024836296,-0.17399653794984135,0.033147643726994996,-2.479881917868485,a,long_a_short_h
2023-01-19,4.35,7.73812,-0.25084950763852687,-0.174939248242333,0.033711236096842345,-2.2517791746979046,a,long_a_short_h
2023-01-20,4.43,8.153684,-0.27582396800967746,-0.17612671458572685,0.03472754305773942,-2.8708409707588562,a,long_a_short_h
2023-01-30,4.44,8.153684,-0.2735691756225882,-0.1772324555362483,0.03569481620539531,-2.698899457332925,a,long_a_short_h
2023-01-31,4.41,8.139332,-0.27889403022075077,-0.17834630045560385,0.036757492584909186,-2.735434946572685,a,long_a_short_h
2023-02-01,4.43,8.311280000000002,-0.2916327923819131,-0.17953410089699096,0.03808344068998559,-2.9435022007977225,a,long_a_short_h
2023-02-02,4.42,8.268316,-0.2896127801413759,-0.18069583791120966,0.03928848173319209,-2.772235969051203,a,long_a_short_h
2023-02-03,4.41,8.067664,-0.27159058968604644,-0.18169943195481433,0.04005827433719589,-2.244009738776095,a,long_a_short_h
2023-02-06,4.39,7.996088,-0.2687769434154026,-0.18272401064354468,0.0407002675830367,-2.1143087719581373,a,long_a_short_h
2023-02-07,4.41,8.168035999999999,-0.2818011364700772,-0.18385413979897186,0.04155110886715983,-2.357265530126883,a,long_a_short_h
2023-02-08,4.39,8.282668000000001,-0.2978554061185341,-0.18512655039968592,0.04267899593680307,-2.641319301085983,a,long_a_short_h
2023-02-09,4.41,8.211,-0.28613344395644136,-0.18634744359281744,0.043454927211373985,-2.296310378757365,a,long_a_short_h
2023-02-10,4.38,8.096368,-0.2813494400845027,-0.18746224830965982,0.04416205170864849,-2.1259698800736753,a,long_a_short_h
2023-02-13,4.39,8.168035999999999,-0.28634659884175195,-0.18865735577868584,0.04488154906149003,-2.1766014120686172,a,long_a_short_h
2023-02-14,4.41,8.211,-0.28613344395644136,-0.1899746742746282,0.04540469658587568,-2.1178154885352956,a,long_a_short_h
2023-02-15,4.39,8.139332,-0.2834394925924255,-0.19123266958553822,0.04588704847945401,-2.0094302436595592,a,long_a_short_h
2023-02-16,4.39,8.153684,-0.28489432497964184,-0.19241342943556733,0.04646018372744493,-1.9905408916720286,a,long_a_short_h
2023-02-17,4.39,8.139332,-0.2834394925924255,-0.19360818404468103,0.046943717228879876,-1.9135959794100001,a,long_a_short_h
2023-02-20,4.47,8.153684,-0.26683514344124437,-0.19477724758563839,0.0470064225416658,-1.5329372447293756,a,long_a_short_h
2023-02-21,4.49,8.325632,-0.2796044347070501,-0.19602240669347598,0.04725937142339885,-1.7685810347488318,a,long_a_short_h
2023-02-22,4.47,8.253964,-0.2769294225569243,-0.19720893702786998,0.0474897566725866,-1.6786880185274329,a,long_a_short_h
2023-02-23,4.48,8.225352,-0.271827232256046,-0.19840717623554296,0.047543788998843525,-1.5442617756504204,a,long_a_short_h
2023-02-24,4.46,8.153684,-0.2690747860347491,-0.19955472944743136,0.047573976100900604,-1.4613043156172454,a,long_a_short_h
2023-02-27,4.44,7.996088,-0.25745179405834895,-0.20049398775693775,0.047595312529099376,-1.1967104169467881,a,long_a_short_h
2023-02-28,4.46,7.895716,-0.24252589733527463,-0.20123954876302083,0.04754672174018552,-0.8683321806676615,a,long_a_short_h
2023-03-01,4.5,8.067664,-0.25138788236852694,-0.20197758651803435,0.04763268828917776,-1.0373190685884237,a,long_a_short_h
2023-03-02,4.57,8.12498,-0.24179811483025948,-0.20263808279508036,0.0476307376739471,-0.8221588400172678,a,long_a_short_h
2023-03-03,4.69,8.29702,-0.2331817282631945,-0.20319902796322198,0.04759041922160631,-0.6300154692976566,a,long_a_short_h
2023-03-06,4.7,8.5836,-0.25909329416725635,-0.20394475484348018,0.047760419360616646,-1.154691270764925,a,long_a_short_h
2023-03-07,4.81,8.870180000000001,-0.2630791955335119,-0.204670472673872,0.04799319330936271,-1.2170209738522497,a,long_a_short_h
2023-03-08,4.75,8.626564,-0.2526342719230741,-0.20538604652046485,0.048063380131944944,-0.9830400041133618,a,long_a_short_h
2023-03-09,4.75,8.769900000000002,-0.26624263953415217,-0.20637453632635688,0.04808521272479619,-1.2450418707812638,a,long_a_short_h
2023-03-10,4.64,8.168035999999999,-0.23096145969066795,-0.20710385049275412,0.04778547479020418,-0.49926487709199313,a,long_a_short_h
2023-03-13,4.84,8.655268,-0.23660735330034055,-0.20789838125417248,0.0474731691813456,-0.6047410051033447,a,long_a_short_h
2023-03-14,4.73,8.3973,-0.23461004589726064,-0.20877041137641733,0.04698823248640441,-0.5499171420912622,a,long_a_short_h
2023-03-15,4.82,8.468968,-0.22277927904732597,-0.2097248113610208,0.04608379582984732,-0.2832767451384748,a,long_a_short_h
2023-03-16,4.67,8.053404,-0.21284528308774942,-0.2105454227768528,0.04524062520601012,-0.05083617435488264,a,long_a_short_h
2023-03-17,4.97,8.311280000000002,-0.17661253633042007,-0.21087243822354187,0.0448473650073032,0.7639222925927249,h,short_a_long_h
2023-03-20,4.92,8.096368,-0.16508963396864074,-0.210916013221661,0.044799899158159476,1.0229125536920733,h,short_a_long_h
2023-03-21,4.84,8.082016000000001,-0.18001830313142175,-0.2110131838223045,0.04471938851124267,0.6930971491949287,h,short_a_long_h
2023-03-22,4.86,8.168035999999999,-0.18463738801642937,-0.21105032667456733,0.044695408777847424,0.5909541803145811,h,short_a_long_h
2023-03-23,4.92,8.239704000000001,-0.1795813793123664,-0.21106228767422752,0.044686720434966604,0.7044801689503231,h,short_a_long_h
2023-03-24,4.81,8.12498,-0.19061423561870305,-0.2111303196853881,0.04464899351358812,0.459497123052535,h,short_a_long_h
2023-03-27,4.76,8.067664,-0.1952176109014725,-0.21120103398736656,0.04461673510189949,0.35823829442897975,h,short_a_long_h
2023-03-28,4.83,8.211,-0.1951616657507147,-0.21149142423922054,0.04439560978817653,0.36782372325596036,h,short_a_long_h
2023-03-29,4.78,8.411652,-0.22550487946214814,-0.21219790071596392,0.04393218891719624,-0.3028981499479875,a,long_a_short_h
2023-03-30,5.12,8.411652,-0.15679098691409643,-0.21220798969680893,0.04391921458469124,1.261794030397552,h,short_a_long_h
2023-03-31,5.05,8.354336,-0.16491105985315824,-0.21231669664235403,0.04378454169370331,1.0827025921802267,h,short_a_long_h
2023-04-03,5.12,8.554896000000001,-0.17073523739990737,-0.21255414912772494,0.043477501647492055,0.9618517656989116,h,short_a_long_h
2023-04-04,5.26,8.812864000000001,-0.16829194437197148,-0.21291433033241847,0.042922151389921594,1.0396120538106257,h,short_a_long_h
2023-04-06,5.27,8.741196,-0.15964962616641243,-0.21314063509793577,0.04256467347372572,1.2566996188645077,h,short_a_long_h
2023-04-11,5.59,8.78416,-0.10474963497735468,-0.21283469078942108,0.04321123670635248,2.501318269286582,h,short_a_long_h
2023-04-12,5.82,8.827216,-0.06846644514710865,-0.2122389591619922,0.044691862766880204,3.2169729591452394,h,short_a_long_h
2023-04-13,5.78,8.970460000000001,-0.08865606777040114,-0.21186407233148474,0.04553737129689978,2.7056459574220457,h,short_a_long_h
2023-04-14,5.88,9.042128,-0.07807431991556735,-0.2113306684450477,0.04672112307057094,2.852164926091361,h,short_a_long_h
2023-04-17,6.26,9.285744,-0.03740528043866398,-0.2104337599574537,0.0489828503843075,3.5324297822860546,h,short_a_long_h
2023-04-18,6.22,9.185464,-0.03484901240500604,-0.20940745069466052,0.05132480074835586,3.401054378087309,h,short_a_long_h
2023-04-19,6.13,9.042128,-0.036436331877982786,-0.20832164307064654,0.05356457097078257,3.2089365802336145,h,short_a_long_h
2023-04-20,6.24,8.956108,-0.010757306818669266,-0.206973671791652,0.056431847405797125,3.4770501763304993,h,short_a_long_h
2023-04-21,6.22,8.884532,-0.007341432933414493,-0.20565237911717618,0.05919048145209459,3.3503857599851306,h,short_a_long_h
2023-04-24,6.24,8.855828,-0.001458875352137845,-0.20429011991525461,0.0619522750302329,3.2739918665478305,h,short_a_long_h
2023-04-25,6.5,8.898792,0.035366469505087705,-0.20271598043589015,0.06554832779085698,3.632166646578997,h,short_a_long_h
2023-04-26,6.43,8.956108,0.019237049049522392,-0.20120032212406158,0.06851822812753408,3.217207700749067,h,short_a_long_h
2023-04-27,6.4,8.898792,0.019862282969122624,-0.1996239518566713,0.07137473315647079,3.0751251194820814,h,short_a_long_h
2023-04-28,6.73,9.171112,0.04524751139747396,-0.19784425909971975,0.07474492740304796,3.25228452208358,h,short_a_long_h
2023-05-04,6.83,8.870180000000001,0.08754839393151714,-0.19565638469192087,0.07913302432410754,3.578844370505891,h,short_a_long_h
2023-05-05,6.8,8.841476,0.08582294526358769,-0.1933015874901513,0.08319998343380772,3.3548628405173306,h,short_a_long_h
2023-05-08,7.32,9.357412,0.1126757956086133,-0.1906203814040199,0.08774759053709605,3.456461598047096,h,short_a_long_h
2023-05-09,6.9,9.271392,0.06121327709961144,-0.1882803952699897,0.09066427555455098,2.751841018345594,h,short_a_long_h
2023-05-10,6.63,9.285744,0.020019338647099927,-0.1863960408011162,0.09261950374546257,2.228638365581055,h,short_a_long_h
2023-05-11,6.51,9.185464,0.010720537064383917,-0.18457615326935628,0.09432784866672049,2.0704033124275227,h,short_a_long_h
2023-05-12,6.4,9.042128,0.006666908539523453,-0.18278713755895015,0.0959022560015948,1.9754910259391927,h,short_a_long_h
2023-05-15,6.37,9.228428000000001,-0.014873006783054032,-0.18113704559151192,0.09707635724684438,1.7127140276358337,h,short_a_long_h
2023-05-16,6.41,9.271392,-0.012448863571023594,-0.17942207252842904,0.0982262949332251,1.6998830004828642,h,short_a_long_h
2023-05-17,6.37,9.099444000000002,-0.0032496150550280767,-0.17756708026494886,0.09943658853746708,1.7530515454503859,h,short_a_long_h
2023-05-18,6.57,9.185464,0.019894913340425147,-0.17554672965460025,0.10096620597045915,1.9357134510155607,h,short_a_long_h
2023-05-19,6.42,9.15676,-0.0006162053244225252,-0.17365854527332764,0.10210440227063641,1.6947588556489626,h,short_a_long_h
2023-05-22,6.39,9.24278,-0.013021481167046156,-0.1717678715670775,0.10296441568745884,1.5417597365083364,h,short_a_long_h
2023-05-23,6.27,9.171112,-0.02555127761433318,-0.17004672927209186,0.10367143026844448,1.3937827546471133,h,short_a_long_h
2023-05-24,6.16,9.099444000000002,-0.03677230709367163,-0.16843937835108702,0.10423321680893168,1.2631968511417266,h,short_a_long_h
2023-05-25,6.11,8.941848,-0.030494830557111996,-0.16682222871647942,0.10485881735965272,1.3001042887197687,h,short_a_long_h
2023-05-29,6.5,8.884532,0.03669083721708888,-0.16471477912295843,0.10638819644157269,1.8931199425930416,h,short_a_long_h
2023-05-30,6.54,8.812864000000001,0.04951419434751725,-0.16257443440811856,0.10809363590843739,1.9620824757462059,h,short_a_long_h
2023-05-31,6.4,8.440264,0.06354841431363845,-0.160364749723175,0.10998263463745396,2.035895619112229,h,short_a_long_h
2023-06-01,6.51,8.468968,0.07778624911064291,-0.15803861523366666,0.11204111711670806,2.1048064354683444,h,short_a_long_h
2023-06-02,6.52,8.698231999999999,0.05726327073341353,-0.15597042696408547,0.11370730122855106,1.8752858909992105,h,short_a_long_h
2023-06-05,6.58,8.741196,0.06235475661754264,-0.15386796866843874,0.11539388846553943,1.8737796963186044,h,short_a_long_h
2023-06-06,6.53,8.755548,0.05337221070615916,-0.15189154144024053,0.11689821975683232,1.755918546692861,h,short_a_long_h
2023-06-07,6.53,8.741196,0.054726954568656394,-0.14996520399911986,0.11838555656080296,1.7290298285893189,h,short_a_long_h
2023-06-08,6.67,8.993092,0.0524792974171171,-0.14805050793178118,0.11978970298038248,1.674015381620391,h,short_a_long_h
2023-06-09,6.7,9.069452,0.04998477657309097,-0.1462457117348258,0.1211320044538565,1.619972270686464,h,short_a_long_h
2023-06-12,6.63,8.916824,0.0534974477339083,-0.14455418896897868,0.12249596195954779,1.6168013503032057,h,short_a_long_h
2023-06-13,6.49,8.611384000000001,0.0609380553418859,-0.14274063028718778,0.12391753671043228,1.6436631249782303,h,short_a_long_h
2023-06-14,6.48,8.58084,0.06233027891181919,-0.14085372519930975,0.12530573802031245,1.6215059846516542,h,short_a_long_h
2023-06-15,6.45,8.519844,0.06358093461817793,-0.13897136767035773,0.1266700252496113,1.5990547241890378,h,short_a_long_h
2023-06-16,6.46,8.58084,0.05923908634214636,-0.137099165867881,0.12792977019324386,1.5347346588167032,h,short_a_long_h
2023-06-19,6.41,8.657200000000001,0.04415288641660875,-0.1352552954015206,0.1289387984947607,1.3914212317204073,h,short_a_long_h
2023-06-20,6.28,8.58084,0.030979749027743253,-0.13343630214845914,0.12973563571047209,1.2673160329142392,h,short_a_long_h
2023-06-21,6.41,8.519844,0.057360074743075584,-0.1314136050936614,0.13080695717189608,1.4431470918528106,h,short_a_long_h
2023-06-26,6.36,8.428212,0.058458810126856386,-0.12935333619999675,0.1318388614681249,1.4245583148657657,h,short_a_long_h
2023-06-27,6.59,8.58084,0.0791631170620517,-0.12715194998215232,0.1331012576679513,1.5500609885963643,h,short_a_long_h
2023-06-28,6.62,8.58084,0.08370513849655281,-0.12479293587763049,0.13431350367190573,1.5523239933007176,h,short_a_long_h
2023-06-29,6.56,8.504572,0.08197298884336224,-0.12246487436202604,0.135460768191381,1.509203483303412,h,short_a_long_h
2023-06-30,6.56,8.550388000000002,0.07753619329694916,-0.12018911548949246,0.13651242860719978,1.4484051804204252,h,short_a_long_h
2023-07-03,6.86,8.718288000000001,0.1061944481013728,-0.11770114479146544,0.1378995897099534,1.623613191045468,h,short_a_long_h
2023-07-04,6.84,8.855736,0.09035725282499985,-0.11532556590953356,0.13901271664841686,1.4795971454520584,h,short_a_long_h
2023-07-05,6.84,8.901552,0.08609594014830324,-0.11298408649253723,0.1400241056814349,1.4217553875599258,h,short_a_long_h
2023-07-06,6.8,8.840464,0.0859174715305564,-0.11051564154117922,0.14090238352643228,1.3941078082251614,h,short_a_long_h
2023-07-07,6.78,8.840464,0.08297196130079953,-0.10806373999064715,0.1416924023489971,1.3482423766160307,h,short_a_long_h
2023-07-10,6.7,8.871008,0.06825416535430917,-0.1057110387170276,0.14226021086870744,1.2228662041833327,h,short_a_long_h
2023-07-11,6.71,8.993092,0.058458388473175305,-0.10344182381047638,0.14269195685972277,1.134613441757002,h,short_a_long_h
2023-07-12,6.83,9.206900000000001,0.05678085386920051,-0.1012347219600475,0.14310769761256636,1.1041724412130616,h,short_a_long_h
2023-07-13,7.23,9.313804,0.10416191789328089,-0.09859243916763383,0.1439530713444205,1.4084753813679105,h,short_a_long_h
2023-07-14,7.23,9.359620000000001,0.10010967014340655,-0.09603810374391004,0.1447411698662295,1.3551622808396346,h,short_a_long_h
2023-07-18,7.07,9.252716,0.08721747720416717,-0.09355189501236212,0.14530888626160382,1.2440352195053295,h,short_a_long_h
2023-07-19,7.14,9.359620000000001,0.08758341032422612,-0.09097936204735436,0.1457633660192828,1.2250181732765328,h,short_a_long_h
2023-07-20,7.04,9.359620000000001,0.07347880414268415,-0.0884798630233469,0.14599210291016881,1.1093659447161104,h,short_a_long_h
2023-07-21,7.03,9.344348,0.07340588083505772,-0.08597869048242819,0.14617450879240695,1.0903718619218314,h,short_a_long_h
2023-07-24,6.99,9.206900000000001,0.07993673653222078,-0.083435102083482,0.14638542092691298,1.1160389988376693,h,short_a_long_h
2023-07-25,7.05,9.420616,0.06953406583865296,-0.08092066497909431,0.1464000691081099,1.02769576363139,h,short_a_long_h
2023-07-26,6.9,9.405344000000001,0.049367663123472294,-0.07837427795099568,0.1459825933064317,0.8750491286747123,h,short_a_long_h
2023-07-27,6.91,9.45116,0.04680298545232198,-0.07589384050857194,0.1455555143249226,0.8429555316399666,h,short_a_long_h
2023-07-28,7.0,9.481704,0.05707902032012013,-0.07311964893915696,0.14488386283437643,0.8986416203446571,h,short_a_long_h
2023-07-31,6.95,9.60388,0.03933777293350804,-0.07051209103452281,0.14405937873169733,0.7625318457927004,h,short_a_long_h
2023-08-01,7.09,9.710784,0.050140044920395255,-0.06777014040834661,0.14318851526671467,0.8234611910676822,h,short_a_long_h
2023-08-02,6.7,9.45116,0.015940874069663824,-0.06520702652125014,0.1418946187937013,0.5718884992312063,h,short_a_long_h
2023-08-03,6.65,9.298532000000002,0.021894916552039234,-0.062611129048805,0.14059824228963935,0.6010462451355373,h,short_a_long_h
2023-08-04,6.69,9.3748,0.021146269609950252,-0.06017165522133837,0.13947695768892013,0.5830204944149596,h,short_a_long_h
2023-08-07,6.75,9.619152000000001,0.008826490781042473,-0.05785829326970133,0.1382850291780944,0.48222706714594427,h,short_a_long_h
2023-08-08,6.84,9.649696,0.019453700722287026,-0.055347836293098286,0.13691307510917336,0.5463432689371646,h,short_a_long_h
2023-08-09,6.85,9.7566,0.011816376856307098,-0.05276723810164128,0.13521161745336993,0.4776484164182205,h,short_a_long_h
2023-08-10,6.95,9.9245,0.012219294038692485,-0.05028096528501516,0.1336180834529385,0.4677529995086392,h,short_a_long_h
2023-08-11,6.84,9.985588,-0.008802043348989486,-0.048009736978885886,0.13196352050062424,0.2971100913430915,h,short_a_long_h
2023-08-14,6.88,9.9245,0.002096286407243797,-0.04560604626847759,0.1302009740885898,0.36637462207667,h,short_a_long_h
2023-08-15,6.88,9.77178,0.01490254644337341,-0.043097413015145795,0.12841554189551574,0.45165840989644696,h,short_a_long_h
2023-08-16,6.71,9.634424000000001,0.0015728909885253106,-0.04072230981863788,0.1265551928506685,0.334203598086017,h,short_a_long_h
2023-08-17,6.75,9.726056,-0.00030048460504938923,-0.038350694482182944,0.12459240462397853,0.30539750791366116,h,short_a_long_h
2023-08-18,6.74,9.741328000000001,-0.003078722370306153,-0.036014354730331946,0.12257014395653106,0.26870844152476697,h,short_a_long_h
2023-08-21,6.64,9.695512,-0.014133595799430188,-0.03390850849998349,0.12072810492942586,0.16379709357744943,h,short_a_long_h
2023-08-22,6.78,9.710784,0.005431806328663358,-0.03153320649135254,0.11863941159758809,0.311574478685019,h,short_a_long_h
2023-08-23,6.8,9.710784,0.008377316558420222,-0.02915565033205801,0.1165201718143684,0.3221156157431099,h,short_a_long_h
2023-08-24,6.72,9.863412,-0.016335513782529842,-0.02702655267811204,0.11436297789055948,0.09348339027874099,h,short_a_long_h
2023-08-25,6.77,9.909228,-0.012749552600752834,-0.024890509066162074,0.11217696696993439,0.10823038626693529,h,short_a_long_h
2023-08-28,6.87,9.84814,0.007020046335925345,-0.022686577062876453,0.11014915833038276,0.2696945110529068,h,short_a_long_h
2023-08-29,6.8,9.985588,-0.014667162801387468,-0.020787754275094057,0.10827563385571069,0.05652787479279925,h,short_a_long_h
2023-08-30,6.81,10.07722,-0.020740937367734302,-0.018865696400087454,0.1061745114879148,-0.017661875165399705,a,long_a_short_h
2023-08-31,6.8,10.214576000000001,-0.03339028790062959,-0.017128964509007204,0.1041831109365523,-0.1560840643501763,a,long_a_short_h
2023-09-04,6.98,10.565832,-0.03518382523155528,-0.015478981983743544,0.1022832136730687,-0.19264982532515054,a,long_a_short_h
2023-09-05,6.98,10.458928,-0.026785966632200786,-0.013543087587618081,0.09980194809836519,-0.13269158866047856,a,long_a_short_h
2023-09-06,7.09,10.687916000000001,-0.029034423434890266,-0.011592714486796236,0.09713571334996941,-0.17956020856359442,a,long_a_short_h
2023-09-07,7.23,10.743760000000002,-0.013784242331027041,-0.009602297573529176,0.09456821953592683,-0.044221460211684833,a,long_a_short_h
2023-09-11,7.14,10.632164,-0.017688074006949828,-0.007531009527469157,0.09157450545893302,-0.11091585402048008,a,long_a_short_h
2023-09-12,7.11,10.456812,-0.008165551946719418,-0.0056743769629362525,0.08923514881979952,-0.02791697012590652,a,long_a_short_h
2023-09-13,7.26,10.472728,0.011456071833060522,-0.0036071817534912435,0.08667708446514394,0.17378588215676838,h,short_a_long_h
2023-09-14,7.32,10.998784,-0.02078575608936828,-0.0018253126717588072,0.08404625041634563,-0.22559535165083314,a,long_a_short_h
2023-09-15,7.28,10.950944,-0.02266553582524966,-0.00015769814490817122,0.08157426064302961,-0.27591837796527735,a,long_a_short_h
2023-09-18,7.22,10.950944,-0.030941445129109457,0.0013581671714138284,0.07924564131937029,-0.4075885028218982,a,long_a_short_h
2023-09-19,7.3,10.982868000000002,-0.022325889000342825,0.0026438892324978053,0.07756773792079147,-0.3219093259924454,a,long_a_short_h
2023-09-20,7.31,11.030616000000002,-0.024539321442944573,0.003815141836878607,0.07606020913299562,-0.3727897096659803,a,long_a_short_h
2023-09-21,7.19,10.919112000000002,-0.03270132714820018,0.005042783303405453,0.07423511133180617,-0.5084401407159216,a,long_a_short_h
2023-09-22,7.3,10.935028,-0.018720975025935616,0.006425420078326235,0.07218953260227656,-0.3483385221899724,a,long_a_short_h
2023-09-25,7.2,10.823432,-0.024043462810449334,0.007721569382508877,0.07019039703678231,-0.4525552430813603,a,long_a_short_h
2023-09-26,7.19,10.680004,-0.0144170507151693,0.009189879256704992,0.06780908960868652,-0.3481381346970655,a,long_a_short_h
2023-09-27,7.2,10.839348000000001,-0.025256912363598616,0.010606218411187274,0.06522965768880298,-0.5497979300440509,a,long_a_short_h
2023-09-28,7.19,10.998784,-0.03870491232963302,0.011910024689696288,0.0625925370069269,-0.8086417237525927,a,long_a_short_h
2023-10-09,7.12,10.680004,-0.02420049702424021,0.013587561210012188,0.05875613285339724,-0.6431338551251764,a,long_a_short_h
2023-10-10,7.01,10.775592000000001,-0.04712865335765448,0.014501413989649204,0.05690764214608869,-1.0829840250469693,a,long_a_short_h
2023-10-11,6.9,10.887188,-0.07145319172521014,0.015280229557382103,0.05504052444810899,-1.5758102262336295,a,long_a_short_h
2023-10-12,6.91,10.775592000000001,-0.061496716624574566,0.01619055056384321,0.05279571887475324,-1.4714690668899595,a,long_a_short_h
2023-10-13,6.91,10.775592000000001,-0.061496716624574566,0.01708051079507152,0.050510473237013236,-1.5556620713279319,a,long_a_short_h
2023-10-16,7.02,10.791508,-0.04692196925323899,0.018019907936014632,0.048191017067317564,-1.3475929984739052,a,long_a_short_h
2023-10-17,7.14,10.791508,-0.029972410939465677,0.018643051469663705,0.04706037835082218,-1.0330444444520714,a,long_a_short_h
2023-10-18,7.19,10.950944,-0.03510522630088886,0.018921061626715533,0.046638099282457525,-1.1584153033424727,a,long_a_short_h
2023-10-19,6.97,10.743760000000002,-0.05040805372926793,0.01923979507705831,0.04602336461814562,-1.5133150169309046,a,long_a_short_h
2023-10-20,6.92,10.711836,-0.0551500913744678,0.019430830314900806,0.04566219587252684,-1.6333187720006483,a,long_a_short_h
2023-10-24,6.99,10.69592,-0.043857399749304804,0.019377062653978806,0.04573342647497808,-1.3826749333527588,a,long_a_short_h
2023-10-25,6.6,10.393056,-0.07754780212842394,0.019021239406283655,0.046321200323945294,-2.0847698431680572,a,long_a_short_h
2023-10-26,6.71,10.5524,-0.07358331754484793,0.018711681192393113,0.04681640710528706,-1.9714242173619938,a,long_a_short_h
2023-10-27,6.68,10.616248,-0.08304574961304123,0.01810927750244001,0.047656328120414725,-2.122593810834307,a,long_a_short_h
2023-10-30,6.42,10.249536,-0.09371628754224459,0.01738948704736643,0.048685148126216264,-2.282128716165539,a,long_a_short_h
2023-10-31,6.41,10.106108,-0.0836376746216918,0.016704663720120142,0.04952326868357323,-2.0261654977369314,a,long_a_short_h
2023-11-01,6.45,10.28146,-0.09162236030116233,0.015646423471734727,0.0504688970895551,-2.1254433910563324,a,long_a_short_h
2023-11-02,6.53,10.3293,-0.08312908651582651,0.014793372342023487,0.051266516049335076,-1.910066577639423,a,long_a_short_h
2023-11-03,6.6,10.520568,-0.08761779238156087,0.013897705047434457,0.05210917038032436,-1.948131138685832,a,long_a_short_h
2023-11-06,6.38,10.201788,-0.09611031297826189,0.01271972317763666,0.05298493107540965,-2.05398089507767,a,long_a_short_h
2023-11-07,6.38,10.217704,-0.09739764624318759,0.011178506176180786,0.05347758587308308,-2.0303114033054754,a,long_a_short_h
2023-11-08,6.33,9.96268,-0.08439290244244968,0.009760040778630474,0.05373785321223718,-1.7520786111276894,a,long_a_short_h
2023-11-09,6.38,10.026436,-0.08179286034703304,0.008139468645666755,0.05354007357276377,-1.6797199367026838,a,long_a_short_h
2023-11-10,6.37,10.042352,-0.08467131766652436,0.0069237636892822895,0.05397928782601291,-1.6968560543265723,a,long_a_short_h
2023-11-13,6.43,10.28146,-0.09472795285931546,0.005967536260062162,0.054756121723408255,-1.838981395140158,a,long_a_short_h
2023-11-14,6.39,10.217704,-0.09583147521044255,0.0050796028244386076,0.0555367656028778,-1.8170139535394938,a,long_a_short_h
2023-11-15,6.46,10.504652000000002,-0.10780787791440671,0.004125646270655856,0.05648435549727775,-1.9816730349425193,a,long_a_short_h
2023-11-16,6.42,10.361132000000001,-0.10265886501432964,0.003394097452061893,0.0572951352950461,-1.850994188603673,a,long_a_short_h
2023-11-17,6.34,10.138032,-0.09722265236707184,0.002687649212094824,0.05801028694091702,-1.7222859400941155,a,long_a_short_h
2023-11-20,6.39,10.345216,-0.10607321517808854,0.0018307858777359871,0.05885201368567495,-1.833480186967489,a,long_a_short_h
2023-11-21,6.42,10.313384000000001,-0.09884449769601122,0.0008412907857656841,0.05953992306737675,-1.674268009533203,a,long_a_short_h
2023-11-22,6.41,10.297376,-0.09912058548605973,2.0420951085374042e-05,0.06023516124422678,-1.6458992453788317,a,long_a_short_h
2023-11-23,6.4,10.345216,-0.10450949320190572,-0.0007419791492051224,0.0609760487925943,-1.7017749773465713,a,long_a_short_h
2023-11-24,6.41,10.249536,-0.09527513431153567,-0.0013230112883484764,0.06154398911658321,-1.5265848764728758,a,long_a_short_h
2023-11-27,6.42,10.297376,-0.09756173871676865,-0.0018295898852076183,0.06208602695531557,-1.5419274436816706,a,long_a_short_h
2023-11-28,6.37,10.23362,-0.10025160357628304,-0.0024108963270340436,0.06268039117626588,-1.560946021764725,a,long_a_short_h
2023-11-29,6.36,10.249536,-0.10310602789208367,-0.003575870202943815,0.06324413450613067,-1.573745272448811,a,long_a_short_h
2023-11-30,6.46,10.408972,-0.1002517933859075,-0.004823920100722355,0.0636639951492802,-1.4989300162741055,a,long_a_short_h
2023-12-01,6.46,10.217704,-0.08493642580537553,-0.006061293768380804,0.06376683599412801,-1.2369303072251847,a,long_a_short_h
2023-12-04,6.48,10.249536,-0.08441389487993112,-0.007412961634968921,0.06369362026830286,-1.2089269368047169,a,long_a_short_h
2023-12-05,6.36,10.23362,-0.10182269580832437,-0.008738678022816738,0.06399104941898681,-1.454641213586484,a,long_a_short_h
2023-12-06,6.13,10.201788,-0.13608366038684028,-0.010392331497853262,0.06469852478348274,-1.9427232585228198,a,long_a_short_h
2023-12-07,6.1,9.930756,-0.11875397744220684,-0.011826716399089644,0.0651792246798313,-1.6405113986605027,a,long_a_short_h
2023-12-08,6.19,9.994512,-0.109392361204941,-0.013194377363869624,0.06549210181382874,-1.4688486271906311,a,long_a_short_h
2023-12-11,6.18,9.867,-0.10040574031639604,-0.014468419344982232,0.06569055551059637,-1.30821425246665,a,long_a_short_h
2023-12-12,6.22,9.898924000000001,-0.09662159297878326,-0.015690139091247852,0.06584489404150086,-1.2291226991196273,a,long_a_short_h
2023-12-13,6.09,9.611976000000002,-0.09345165021832913,-0.016914714907516497,0.06591377348186053,-1.1611675567607367,a,long_a_short_h
2023-12-14,6.08,9.54822,-0.08959931562990198,-0.01816919299894806,0.06585211277867249,-1.0847051008223378,a,long_a_short_h
2023-12-15,6.06,9.771412,-0.1119752058619432,-0.01962173870539608,0.06598381559396116,-1.3996381737736203,a,long_a_short_h
2023-12-18,6.09,9.771412,-0.10703692422136069,-0.02104355419572557,0.06601412818074419,-1.302650999043546,a,long_a_short_h
2023-12-19,6.1,9.851084000000002,-0.11210211454387564,-0.02247139753644242,0.06611599558964927,-1.35565858470511,a,long_a_short_h
2023-12-20,6.1,9.91484,-0.11742941698976073,-0.0238179167314955,0.0663925375753473,-1.4099702116676558,a,long_a_short_h
2023-12-21,6.1,9.835168000000001,-0.11076683286057554,-0.02499913824723149,0.06666977520426164,-1.2864554342739354,a,long_a_short_h
2023-12-22,6.15,9.898924000000001,-0.10793941791144457,-0.026376634019352488,0.06666147784838503,-1.2235369890478367,a,long_a_short_h
2023-12-27,6.41,10.217704,-0.09270647266730725,-0.027636344709303855,0.06647288783461039,-0.9788972628946531,a,long_a_short_h
2023-12-28,6.36,10.345216,-0.11077910621550124,-0.029219196569950128,0.06616916673780933,-1.2325968977171273,a,long_a_short_h
2023-12-29,6.36,10.361132000000001,-0.11204860536416872,-0.030850477768789474,0.065773621995305,-1.2345089890469354,a,long_a_short_h
2024-01-02,6.43,10.520568,-0.11371290316441263,-0.03248119353552093,0.0653775133874237,-1.2425022828188168,a,long_a_short_h
2024-01-03,6.55,10.361132000000001,-0.08261193306903891,-0.033815761255237504,0.06474433421049809,-0.753674779559155,a,long_a_short_h
2024-01-04,6.69,10.64808,-0.08402223888176685,-0.03540090031343033,0.0636061899399422,-0.7644120582327826,a,long_a_short_h
2024-01-05,6.74,10.823432,-0.09006456390824336,-0.036904415452874026,0.062734981901414,-0.8473764850830561,a,long_a_short_h
2024-01-08,6.73,10.903104,-0.0976058083822946,-0.03843526335729567,0.061944677726292724,-0.9552159636127012,a,long_a_short_h
2024-01-09,6.72,10.759676,-0.08815756538397279,-0.03988588866491675,0.061039745677044066,-0.7908236868229636,a,long_a_short_h
2024-01-10,6.67,10.64808,-0.08701625309437167,-0.04130245711820984,0.060130295202593886,-0.7602456602306824,a,long_a_short_h
2024-01-11,6.51,10.536484,-0.10259634089809788,-0.042726211336979895,0.059534163151032694,-1.0056432540965257,a,long_a_short_h
2024-01-12,6.51,10.727752,-0.11745248668448727,-0.04419213529662709,0.05918646608095369,-1.2377889108577051,a,long_a_short_h
2024-01-15,6.6,10.823432,-0.11105483980007924,-0.04559076607720442,0.05876186315672149,-1.114057148737407,a,long_a_short_h
2024-01-16,6.61,10.759676,-0.10466206605543604,-0.04733096594344373,0.05736525955781197,-0.9994045273030582,a,long_a_short_h
2024-01-17,6.48,10.504652000000002,-0.10471668534473388,-0.04903785223917823,0.05597168790718974,-0.994767804713703,a,long_a_short_h
2024-01-18,6.47,10.584324,-0.11250065056278435,-0.0507021699705695,0.05484403933067324,-1.1268039580310805,a,long_a_short_h
2024-01-19,6.43,10.520568,-0.11371290316441263,-0.05237963924964149,0.05364418658430513,-1.143334773440588,a,long_a_short_h
2024-01-22,6.35,10.440896,-0.11995510849785895,-0.05399158852164601,0.05272892803677921,-1.250993001985597,a,long_a_short_h
2024-01-23,6.31,10.568408,-0.13629837349832186,-0.05573912397442417,0.05194035593733036,-1.550995330511366,a,long_a_short_h
2024-01-24,6.54,10.982868000000002,-0.13226307168558105,-0.05750745570957252,0.050883868785474524,-1.46914174885516,a,long_a_short_h
2024-01-25,7.19,11.508832000000002,-0.07613818654495619,-0.0587213911461026,0.04954767871264722,-0.3515158701957089,a,long_a_short_h
2024-01-26,7.65,11.620428,-0.02209249648932099,-0.05931689247620921,0.04865913001139037,0.7650033195861609,h,short_a_long_h
2024-01-29,7.56,11.716108,-0.04069852013410569,-0.060046071689429444,0.047701717822289755,0.40559444059021194,h,short_a_long_h
2024-01-30,7.56,11.556672,-0.029383721562549647,-0.060766594538451686,0.046556968469598885,0.6740746661027696,h,short_a_long_h
2024-01-31,7.53,11.52484,-0.031082141979966282,-0.06135342716273064,0.04572088906126001,0.6620887258383097,h,short_a_long_h
2024-02-01,7.34,11.413244,-0.04860313873206157,-0.06217628702650111,0.04457154456695093,0.3045249705011078,h,short_a_long_h
2024-02-02,7.29,11.460992,-0.058885989716667586,-0.06279984422472054,0.04398910904117104,0.0889732616405082,h,short_a_long_h
2024-02-05,7.48,11.460992,-0.03315674375084865,-0.06325860806057794,0.043381270324964416,0.6938907985920991,h,short_a_long_h
2024-02-06,7.31,11.716108,-0.07432643656386007,-0.06405421394535969,0.04269026358523482,-0.2406221408774155,a,long_a_short_h
2024-02-07,7.48,11.636344,-0.04569563345196648,-0.06450856498063477,0.042195348240664905,0.4458532116234016,h,short_a_long_h
2024-02-08,7.46,11.668268000000001,-0.05063545400026359,-0.06509264126998936,0.04150276956414605,0.3483427111383725,h,short_a_long_h
2024-02-19,7.79,12.018972,-0.03180457107978629,-0.0654561491694568,0.04101161424826168,0.8205377600101871,h,short_a_long_h
2024-02-20,7.78,12.417424,-0.06002175330303183,-0.0660581578973045,0.04038729689694337,0.1494629514244495,h,short_a_long_h
2024-02-21,7.84,12.25808,-0.04167384537988106,-0.06633208958089526,0.04010618717770971,0.6148239445388817,h,short_a_long_h
2024-02-22,8.29,12.975404000000001,-0.03282584542594913,-0.06662310734617187,0.03973042634597463,0.8506644662182685,h,short_a_long_h
2024-02-23,8.17,13.03916,-0.051454596099056005,-0.06717608353402545,0.03904202262271498,0.40268117220501143,h,short_a_long_h
2024-02-26,7.96,13.389772,-0.09940612819746475,-0.06801757536057537,0.038633882176146606,-0.8124617840313586,a,long_a_short_h
2024-02-27,8.0,13.373856,-0.09341140678751181,-0.06879349971209589,0.03819494892144229,-0.6445330539922689,a,long_a_short_h
2024-02-28,7.96,13.102916,-0.08152245220099497,-0.06944719746068496,0.03772923842584103,-0.3200503175818034,a,long_a_short_h
2024-02-29,7.96,12.815968000000002,-0.06323696420608504,-0.0698563921974071,0.03738903313565911,0.17704196755515697,h,short_a_long_h
2024-03-01,7.91,12.879724000000001,-0.07363610290588962,-0.07051529144102836,0.03674219881180975,-0.08493807027842233,a,long_a_short_h
2024-03-04,8.21,13.3101,-0.06355387509699462,-0.07111471803815682,0.03602403631526484,0.20988328112356383,h,short_a_long_h
2024-03-05,8.15,13.278268,-0.06891156314582014,-0.07155285178285092,0.03567018259441973,0.07404752218577053,h,short_a_long_h
2024-03-06,8.09,13.342024,-0.08025634672073734,-0.07211540840051743,0.03526502488869761,-0.23085020770335726,a,long_a_short_h
2024-03-07,8.17,13.708644000000001,-0.09280166168912274,-0.07294725596739285,0.03455278267764872,-0.5746109049148501,a,long_a_short_h
2024-03-08,8.27,14.314372,-0.11634133245244715,-0.07379454071448502,0.034357709218072796,-1.2383477451279472,a,long_a_short_h
2024-03-11,8.1,13.804232,-0.1071446475368747,-0.07451457163256119,0.03414122193580976,-0.9557383729751261,a,long_a_short_h
2024-03-12,7.82,13.852072,-0.14518108315117528,-0.0754461615929824,0.03453259903683011,-2.0193939495784368,a,long_a_short_h
2024-03-13,7.82,14.011508000000001,-0.15463161220073207,-0.07644155981772552,0.035079493027385986,-2.228939064825277,a,long_a_short_h
2024-03-14,7.91,14.123012000000001,-0.14973407021670493,-0.0774661273475964,0.03541092202102786,-2.0408376496436347,a,long_a_short_h
2024-03-15,7.97,13.931744,-0.13091720192385514,-0.07831515050167111,0.035461301075093016,-1.4833649591929434,a,long_a_short_h
2024-03-18,7.98,13.915828000000001,-0.12871933422470816,-0.07927294293411843,0.035255278008207984,-1.4025245036807772,a,long_a_short_h
2024-03-19,8.01,14.123012000000001,-0.13717109091599955,-0.08026863474169386,0.03518853803343893,-1.6170736084639967,a,long_a_short_h
2024-03-20,8.23,14.409960000000002,-0.12668595617166556,-0.08125630477690174,0.034809011437219796,-1.3051117948781454,a,long_a_short_h
2024-03-21,8.26,14.521556,-0.12941800034896067,-0.0824302553784186,0.03402260629248452,-1.3810742353657224,a,long_a_short_h
2024-03-22,8.18,14.123012000000001,-0.11616970138161165,-0.08322512158918728,0.0336828359878467,-0.9780821248041967,a,long_a_short_h
2024-03-25,8.36,14.36212,-0.10826740664365708,-0.08393847051267402,0.03329371051114236,-0.7307366994388005,a,long_a_short_h
2024-03-26,8.29,14.314372,-0.11392587234084361,-0.08463000740610511,0.03304456384540991,-0.8865562599582586,a,long_a_short_h
2024-03-27,8.26,14.027424,-0.10082908600329565,-0.08528420071446306,0.03257447723374825,-0.4772105835278784,a,long_a_short_h
2024-03-28,8.33,14.441884,-0.11643596597550898,-0.08605000608556779,0.03221260892233137,-0.9432939742076013,a,long_a_short_h
2024-04-02,8.97,15.270712000000001,-0.08849649797688741,-0.08651496584247349,0.03183657981788031,-0.06224073520928385,a,long_a_short_h
2024-04-03,9.17,15.254795999999999,-0.06558374933843947,-0.08690548896174437,0.03128056281090035,0.6816290279749987,h,short_a_long_h
2024-04-08,9.25,15.23888,-0.05603544670895566,-0.08717208882756526,0.030873985633724982,1.0085073721287772,h,short_a_long_h
2024-04-09,9.11,15.031696,-0.059981972842364506,-0.08755179651195855,0.030245474856474955,0.9115354875538312,h,short_a_long_h
2024-04-10,9.25,15.270712000000001,-0.05775862252325803,-0.08782264409662238,0.029825548630413572,1.007995592835721,h,short_a_long_h
2024-04-11,9.21,15.430147999999999,-0.07066944720801294,-0.08808901522060889,0.02952441020294743,0.5900056222243162,h,short_a_long_h
2024-04-12,9.25,15.222964000000001,-0.0551725085239565,-0.08834711531643985,0.029093440410968695,1.1402778882065798,h,short_a_long_h
2024-04-15,9.61,15.446064000000002,-0.02900643178741724,-0.08819609680335454,0.02935505382785739,2.016336449697375,h,short_a_long_h
2024-04-16,9.81,15.143200000000002,0.007944516688222603,-0.08753444923324259,0.030603831038587225,3.119837049194244,h,short_a_long_h
2024-04-17,9.84,14.999771999999998,0.01885669663560341,-0.08686483745607444,0.03202441941724726,3.301278712167373,h,short_a_long_h
2024-04-18,9.56,14.664984000000002,0.008628864589350638,-0.08628045761262507,0.033112562652192194,2.8662632729119895,h,short_a_long_h
2024-04-19,9.83,14.840336,0.026664458974679395,-0.0856672373773924,0.03449989815259554,3.256000810646472,h,short_a_long_h
2024-04-22,9.57,14.473716000000001,0.0205156161897464,-0.08524650381798232,0.035478784810571325,2.9809961240897866,h,short_a_long_h
2024-04-23,9.32,14.680992,-0.01769716257041587,-0.08510143662022837,0.03572029492541239,1.8870021703504822,h,short_a_long_h
2024-04-24,9.39,14.920100000000001,-0.023555785044719002,-0.08487766771452379,0.03602228822025022,1.7023316868397105,h,short_a_long_h
2024-04-25,9.49,15.143200000000002,-0.025219144267212723,-0.08462824315529668,0.03633214768552354,1.6351661730075862,h,short_a_long_h
2024-04-26,9.62,15.685172,-0.04065190762661475,-0.08460153072094093,0.036363540296633065,1.2086178280720241,h,short_a_long_h
2024-04-29,9.2,15.748928000000001,-0.08864251644466048,-0.08469398667357622,0.03635955935148431,-0.10859674433659129,a,long_a_short_h
2024-04-30,9.25,16.179304000000002,-0.10548635633797909,-0.08495984533018565,0.03639425607563827,-0.5640041374972233,a,long_a_short_h
2024-05-06,9.01,15.717096000000002,-0.10784013024604544,-0.08516646516879402,0.03645363163025542,-0.6219864541132019,a,long_a_short_h
2024-05-07,9.11,15.796768000000002,-0.10097797527678898,-0.08522697923324855,0.03647396547972527,-0.4318421601922036,a,long_a_short_h
2024-05-08,9.12,15.796768000000002,-0.09988088246241578,-0.08536233929858791,0.03649815018786218,-0.3977884656920544,a,long_a_short_h
2024-05-09,9.07,15.876440000000002,-0.10953290066708599,-0.0855115938016373,0.03656053297910923,-0.6570283556635927,a,long_a_short_h
2024-05-10,9.08,16.33874,-0.13213352114320376,-0.08591996409019877,0.03680655219428373,-1.2555796263954935,a,long_a_short_h
2024-05-13,9.02,15.940288,-0.11837514945779626,-0.08617627539916738,0.036925376123903675,-0.8719985397192721,a,long_a_short_h
2024-05-14,8.94,15.573576000000003,-0.10806426643857003,-0.0862758916780033,0.03696850045327324,-0.58937675300372,a,long_a_short_h
2024-05-16,8.85,15.398316000000001,-0.10883648619891595,-0.08637121534430103,0.03701214082826214,-0.6069703170874309,a,long_a_short_h
2024-05-17,8.93,15.430147999999999,-0.10154290258682064,-0.08651413201217079,0.037037540009560395,-0.4057712950366174,a,long_a_short_h
2024-05-20,9.19,15.669256,-0.08554186349881387,-0.0865453737051023,0.037035105172329504,0.027096188916406666,h,short_a_long_h
2024-05-21,9.12,15.318552000000002,-0.07449536994867678,-0.08646057414078691,0.0370510787999414,0.32293807844885347,h,short_a_long_h
2024-05-22,9.05,15.175124000000002,-0.07443205762944949,-0.08629144168053803,0.03705934524769916,0.3200106200425878,h,short_a_long_h
2024-05-23,8.92,15.28672,-0.09495143872608924,-0.0862841080431684,0.03705752854566271,-0.23388852476335173,a,long_a_short_h
2024-05-24,8.98,15.637424,-0.10697861492169292,-0.08627719751822913,0.03705355815056204,-0.558689055430154,a,long_a_short_h
2024-05-27,9.22,16.298904,-0.11481682232586898,-0.08637851382915862,0.03711529773367456,-0.766215286774014,a,long_a_short_h
2024-05-28,9.36,16.418412,-0.10577942802778573,-0.08644982029299791,0.0371445149320522,-0.5203892895127886,a,long_a_short_h
2024-05-29,9.45,16.697448,-0.11012668083934818,-0.0864835991735084,0.037164348025142915,-0.6361764142840459,a,long_a_short_h
2024-05-30,9.18,16.298904,-0.11916465526197273,-0.0866529338198914,0.03726729271383464,-0.8723928966810107,a,long_a_short_h
2024-05-31,9.13,16.65752,-0.14259867095623857,-0.08701525119880957,0.0375993934265964,-1.4783062887953766,a,long_a_short_h
2024-06-03,9.15,16.77712,-0.14631845635671326,-0.08736365922509963,0.03795488996519235,-1.553285945122746,a,long_a_short_h
2024-06-04,8.99,16.458340000000003,-0.14811768455633922,-0.087804013810473,0.038351915107454226,-1.5726377829341678,a,long_a_short_h
2024-06-05,8.8,16.179304000000002,-0.15535818637815213,-0.08828565087431786,0.03883535314582159,-1.7270999249571857,a,long_a_short_h
2024-06-06,8.99,16.816956,-0.1659179490891769,-0.08883287042025863,0.03946295248227748,-1.9533530519171522,a,long_a_short_h
2024-06-07,8.99,16.936464,-0.17176561989950123,-0.08940503368698711,0.04016316124597124,-2.050649990126853,a,long_a_short_h
2024-06-11,8.84,16.976392,-0.19053612464648628,-0.09015740311415861,0.04120030811086714,-2.436358516111471,a,long_a_short_h
2024-06-12,9.0,17.374844,-0.19175663831341572,-0.0910475715517256,0.042227717930304526,-2.3849043163522867,a,long_a_short_h
2024-06-13,8.92,17.58856,-0.21078083440622608,-0.0921006293811114,0.04361379552997422,-2.721162044783513,a,long_a_short_h
2024-06-14,8.85,17.506404,-0.21479300741829777,-0.09304204864452785,0.04502193347154013,-2.7042587775741076,a,long_a_short_h
2024-06-17,8.69,17.342000000000002,-0.2252457842309239,-0.09378506634322854,0.0464512903868607,-2.8300767705880694,a,long_a_short_h
2024-06-18,8.79,17.629684,-0.22739061420998352,-0.09469037164962667,0.0479756249060069,-2.76599299790969,a,long_a_short_h
2024-06-19,8.9,18.657048,-0.2617269683105192,-0.09595982670883982,0.05032577098634108,-3.2938818095140614,a,long_a_short_h
2024-06-20,9.06,19.314572000000002,-0.2725112172758264,-0.09739403901683509,0.052842965027037045,-3.313916586046843,a,long_a_short_h
2024-06-21,8.98,18.69808,-0.2545925183543507,-0.09871046339496482,0.05475659692000561,-2.846817803288896,a,long_a_short_h
2024-06-24,9.03,18.533768,-0.24175117648715672,-0.09994629278053838,0.05628899182037855,-2.5192294109499414,a,long_a_short_h
2024-06-25,9.05,18.657048,-0.24501348733677863,-0.10124141087809568,0.05781612208002212,-2.4867125515559647,a,long_a_short_h
2024-06-26,8.94,18.533768,-0.25176795473062796,-0.10240635045200139,0.059420305264992423,-2.513645859147466,a,long_a_short_h
2024-06-27,8.93,17.876244000000003,-0.22305806539004003,-0.10337319329507372,0.06043158285455133,-1.9805020229741077,a,long_a_short_h
2024-06-28,9.51,18.410488,-0.1844484286843726,-0.10397607924624452,0.06087861953771481,-1.3218491163104444,a,long_a_short_h
2024-07-02,9.82,19.232324,-0.1884351938669302,-0.10456779405355428,0.06135369879050244,-1.3669493684439218,a,long_a_short_h
2024-07-03,9.74,19.232324,-0.1966151985788609,-0.10528319710120666,0.06192444343633294,-1.4748941840964047,a,long_a_short_h
2024-07-04,9.8,19.232324,-0.1904739305567782,-0.10597098470658442,0.06241063567758467,-1.353983098117101,a,long_a_short_h
2024-07-05,9.71,19.109044,-0.1943896193827701,-0.10681834426254662,0.0629172560215356,-1.391848288651514,a,long_a_short_h
2024-07-08,9.83,19.026888,-0.17854895477551835,-0.10738309300054677,0.06325634597594078,-1.1250390878100855,a,long_a_short_h
2024-07-09,9.8,18.862484000000002,-0.17443912702197206,-0.1079030140143618,0.0635507325950618,-1.04697633356284,a,long_a_short_h
2024-07-10,9.52,18.20496,-0.17412674396646066,-0.1084064626877122,0.06383580502106119,-1.0295206782003536,a,long_a_short_h
2024-07-11,9.64,18.574800000000003,-0.1782086446950113,-0.10920310195126197,0.06410712024590515,-1.0764099600645698,a,long_a_short_h
2024-07-12,9.52,18.780328,-0.19982204110884627,-0.1101681003031543,0.06459459812543274,-1.3879479617103254,a,long_a_short_h
2024-07-15,9.65,18.492644000000002,-0.17351126334969624,-0.11086348946516639,0.06482511488937859,-0.9664120764218579,a,long_a_short_h
2024-07-16,9.68,18.32824,-0.16303294073303887,-0.11140871556808926,0.06498761225768136,-0.7943702402891062,a,long_a_short_h
2024-07-17,9.3,17.383124000000002,-0.15936025491171968,-0.11200207131415382,0.06509849457418425,-0.727485080989053,a,long_a_short_h
2024-07-18,9.4,17.71184,-0.16413497776562913,-0.11264472735308098,0.06523028718047544,-0.7893610872827811,a,long_a_short_h
2024-07-19,9.19,16.84888,-0.1454809988743886,-0.11300209950288338,0.06529221828024645,-0.49743905517346154,a,long_a_short_h
2024-07-22,8.87,16.807756,-0.17890411287361108,-0.11351419638779277,0.06556782226168127,-0.9972866907924295,a,long_a_short_h
2024-07-23,8.76,16.7256,-0.1873366393700162,-0.11414987805087556,0.06591264860776642,-1.1103598909317252,a,long_a_short_h
2024-07-24,8.81,16.931036000000002,-0.191726325589459,-0.11487541354699242,0.06628546051191542,-1.1593931979796979,a,long_a_short_h
2024-07-25,8.44,16.273512,-0.20192204626583354,-0.11568545822133493,0.06675257755272637,-1.2918840171584725,a,long_a_short_h
2024-07-26,8.39,16.35576,-0.2120269722144572,-0.11651484423509886,0.06732848643323726,-1.4185990661481438,a,long_a_short_h
2024-07-29,8.42,16.931036000000002,-0.23700393728331193,-0.11754226951942302,0.06822016899736871,-1.7511194932468812,a,long_a_short_h
2024-07-30,8.09,16.372136,-0.24926516424456047,-0.1186198533173122,0.06927176661146824,-1.8859820864683907,a,long_a_short_h
2024-07-31,8.27,16.84888,-0.2509624262063843,-0.11957538708987939,0.07030086611678352,-1.8689248991363108,a,long_a_short_h
2024-08-01,8.32,17.177596,-0.26089050627956256,-0.12064728237816257,0.07146688202071247,-1.962352630142096,a,long_a_short_h
2024-08-02,8.16,16.766632,-0.26031177055946264,-0.12218206224495012,0.07247351040868907,-1.9059337340716385,a,long_a_short_h
2024-08-05,7.76,15.698236000000001,-0.25620134649612547,-0.12413296932834016,0.07290625259167252,-1.8114821770838128,a,long_a_short_h
2024-08-06,7.82,15.500988000000001,-0.2380572987576115,-0.12577762581686935,0.07323360438276462,-1.5331714707622248,a,long_a_short_h
2024-08-07,7.92,15.813236000000002,-0.2418199160899399,-0.12754792743793095,0.0734511836236983,-1.5557542168066605,a,long_a_short_h
2024-08-08,7.88,16.142044000000002,-0.2638780542326007,-0.12948789337336958,0.07395449022333998,-1.817200827879112,a,long_a_short_h
2024-08-09,8.05,16.35576,-0.2533954012630999,-0.13119449556112825,0.07443365758147998,-1.6417425889383779,a,long_a_short_h
2024-08-12,8.03,16.224200000000003,-0.24921370570869872,-0.13278055986106183,0.07490622138642489,-1.5543855195549598,a,long_a_short_h
2024-08-13,8.1,16.47904,-0.25340443767490317,-0.13461595731042894,0.0751426135068136,-1.5808404155879274,a,long_a_short_h
2024-08-14,8.09,16.421448,-0.25174867455796734,-0.13609447596037985,0.0756898801246976,-1.528000816054266,a,long_a_short_h
2024-08-15,8.16,16.372136,-0.24064972633894532,-0.1377190934011047,0.07582538101249194,-1.3574693798226112,a,long_a_short_h
2024-08-16,8.3,16.931036000000002,-0.25135825073499474,-0.13939178337389407,0.07610163875353833,-1.4712753784936703,a,long_a_short_h
2024-08-19,8.36,16.889912,-0.24214711656108534,-0.14114463791957158,0.07602512971634753,-1.3285406946144993,a,long_a_short_h
2024-08-20,8.19,16.561196000000002,-0.24646135793168344,-0.142698301291477,0.07625805625873716,-1.3606832081865177,a,long_a_short_h
2024-08-21,8.23,16.7256,-0.24974652962933774,-0.14443224032688917,0.0763072208951136,-1.3801353013131745,a,long_a_short_h
2024-08-22,8.2,16.643352,-0.24932753568970334,-0.1462364210790871,0.07620564122304391,-1.3528016162068905,a,long_a_short_h
2024-08-23,8.23,16.807756,-0.2537928945061205,-0.14792257356581262,0.07632924581061822,-1.3870217085988843,a,long_a_short_h
2024-08-26,8.34,17.013192,-0.2505479353318236,-0.1491820886252656,0.07676768688331463,-1.3204233554754894,a,long_a_short_h
2024-08-27,8.59,17.58856,-0.2484780450019799,-0.1504743106103862,0.07712529311121458,-1.270708096373422,a,long_a_short_h
2024-08-28,8.46,17.506404,-0.2598612928200037,-0.15196046761554463,0.0775027840781004,-1.392218698824112,a,long_a_short_h
2024-08-29,8.2,17.424156,-0.28718745039078986,-0.15382672166708383,0.07804284707419001,-1.7088142440130236,a,long_a_short_h
2024-08-30,8.23,17.71184,-0.2970586523526091,-0.15568857624580648,0.0787753161595242,-1.7945986509342684,a,long_a_short_h
2024-09-02,8.3,17.383124000000002,-0.2731191402683777,-0.157434953455568,0.07903810675953954,-1.4636507825871872,a,long_a_short_h
2024-09-03,8.03,17.465280000000003,-0.31008379678550835,-0.15944472206923208,0.07983050502895234,-1.8869863677004626,a,long_a_short_h
2024-09-04,7.6,16.35576,-0.31091924540128724,-0.16136691289156999,0.08068022722631947,-1.8536429265401269,a,long_a_short_h
2024-09-05,7.49,16.306448,-0.32300519550354,-0.1632852756733568,0.08176574017057324,-1.9533843819793977,a,long_a_short_h
2024-09-09,7.21,15.681768000000002,-0.32884798745744837,-0.16505616446506513,0.08303191993717828,-1.9726368258894613,a,long_a_short_h
2024-09-10,7.28,15.747548000000002,-0.32264277488038684,-0.16685198219292774,0.08409250949954944,-1.852612005689922,a,long_a_short_h
2024-09-11,7.14,15.385896,-0.32287482948043866,-0.16833276341233824,0.08526404089827087,-1.8125116337435339,a,long_a_short_h
2024-09-12,7.22,15.539904000000002,-0.319957500059433,-0.1697104791444941,0.08636931697769734,-1.7395879251162347,a,long_a_short_h
2024-09-13,7.28,15.813696000000002,-0.3261042813487538,-0.17118023090392784,0.08751951306716918,-1.770165818060772,a,long_a_short_h
2024-09-19,7.44,16.08758,-0.3185441299591203,-0.17274378863755505,0.08846505252357874,-1.648112301552128,a,long_a_short_h
2024-09-20,7.49,16.17314,-0.31622643880605783,-0.17430634784239965,0.089332629476013,-1.588670251800498,a,long_a_short_h
2024-09-23,7.59,16.241588,-0.30645119886799743,-0.1757170154086663,0.09007477567757188,-1.4513961592011293,a,long_a_short_h
2024-09-24,7.92,16.909048000000002,-0.29714942000604694,-0.17713754427395279,0.09063742508209477,-1.3240874354428482,a,long_a_short_h
2024-09-25,7.96,16.840600000000002,-0.28876201772736243,-0.17846541108543948,0.0910984912015665,-1.2107402130061438,a,long_a_short_h
2024-09-26,7.95,15.745248,-0.23448108864511719,-0.17945133931263538,0.09105883364333624,-0.6043318053910625,a,long_a_short_h
2024-09-27,7.94,15.899348000000002,-0.2437825634163433,-0.18058063228574106,0.09100890845507197,-0.6944587316065097,a,long_a_short_h
2024-09-30,8.55,16.618144,-0.20627871176915802,-0.18135023928097702,0.09083082472184564,-0.27444947862711055,a,long_a_short_h
2024-10-08,8.85,17.413944,-0.21042001980088054,-0.1822634970626236,0.09056497360661445,-0.31089859155218175,a,long_a_short_h
2024-10-09,8.01,16.515472,-0.26640139623477976,-0.18351320898145085,0.09068359563334807,-0.9140372817644158,a,long_a_short_h
2024-10-10,8.28,17.200044,-0.2667882515257727,-0.1849989735943582,0.09057425967125685,-0.9030079652681916,a,long_a_short_h
2024-10-14,8.29,17.242824000000002,-0.2676326189005538,-0.18668271417404247,0.09021300708152645,-0.8973196587201225,a,long_a_short_h
2024-10-15,7.99,16.515472,-0.2689013975368644,-0.18845659709760837,0.08971390639506958,-0.8966815031440546,a,long_a_short_h
2024-10-16,7.98,16.34426,-0.26154824761155293,-0.19013631605401832,0.08917359619217463,-0.800819240301103,a,long_a_short_h
2024-10-17,7.91,16.292924000000003,-0.26776104200944095,-0.19188633621640314,0.08861274148905088,-0.8562505179056333,a,long_a_short_h
2024-10-18,8.09,16.275812,-0.24439232834837066,-0.1933340268925728,0.08803292855011571,-0.5799909453964284,a,long_a_short_h
2024-10-21,8.01,16.053356,-0.24296558836937399,-0.19489896922461797,0.08722166227253202,-0.5510857955741257,a,long_a_short_h
2024-10-22,8.01,16.053356,-0.24296558836937399,-0.19668196219613426,0.08598002329087011,-0.538306741516717,a,long_a_short_h
2024-10-23,8.03,16.121804,-0.24398534294271412,-0.19878137769305873,0.08399439120554011,-0.5381783783519324,a,long_a_short_h
2024-10-24,8.01,16.310036,-0.2560649161686319,-0.201072391133094,0.0817270048864584,-0.6728807095272593,a,long_a_short_h
2024-10-25,7.95,16.190252,-0.25749657795895153,-0.20329010315432988,0.07957111816154379,-0.6812330410460323,a,long_a_short_h
2024-10-28,7.93,16.00202,-0.2503583274912109,-0.20559862637487894,0.07681434467395613,-0.5826997718501361,a,long_a_short_h
2024-10-29,7.77,15.76236,-0.2582798422831494,-0.20792192186215308,0.07408561466663761,-0.6797260257283602,a,long_a_short_h
2024-10-30,7.68,15.42012,-0.2518028949400968,-0.20987280296523375,0.0720898182804188,-0.5816368105099271,a,long_a_short_h
2024-10-31,7.67,15.557016,-0.26040467321683725,-0.21184654370000142,0.07016235951965748,-0.6920823337366703,a,long_a_short_h
2024-11-01,7.86,15.728136000000001,-0.244968446136979,-0.21367778788224948,0.06808749351971755,-0.4595654302602285,a,long_a_short_h
2024-11-04,7.77,15.50568,-0.24472161112323532,-0.2153783687447213,0.06625337364314704,-0.4428943126211529,a,long_a_short_h
2024-11-05,7.84,15.745248,-0.2484141829490416,-0.2167097992989245,0.06528337046519139,-0.4856425675359645,a,long_a_short_h
2024-11-06,7.83,15.351671999999999,-0.22878617365016973,-0.2177372977765261,0.06448351954360731,-0.1713441814566555,a,long_a_short_h
2024-11-07,7.91,15.437232,-0.22321055190344907,-0.21869871795700443,0.06368636652534486,-0.07084458091433261,a,long_a_short_h
2024-11-08,7.82,15.197664000000001,-0.22173792424506455,-0.2197050508650734,0.06275790346758262,-0.03239230866023499,a,long_a_short_h
2024-11-11,7.66,14.803996000000001,-0.22073786277938456,-0.22071219236771483,0.06178095587538151,-0.00041550687110622465,a,long_a_short_h
2024-11-12,7.58,14.495888,-0.21386843976558256,-0.2215816551935356,0.060931479681853314,0.12658834921171608,h,short_a_long_h
2024-11-13,7.65,14.564428000000001,-0.20857134152864631,-0.22221863703008096,0.06038562289262825,0.2260023967244806,h,short_a_long_h
2024-11-14,7.61,14.324768,-0.20011219589320173,-0.22289977908370934,0.05966108348940572,0.38195054225849084,h,short_a_long_h
2024-11-15,7.61,14.393216,-0.20404868942997,-0.22369964927530436,0.05874495040915419,0.33451317446805023,h,short_a_long_h
2024-11-18,7.72,14.581540000000002,-0.20043229596652923,-0.22446294769003444,0.057827855460492586,0.41555495240391055,h,short_a_long_h
2024-11-19,7.7,14.684212,-0.2088205650385273,-0.22535692821046535,0.056730431838869236,0.29149016913719394,h,short_a_long_h
2024-11-20,7.7,14.632876000000001,-0.20592853002780487,-0.22636015043154029,0.05528316119205061,0.36958126060767604,h,short_a_long_h
2024-11-21,7.68,14.684212,-0.2114213467385846,-0.2275012002381228,0.05350686270288179,0.30051946025742576,h,short_a_long_h
2024-11-22,7.59,14.598652000000001,-0.2183836019529395,-0.2287007964408186,0.05162692793347132,0.19984134057277786,h,short_a_long_h
2024-11-25,7.61,14.821108,-0.22824066250679897,-0.22981153997232448,0.05013751624952495,0.03133137783905259,h,short_a_long_h
2024-11-26,7.6,14.649988,-0.21996574906602473,-0.23075309942352726,0.04885592966625673,0.22079920351926116,h,short_a_long_h
2024-11-27,7.61,14.769772,-0.2253753863368353,-0.2316744207902853,0.04767952903989082,0.1321119268644612,h,short_a_long_h
2024-11-28,7.61,14.581540000000002,-0.21478348812961934,-0.2325827879578006,0.0462786499898048,0.38461147488317954,h,short_a_long_h
2024-11-29,7.62,14.632876000000001,-0.21637248918888852,-0.23346816969404674,0.04491234295899409,0.38064548359828243,h,short_a_long_h
2024-12-02,7.6,14.598652000000001,-0.21706694606819288,-0.23428402211743193,0.04369113714729097,0.3940633541122329,h,short_a_long_h
2024-12-03,7.67,14.889556,-0.22419218762593118,-0.23496396808967937,0.042879654014934175,0.2512095937153919,h,short_a_long_h
2024-12-04,8.0,15.231888000000001,-0.20083847337538208,-0.23541830156483495,0.04221621567604081,0.8191124579903581,h,short_a_long_h
2024-12-05,7.85,15.094899999999999,-0.21230610289929253,-0.23595320505102624,0.0415013714912648,0.569790859964976,h,short_a_long_h
2024-12-06,7.88,15.163348000000001,-0.21222784063313993,-0.23642711883648446,0.040893557361921094,0.5917626091849422,h,short_a_long_h
2024-12-09,7.99,15.437232,-0.2131475739048283,-0.23682069904328157,0.040433936840283846,0.5854766314732929,h,short_a_long_h
2024-12-10,7.92,15.180551999999999,-0.20810093562260112,-0.23712349334097407,0.04007714681492843,0.7241672630138997,h,short_a_long_h
2024-12-11,8.01,15.283224000000002,-0.20236774740593066,-0.23722209019730275,0.03997599682278156,0.8718817680991325,h,short_a_long_h
2024-12-12,8.01,15.385896,-0.2078968447516636,-0.23735659191762146,0.03984868966930818,0.7392902353988324,h,short_a_long_h
2024-12-13,7.84,15.129124000000001,-0.21545096812648,-0.2373955096986236,0.039824789991910345,0.5510271762035962,h,short_a_long_h
2024-12-16,8.01,15.249,-0.20051645757389958,-0.23727653844992028,0.039914103857970264,0.9209797370580387,h,short_a_long_h
2024-12-17,8.03,15.50568,-0.21180724754412106,-0.23716455064419692,0.03996695983200154,0.634456641352347,h,short_a_long_h
2024-12-18,8.06,15.539904000000002,-0.20989889644563053,-0.23701878632949397,0.040034745823438196,0.6774088189161475,h,short_a_long_h
2024-12-19,7.98,15.50568,-0.218053364041074,-0.23665483962724862,0.04000674544237735,0.464958480888348,h,short_a_long_h
2024-12-20,7.9,15.317448,-0.21804289785148034,-0.23620093696537908,0.03990537371086623,0.4550274167449861,h,short_a_long_h
2024-12-23,8.13,15.659688000000001,-0.2075924736906205,-0.23580926992651466,0.03995396603257213,0.7062326731942118,h,short_a_long_h
2024-12-24,8.32,15.91646,-0.1979218840485344,-0.23544402582285945,0.04009926214985373,0.9357314764072766,h,short_a_long_h
2024-12-27,8.45,15.984908,-0.1859613736901271,-0.23495192487580402,0.04034244661195058,1.2143673797702819,h,short_a_long_h
2024-12-30,8.53,16.138916000000002,-0.18445655893215962,-0.23439099657748347,0.04057395914185374,1.2307016298494367,h,short_a_long_h
2024-12-31,8.47,16.361372,-0.2028202825765919,-0.2342223483873714,0.040663422198334104,0.7722435573085136,h,short_a_long_h
