date,capital,spread,zscore,cheap_leg,position,gross_exposure,returns
2018-01-02,100000.0,0.3398305333006555,,flat,flat,0.0,0.0
2018-01-03,100000.0,0.3360835181156765,,flat,flat,0.0,0.0
2018-01-04,100000.0,0.33860936525735386,,flat,flat,0.0,0.0
2018-01-05,100000.0,0.3366862410842262,,flat,flat,0.0,0.0
2018-01-08,100000.0,0.3394563808403712,,flat,flat,0.0,0.0
2018-01-09,100000.0,0.33644439301292883,,flat,flat,0.0,0.0
2018-01-10,100000.0,0.3503480636736498,,flat,flat,0.0,0.0
2018-01-11,100000.0,0.35329306784218306,,flat,flat,0.0,0.0
2018-01-12,100000.0,0.3316409529519311,,flat,flat,0.0,0.0
2018-01-15,100000.0,0.3515792539136551,,flat,flat,0.0,0.0
2018-01-16,100000.0,0.32419345300358815,,flat,flat,0.0,0.0
2018-01-17,100000.0,0.34889702825655355,,flat,flat,0.0,0.0
2018-01-18,100000.0,0.3460582645717081,,flat,flat,0.0,0.0
2018-01-19,100000.0,0.38411819763938504,,flat,flat,0.0,0.0
2018-01-22,100000.0,0.3659541676880911,,flat,flat,0.0,0.0
2018-01-23,100000.0,0.3854704944672356,,flat,flat,0.0,0.0
2018-01-24,100000.0,0.3757002342630664,,flat,flat,0.0,0.0
2018-01-25,100000.0,0.3615425347403831,,flat,flat,0.0,0.0
2018-01-26,100000.0,0.37788149559290685,,flat,flat,0.0,0.0
2018-01-29,100000.0,0.3817688371010419,,flat,flat,0.0,0.0
2018-01-30,100000.0,0.3843179532990948,,flat,flat,0.0,0.0
2018-01-31,100000.0,0.382961013149963,,flat,flat,0.0,0.0
2018-02-01,100000.0,0.38821132996218344,,flat,flat,0.0,0.0
2018-02-02,100000.0,0.3830813247794451,,flat,flat,0.0,0.0
2018-02-05,100000.0,0.4060438308130099,,flat,flat,0.0,0.0
2018-02-06,100000.0,0.39139501312369673,,flat,flat,0.0,0.0
2018-02-07,100000.0,0.36385811651663036,,flat,flat,0.0,0.0
2018-02-08,100000.0,0.35474351576206087,,flat,flat,0.0,0.0
2018-02-09,100000.0,0.32981707219113554,,flat,flat,0.0,0.0
2018-02-12,100000.0,0.3512715208905104,,flat,flat,0.0,0.0
2018-02-13,100000.0,0.35326122365152735,,flat,flat,0.0,0.0
2018-02-14,100000.0,0.3474828821556508,,flat,flat,0.0,0.0
2018-02-22,100000.0,0.33970556849471367,,flat,flat,0.0,0.0
2018-02-23,100000.0,0.3315993995635784,,flat,flat,0.0,0.0
2018-02-26,100000.0,0.33013812946625753,,flat,flat,0.0,0.0
2018-02-27,100000.0,0.31904733096310856,,flat,flat,0.0,0.0
2018-02-28,100000.0,0.31924435995024125,,flat,flat,0.0,0.0
2018-03-01,100000.0,0.33119161159922617,,flat,flat,0.0,0.0
2018-03-02,100000.0,0.33601218490779217,,flat,flat,0.0,0.0
2018-03-05,100000.0,0.3623731242772148,,flat,flat,0.0,0.0
2018-03-06,100000.0,0.3415903188201248,,flat,flat,0.0,0.0
2018-03-07,100000.0,0.3489905208287343,,flat,flat,0.0,0.0
2018-03-08,100000.0,0.3477330924729187,,flat,flat,0.0,0.0
2018-03-09,100000.0,0.3314709113184964,,flat,flat,0.0,0.0
2018-03-12,100000.0,0.3115240806451476,,flat,flat,0.0,0.0
2018-03-13,100000.0,0.3204061310832871,,flat,flat,0.0,0.0
2018-03-14,100000.0,0.3233107824678654,,flat,flat,0.0,0.0
2018-03-15,100000.0,0.320981304647477,,flat,flat,0.0,0.0
2018-03-16,100000.0,0.32010101502383725,,flat,flat,0.0,0.0
2018-03-19,100000.0,0.3183545491214186,,flat,flat,0.0,0.0
2018-03-20,100000.0,0.32648909685623795,,flat,flat,0.0,0.0
2018-03-21,100000.0,0.3055308087569475,,flat,flat,0.0,0.0
2018-03-22,100000.0,0.30302092881904685,,flat,flat,0.0,0.0
2018-03-23,100000.0,0.28908954554062394,,flat,flat,0.0,0.0
2018-03-26,100000.0,0.26305726432891796,,flat,flat,0.0,0.0
2018-03-27,100000.0,0.26844811296379456,,flat,flat,0.0,0.0
2018-03-28,100000.0,0.2515261300876135,,flat,flat,0.0,0.0
2018-03-29,100000.0,0.26858849915668315,,flat,flat,0.0,0.0
2018-04-03,100000.0,0.2715478778890468,,flat,flat,0.0,0.0
2018-04-04,100000.0,0.2827713458969825,-1.6257260061040901,a,flat,0.0,0.0
2018-04-09,99903.868168,0.2593676174171524,-2.198715555916365,a,long_a_short_h,94771.416,-0.0009613183200000153
2018-04-10,99691.420168,0.2553889299205012,-2.198949622006283,a,long_a_short_h,96535.864,-0.002126524266735541
2018-04-11,98545.876168,0.23454440352954853,-2.593463755727347,a,long_a_short_h,99039.408,-0.0114908985955815
2018-04-12,97164.684168,0.21030072140991818,-2.9657409962784165,a,long_a_short_h,101002.6,-0.014015726012170715
2018-04-13,96996.62016800001,0.206397073074009,-2.8370193131762904,a,long_a_short_h,99618.66399999999,-0.0017296819460598245
2018-04-16,96587.428168,0.19852047606456424,-2.805064100834738,a,long_a_short_h,99057.856,-0.004218621218876284
2018-04-17,95633.140168,0.18146774022419287,-2.9348416739333296,a,long_a_short_h,99624.144,-0.009880043584348797
2018-04-18,95745.852168,0.18492796898263397,-2.6840374387519494,a,long_a_short_h,101257.432,0.0011785872533516262
2018-04-19,94393.340168,0.1637613118789023,-2.8753665127923616,a,long_a_short_h,104161.944,-0.014126063629647634
2018-04-20,94833.948168,0.1694500785846822,-2.610544970036387,a,long_a_short_h,102169.33600000001,0.004667786935135698
2018-04-23,94805.26816800001,0.16797620646975409,-2.496824848697681,a,long_a_short_h,101228.016,-0.00030242334685026684
2018-04-24,95394.75616799999,0.17982502508047005,-2.2022369119971508,a,long_a_short_h,102578.52799999999,0.006217882311723155
2018-04-25,94909.75616799999,0.17072578122535598,-2.2495718775340627,a,long_a_short_h,102093.52799999999,-0.00508413690104581
2018-04-26,94458.916168,0.16169754633897893,-2.288063169139736,a,long_a_short_h,101186.36800000002,-0.00475019658887299
2018-04-27,93866.69216800001,0.15357215862220341,-2.307451804662028,a,long_a_short_h,103330.592,-0.006269646360823056
2018-05-02,93160.194048,0.14309492740809526,-2.353500581533535,a,flat,0.0,-0.007526611449517495
2018-05-03,93160.194048,0.1716405913229735,-1.8846808583228702,a,flat,0.0,0.0
2018-05-04,93160.194048,0.16783643785502145,-1.8807219174514898,a,flat,0.0,0.0
2018-05-07,93160.194048,0.1609076579336921,-1.9170041586520923,a,flat,0.0,0.0
2018-05-08,93160.194048,0.17577103912340197,-1.6730391219406955,a,flat,0.0,0.0
2018-05-09,93160.194048,0.1643380659728182,-1.7790541561608961,a,flat,0.0,0.0
2018-05-10,93160.194048,0.15551422517601532,-1.8442353004624996,a,flat,0.0,0.0
2018-05-11,93160.194048,0.15439082445441987,-1.8100718734489178,a,flat,0.0,0.0
2018-05-14,93160.194048,0.1490302109904169,-1.8295246475022893,a,flat,0.0,0.0
2018-05-15,93160.194048,0.14723887202634334,-1.8049671481502436,a,flat,0.0,0.0
2018-05-16,93070.7507672,0.12149737637892954,-2.060741856136661,a,long_a_short_h,87944.1404,-0.0009601019159954927
2018-05-17,93884.7311672,0.13848529781380203,-1.806103920076235,a,long_a_short_h,87300.16,0.008745823938135278
2018-05-18,96109.1299672,0.1821882071320624,-1.2583296208384858,a,long_a_short_h,92215.76120000001,0.023692870739956184
2018-05-21,96110.8619672,0.1820514226058516,-1.2418087092419505,a,long_a_short_h,92554.02919999999,1.802118072014025e-05
2018-05-23,96877.34516720001,0.20033472435622524,-1.0105100669286335,a,long_a_short_h,88387.546,0.007974990384141734
2018-05-24,96989.7047672,0.20276486240160319,-0.9707798216948255,a,long_a_short_h,88275.1864,0.001159812955300099
2018-05-25,97655.30596720001,0.21878536707714602,-0.7714496176825686,a,long_a_short_h,86249.5852,0.006862596412656519
2018-05-28,97991.84196720002,0.22637622990149686,-0.6746832333886962,a,long_a_short_h,85913.04920000001,0.0034461619536887422
2018-05-29,98098.4627672,0.2301055423571845,-0.6249706758427648,a,long_a_short_h,84786.4284,0.0010880579225736042
2018-05-30,96373.37796720001,0.1937165426980536,-1.0541699124100203,a,long_a_short_h,83621.5132,-0.01758523784510102
2018-05-31,96496.12956720001,0.19468608133019805,-1.0311572879656203,a,long_a_short_h,85538.7616,0.0012737085965979222
2018-06-01,95264.61996720001,0.16748356039047696,-1.3407422307764596,a,long_a_short_h,87110.2712,-0.012762269383482128
2018-06-04,95289.7047672,0.16827868633043397,-1.3124814001202225,a,long_a_short_h,86575.1864,0.0002633170636552329
2018-06-05,95374.7047672,0.1700315351578483,-1.274158941082047,a,long_a_short_h,86660.1864,0.0008920166161461296
2018-06-06,95206.43676720001,0.16639485729941317,-1.2998058464422761,a,long_a_short_h,86828.4544,-0.0017642833119192458
2018-06-07,94578.0222616,0.15496961507395923,-1.41451591517844,a,flat,0.0,-0.006600546422471654
2018-06-08,94578.0222616,0.16755052370646206,-1.2492109005935548,a,flat,0.0,0.0
2018-06-11,94578.0222616,0.1348489676618141,-1.607294796912146,a,flat,0.0,0.0
2018-06-12,94578.0222616,0.1286061262848308,-1.6500769053854325,a,flat,0.0,0.0
2018-06-13,94578.0222616,0.14034273162990507,-1.4900297265325464,a,flat,0.0,0.0
2018-06-14,94578.0222616,0.1536667072252047,-1.3185098849011847,a,flat,0.0,0.0
2018-06-15,94578.0222616,0.16435328351558542,-1.1818731037819779,a,flat,0.0,0.0
2018-06-19,94578.0222616,0.14418929449241658,-1.3943234794400432,a,flat,0.0,0.0
2018-06-20,94578.0222616,0.12526303729933952,-1.5847426924771517,a,flat,0.0,0.0
2018-06-21,94578.0222616,0.14132154834467436,-1.3834587975471997,a,flat,0.0,0.0
2018-06-22,94578.0222616,0.15178818466105537,-1.2502812181129979,a,flat,0.0,0.0
2018-06-25,94578.0222616,0.13195434377519022,-1.4534595255045857,a,flat,0.0,0.0
2018-06-26,94578.0222616,0.13967355512915658,-1.3495621171321033,a,flat,0.0,0.0
2018-06-27,94578.0222616,0.13810508405494448,-1.350032722035778,a,flat,0.0,0.0
2018-06-28,94578.0222616,0.13239745149444282,-1.3953601285936728,a,flat,0.0,0.0
2018-06-29,94578.0222616,0.12872799429340742,-1.417278899364409,a,flat,0.0,0.0
2018-07-03,94578.0222616,0.11858851323037722,-1.5076749180124491,a,flat,0.0,0.0
2018-07-04,94578.0222616,0.14079429059467152,-1.249923628124954,a,flat,0.0,0.0
2018-07-05,94578.0222616,0.1541380474559655,-1.093469911879473,a,flat,0.0,0.0
2018-07-06,94578.0222616,0.1565436834326417,-1.0576659042415326,a,flat,0.0,0.0
2018-07-09,94578.0222616,0.16764760731955808,-0.9206657831076381,a,flat,0.0,0.0
2018-07-10,94578.0222616,0.16696539791700582,-0.912779412922048,a,flat,0.0,0.0
2018-07-11,94578.0222616,0.1503803985243526,-1.0761026137665783,a,flat,0.0,0.0
2018-07-12,94578.0222616,0.15711997892206542,-0.9858415974032432,a,flat,0.0,0.0
2018-07-13,94578.0222616,0.15550043798436697,-0.9869612455545297,a,flat,0.0,0.0
2018-07-16,94578.0222616,0.13313210153199462,-1.2105185257343944,a,flat,0.0,0.0
2018-07-17,94578.0222616,0.13720443492652556,-1.1468459950769703,a,flat,0.0,0.0
2018-07-18,94578.0222616,0.14397831571621644,-1.055481782430675,a,flat,0.0,0.0
2018-07-19,94578.0222616,0.14494626800549892,-1.0276135801457866,a,flat,0.0,0.0
2018-07-20,94578.0222616,0.15934965736163198,-0.8555825222840978,a,flat,0.0,0.0
2018-07-23,94578.0222616,0.16313359856180143,-0.8002878492983787,a,flat,0.0,0.0
2018-07-24,94578.0222616,0.1805422614979555,-0.5968112950852973,a,flat,0.0,0.0
2018-07-25,94578.0222616,0.15367395345833246,-0.8782865582171021,a,flat,0.0,0.0
2018-07-26,94578.0222616,0.1562398371909437,-0.8363817457434071,a,flat,0.0,0.0
2018-07-27,94578.0222616,0.15753187426497872,-0.8081332686716253,a,flat,0.0,0.0
2018-07-30,94578.0222616,0.15294250220032612,-0.8465166558749184,a,flat,0.0,0.0
2018-07-31,94578.0222616,0.15834209592135684,-0.7720059111518109,a,flat,0.0,0.0
2018-08-01,94578.0222616,0.1472878850372794,-0.8845388466116579,a,flat,0.0,0.0
2018-08-02,94578.0222616,0.17078968104840753,-0.6003570657237025,a,flat,0.0,0.0
2018-08-03,94578.0222616,0.18867849463412334,-0.3778140246123083,a,flat,0.0,0.0
2018-08-06,94578.0222616,0.1789105435422509,-0.48063746562392123,a,flat,0.0,0.0
2018-08-07,94578.0222616,0.200110867751091,-0.21047298763173647,a,flat,0.0,0.0
2018-08-08,94578.0222616,0.20297246820935877,-0.15950599774156363,a,flat,0.0,0.0
2018-08-09,94578.0222616,0.21057555930777472,-0.047599428099688944,a,flat,0.0,0.0
2018-08-10,94578.0222616,0.2182493222987596,0.07167923337213776,h,flat,0.0,0.0
2018-08-13,94578.0222616,0.23179010381775078,0.271923043880812,h,flat,0.0,0.0
2018-08-14,94578.0222616,0.24555968454150756,0.4769338084942188,h,flat,0.0,0.0
2018-08-15,94578.0222616,0.2581529527047022,0.6685979992649713,h,flat,0.0,0.0
2018-08-16,94578.0222616,0.25992301914228233,0.7078002271172413,h,flat,0.0,0.0
2018-08-17,94578.0222616,0.26687956893564224,0.8258346322521783,h,flat,0.0,0.0
2018-08-20,94578.0222616,0.262040501879268,0.7802448611689603,h,flat,0.0,0.0
2018-08-21,94578.0222616,0.25407037420941636,0.6876461481394333,h,flat,0.0,0.0
2018-08-22,94578.0222616,0.21092533835109717,0.07672181095451547,h,flat,0.0,0.0
2018-08-23,94578.0222616,0.21826148250040034,0.2021109065951025,h,flat,0.0,0.0
2018-08-24,94578.0222616,0.19527217565455834,-0.12790420728755628,a,flat,0.0,0.0
2018-08-27,94578.0222616,0.1933291572124567,-0.1434218535578064,a,flat,0.0,0.0
2018-08-28,94578.0222616,0.16998691806567412,-0.49082885161216766,a,flat,0.0,0.0
2018-08-29,94578.0222616,0.1687900326182752,-0.49661867977361734,a,flat,0.0,0.0
2018-08-30,94578.0222616,0.16659132906453578,-0.5189325591474467,a,flat,0.0,0.0
2018-08-31,94578.0222616,0.15050044603671986,-0.7726049403765775,a,flat,0.0,0.0
2018-09-03,94578.0222616,0.15633482889734673,-0.665000898682761,a,flat,0.0,0.0
2018-09-04,94578.0222616,0.17129276204148058,-0.39592043147887224,a,flat,0.0,0.0
2018-09-05,94578.0222616,0.1988099743981686,0.11303779164015038,h,flat,0.0,0.0
2018-09-06,94578.0222616,0.18396983967118108,-0.13767502659156394,a,flat,0.0,0.0
2018-09-07,94578.0222616,0.15349883617324211,-0.6950227881415413,a,flat,0.0,0.0
2018-09-10,94578.0222616,0.159712010226009,-0.5655415313107945,a,flat,0.0,0.0
2018-09-11,94578.0222616,0.15261830799285714,-0.6954542260160884,a,flat,0.0,0.0
2018-09-12,94578.0222616,0.14422988297964778,-0.8582231908236015,a,flat,0.0,0.0
2018-09-13,94578.0222616,0.14352745979779935,-0.8684141272917919,a,flat,0.0,0.0
2018-09-14,94578.0222616,0.16365995471183936,-0.42714226003863853,a,flat,0.0,0.0
2018-09-17,94578.0222616,0.17207361175998415,-0.22293847558086383,a,flat,0.0,0.0
2018-09-18,94578.0222616,0.15950129351047693,-0.5015646942087748,a,flat,0.0,0.0
2018-09-19,94578.0222616,0.17573141422482297,-0.09266733243602028,a,flat,0.0,0.0
2018-09-20,94578.0222616,0.19487331391006468,0.41346424910065643,h,flat,0.0,0.0
2018-09-21,94578.0222616,0.218067999082044,1.031540681498725,h,flat,0.0,0.0
2018-09-26,94578.0222616,0.20581719989858493,0.7429143042214038,h,flat,0.0,0.0
2018-09-27,94578.0222616,0.20631483759690306,0.7768111974690591,h,flat,0.0,0.0
2018-09-28,94578.0222616,0.18193057056639095,0.14447920032190695,h,flat,0.0,0.0
2018-10-08,94578.0222616,0.20613551140129438,0.8498036455800152,h,flat,0.0,0.0
2018-10-09,94578.0222616,0.2316613344189702,1.6316610571484005,h,flat,0.0,0.0
2018-10-10,94578.0222616,0.23567016304826627,1.7761226299480821,h,flat,0.0,0.0
2018-10-11,94578.0222616,0.21304435877906935,1.1393941953427802,h,flat,0.0,0.0
2018-10-12,94578.0222616,0.20815595736397552,1.0083526275864099,h,flat,0.0,0.0
2018-10-15,94578.0222616,0.19586893768135183,0.6408858689048894,h,flat,0.0,0.0
2018-10-16,94578.0222616,0.18611101204631475,0.3499525605128481,h,flat,0.0,0.0
2018-10-18,94578.0222616,0.1393672621427946,-1.0612080010221103,a,flat,0.0,0.0
2018-10-19,94578.0222616,0.1883214813450953,0.4295109707008395,h,flat,0.0,0.0
2018-10-22,94578.0222616,0.1824978002034887,0.25270023508776823,h,flat,0.0,0.0
2018-10-23,94578.0222616,0.18597935444125113,0.3531394263581063,h,flat,0.0,0.0
2018-10-24,94578.0222616,0.1920813547740734,0.5327711557029847,h,flat,0.0,0.0
2018-10-25,94578.0222616,0.21345354853640086,1.1653086383140412,h,flat,0.0,0.0
2018-10-26,94578.0222616,0.19646417728554755,0.6457129222034018,h,flat,0.0,0.0
2018-10-29,94578.0222616,0.1947988979664863,0.5885002977162586,h,flat,0.0,0.0
2018-10-30,94578.0222616,0.18832714820149343,0.3865183116539247,h,flat,0.0,0.0
2018-10-31,94578.0222616,0.20106076031885722,0.7584625102631712,h,flat,0.0,0.0
2018-11-01,94578.0222616,0.1889991880761832,0.3844495460112895,h,flat,0.0,0.0
2018-11-02,94578.0222616,0.19373288281254641,0.5216155748617513,h,flat,0.0,0.0
2018-11-05,94578.0222616,0.19408290525557126,0.5251237750845088,h,flat,0.0,0.0
2018-11-06,94578.0222616,0.17943122790853083,0.07786439234028802,h,flat,0.0,0.0
2018-11-07,94578.0222616,0.16190931468183845,-0.44814719487733984,a,flat,0.0,0.0
2018-11-08,94578.0222616,0.14924242480319205,-0.8251859808584697,a,flat,0.0,0.0
2018-11-09,94578.0222616,0.16941084154918262,-0.22100763400705897,a,flat,0.0,0.0
2018-11-12,94578.0222616,0.1606890950875206,-0.4863691683263515,a,flat,0.0,0.0
2018-11-13,94578.0222616,0.17783778879912782,0.02468142567909455,h,flat,0.0,0.0
2018-11-14,94578.0222616,0.18956590805573215,0.3705396210239892,h,flat,0.0,0.0
2018-11-15,94578.0222616,0.17807466033627595,0.006985030659974343,h,flat,0.0,0.0
2018-11-16,94578.0222616,0.16744854709720314,-0.3293800922574306,a,flat,0.0,0.0
2018-11-19,94578.0222616,0.15941652650665317,-0.5713863642182305,a,flat,0.0,0.0
2018-11-20,94578.0222616,0.16774207957973064,-0.31021440841097675,a,flat,0.0,0.0
2018-11-21,94578.0222616,0.17237941050782224,-0.16001486840953144,a,flat,0.0,0.0
2018-11-22,94578.0222616,0.16769198112952788,-0.2967660267946856,a,flat,0.0,0.0
2018-11-23,94578.0222616,0.16734636142337256,-0.2961715424015898,a,flat,0.0,0.0
2018-11-26,94578.0222616,0.15415705197771068,-0.6951161249058814,a,flat,0.0,0.0
2018-11-27,94578.0222616,0.16569664539637285,-0.3184893295030429,a,flat,0.0,0.0
2018-11-28,94578.0222616,0.15466946527211256,-0.6593460010536448,a,flat,0.0,0.0
2018-11-29,94578.0222616,0.14614716214275192,-0.9162111351656396,a,flat,0.0,0.0
2018-11-30,94578.0222616,0.12302165257126774,-1.621857268078918,a,flat,0.0,0.0
2018-12-03,94578.0222616,0.11286910146593421,-1.8973574318574038,a,flat,0.0,0.0
2018-12-04,94487.0731192,0.10446402553197887,-2.1005143132550415,a,long_a_short_h,89557.4712,-0.0009616308337304647
2018-12-05,95663.7983192,0.1289624421261304,-1.3365287647925543,a,long_a_short_h,87684.746,0.012453822106601953
2018-12-06,95990.88951919999,0.1362522764344425,-1.1075492303772356,a,long_a_short_h,86487.6548,0.0034191742931699576
2018-12-07,96638.14591919999,0.15054041150752218,-0.672740412633117,a,long_a_short_h,85492.39839999999,0.006742894072989447
2018-12-10,96781.90111919999,0.15338046673627193,-0.5946020947692675,a,long_a_short_h,85870.6432,0.0014875616521057289
2018-12-11,96755.39071919999,0.1531285096963828,-0.6120576374972067,a,long_a_short_h,85375.15359999999,-0.0002739189837503986
2018-12-12,97105.996612,0.16214570334657163,-0.3456300568962423,a,flat,0.0,0.003623631615705225
2018-12-13,97105.996612,0.1505894395808498,-0.6959673670403218,a,flat,0.0,0.0
2018-12-14,97105.996612,0.16363813525487303,-0.29910933848862375,a,flat,0.0,0.0
2018-12-17,97105.996612,0.17675751134637463,0.09173490236087678,h,flat,0.0,0.0
2018-12-18,97105.996612,0.19882987348156655,0.7514174722364889,h,flat,0.0,0.0
2018-12-19,97105.996612,0.19624372518046274,0.6596075474196847,h,flat,0.0,0.0
2018-12-20,97105.996612,0.2037552275693626,0.8765554813840766,h,flat,0.0,0.0
2018-12-21,97105.996612,0.20102735823545648,0.7788384292880143,h,flat,0.0,0.0
2018-12-24,97105.996612,0.20331857963755828,0.8352279243205348,h,flat,0.0,0.0
2018-12-27,97105.996612,0.170977492317977,-0.17625540822518704,a,flat,0.0,0.0
2018-12-28,97105.996612,0.15377231379003664,-0.7222248939222271,a,flat,0.0,0.0
2019-01-02,97105.996612,0.19483970224058833,0.5525071696117568,h,flat,0.0,0.0
2019-01-03,97105.996612,0.1889694079335924,0.35341227462622565,h,flat,0.0,0.0
2019-01-04,97105.996612,0.15827315910906936,-0.6384010837694065,a,flat,0.0,0.0
2019-01-07,97105.996612,0.14176718970837476,-1.162931128581561,a,flat,0.0,0.0
2019-01-08,97105.996612,0.1396499904090196,-1.2210645009833507,a,flat,0.0,0.0
2019-01-09,97105.996612,0.12127339957432604,-1.7728287522892066,a,flat,0.0,0.0
2019-01-10,97105.996612,0.11854651406063965,-1.8208598394848157,a,flat,0.0,0.0
2019-01-11,97105.996612,0.12227091315162197,-1.6821175451849109,a,flat,0.0,0.0
2019-01-14,97105.996612,0.152506794454903,-0.7480609610696862,a,flat,0.0,0.0
2019-01-15,97105.996612,0.12314430751013772,-1.6287403295346603,a,flat,0.0,0.0
2019-01-16,97105.996612,0.12444344529572837,-1.581765958743185,a,flat,0.0,0.0
2019-01-17,97105.996612,0.123302545661933,-1.604961826225249,a,flat,0.0,0.0
2019-01-18,97105.996612,0.11213153009442989,-1.9125953161126923,a,flat,0.0,0.0
2019-01-21,97013.824504,0.10501891042316003,-2.0838004836616233,a,long_a_short_h,91200.35399999999,-0.0009491906907488357
2019-01-22,97019.77530400001,0.10524175478115128,-2.029608541671926,a,long_a_short_h,90078.4032,6.133971143218453e-05
2019-01-23,97649.32410400001,0.11838221637818958,-1.6205387677431051,a,long_a_short_h,88704.8544,0.006488870934068691
2019-01-24,97271.952904,0.11046337276761697,-1.8055547451436453,a,long_a_short_h,89454.2256,-0.003864555166793515
2019-01-25,96457.614904,0.0938496109290976,-2.216806567312744,a,long_a_short_h,90268.5636,-0.008371765711373103
2019-01-28,96427.211704,0.09322987646988778,-2.1766147420318176,a,long_a_short_h,90112.9668,-0.00031519750960318227
2019-01-29,97679.727304,0.11896342630581103,-1.4562276734990465,a,long_a_short_h,88860.45120000001,0.012989233825870805
2019-01-30,96992.952904,0.10479763523193975,-1.8041653648388023,a,long_a_short_h,89175.2256,-0.007030879579163929
2019-01-31,96455.824504,0.09382476368000736,-2.045916722578614,a,long_a_short_h,90642.35399999999,-0.005537808509981423
2019-02-01,96421.840504,0.09316870049515913,-2.019125783215831,a,long_a_short_h,91234.338,-0.0003523270904037812
2019-02-11,97423.96890400001,0.11341054642047932,-1.47194181491866,a,long_a_short_h,90232.2096,0.010393168132467157
2019-02-12,97232.01810400002,0.1093933847029307,-1.5430844019091243,a,long_a_short_h,91168.1604,-0.0019702625766472304
2019-02-13,97130.06610400001,0.10720084393466167,-1.567134171166553,a,long_a_short_h,92944.11240000001,-0.0010485434940881166
2019-02-14,96693.678904,0.09862957667152394,-1.7418322022905313,a,long_a_short_h,93008.49960000001,-0.004492812756173303
2019-02-15,96885.050104,0.10240529509341889,-1.6144089097985979,a,long_a_short_h,92073.12840000002,0.0019791490216232166
2019-02-18,96374.19477520001,0.09434366225973201,-1.7727164060940042,a,flat,0.0,-0.005272798313585181
2019-02-19,96374.19477520001,0.09133958103451123,-1.8065804291410585,a,flat,0.0,0.0
2019-02-20,96282.63685360001,0.07997395161303666,-2.035982459095927,a,long_a_short_h,90490.9608,-0.0009500252823234634
2019-02-21,95864.01445360002,0.07151584132835187,-2.1936921645287004,a,long_a_short_h,90189.58320000001,-0.0043478493493745995
2019-02-22,95930.9024536,0.07288723425662003,-2.1295289900467433,a,long_a_short_h,90842.69519999999,0.0006977383576229901
2019-02-25,98141.25925360002,0.11675195157843166,-1.0715306040333394,a,long_a_short_h,92232.33840000001,0.023041134227514526
2019-02-26,98368.02605360001,0.12171089204739505,-0.9448438947241367,a,long_a_short_h,91285.5716,0.0023106163679236236
2019-02-27,98696.64845360002,0.12818482563864708,-0.7749896057529486,a,long_a_short_h,91496.9492,0.0033407440728854265
2019-02-28,99107.00525360001,0.13667751430542774,-0.5452557211358575,a,long_a_short_h,91086.5924,0.004157758205871831
2019-03-01,99083.89325360002,0.13584259553598166,-0.5547358353166462,a,long_a_short_h,91649.7044,-0.00023320248594793647
2019-03-04,99002.1588536,0.13382384602027608,-0.5954729125783665,a,long_a_short_h,92271.4388,-0.0008249009734692114
2019-03-05,99228.54042400002,0.14069909921223878,-0.4007642141864788,a,flat,0.0,0.002286632665604582
2019-03-06,99228.54042400002,0.16680785406447574,0.30846565925558006,h,flat,0.0,0.0
2019-03-07,99228.54042400002,0.16411544654402643,0.2371992477491147,h,flat,0.0,0.0
2019-03-08,99228.54042400002,0.1296549375407945,-0.683742039661747,a,flat,0.0,0.0
2019-03-11,99228.54042400002,0.13928831968982647,-0.4176574552342457,a,flat,0.0,0.0
2019-03-12,99228.54042400002,0.13716313747947906,-0.4715400699046186,a,flat,0.0,0.0
2019-03-13,99228.54042400002,0.1344770673290121,-0.5383313423016494,a,flat,0.0,0.0
2019-03-14,99228.54042400002,0.10213105266727562,-1.382940060333001,a,flat,0.0,0.0
2019-03-15,99228.54042400002,0.08203367510974213,-1.8767197253047787,a,flat,0.0,0.0
2019-03-18,99228.54042400002,0.10439652637719754,-1.2622782541560758,a,flat,0.0,0.0
2019-03-19,99228.54042400002,0.11092314259524949,-1.0755436117895552,a,flat,0.0,0.0
2019-03-20,99228.54042400002,0.11097239535613967,-1.0587197641053565,a,flat,0.0,0.0
2019-03-21,99228.54042400002,0.10615245307946242,-1.1676813366824357,a,flat,0.0,0.0
2019-03-22,99228.54042400002,0.09441258381744277,-1.4488555931050842,a,flat,0.0,0.0
2019-03-25,99228.54042400002,0.1076733940680401,-1.0944525854761804,a,flat,0.0,0.0
2019-03-26,99228.54042400002,0.08229659537947343,-1.7063440123592235,a,flat,0.0,0.0
2019-03-27,99134.10911680001,0.05065159624050297,-2.422257473085717,a,long_a_short_h,93250.6536,-0.0009516547033394662
2019-03-28,98879.35391680001,0.04565523094451107,-2.4575779618491236,a,long_a_short_h,92761.4088,-0.0025698036959190818
2019-03-29,98508.98551680002,0.03856768064310434,-2.533774201991026,a,long_a_short_h,94619.7772,-0.003745659587456762
2019-04-01,98363.51671680002,0.03596947184966415,-2.5080206201430686,a,long_a_short_h,95881.246,-0.0014767058988257586
2019-04-02,98880.98551680002,0.045761956277131643,-2.229038549949229,a,long_a_short_h,94991.7772,0.005260779781693481
2019-04-03,99521.85271680001,0.05805929889802908,-1.9078751811880845,a,long_a_short_h,95280.91,0.006481197539147887
2019-04-04,100225.86431680001,0.07171641343663104,-1.5717387965405922,a,long_a_short_h,94576.8984,0.007073939851213851
2019-04-08,99038.76151680002,0.04884017156222864,-2.0326134505209685,a,long_a_short_h,96322.0012,-0.011844276006916954
2019-04-09,98349.40471680001,0.035804620268546694,-2.2608004484094013,a,long_a_short_h,96453.35800000001,-0.006960474762026103
2019-04-10,98422.13911680001,0.03707543288582693,-2.190886279351235,a,long_a_short_h,95822.62359999999,0.0007395509938208367
2019-04-11,98953.71991680001,0.04713832532343254,-1.9438401624611426,a,long_a_short_h,94361.0428,0.005401028719454581
2019-04-12,98729.36311680001,0.04284573619156351,-1.997077754627046,a,long_a_short_h,94957.3996,-0.002267290205852146
2019-04-15,98484.74071680002,0.03812763611292991,-2.0544468279336288,a,long_a_short_h,94830.022,-0.0024777066546108895
2019-04-16,98759.7615168,0.043525721498736125,-1.8956712394407043,a,long_a_short_h,96043.0012,0.0027925219480531283
2019-04-17,98656.62871680001,0.04151414860730873,-1.894714997917163,a,long_a_short_h,95588.13399999999,-0.0010442795569371999
2019-04-18,98759.91327280001,0.04530899552159462,-1.7733689963055475,a,flat,0.0,0.001046909440788557
2019-04-23,98759.91327280001,0.036649111805847845,-1.9110272004137825,a,flat,0.0,0.0
2019-04-24,98759.91327280001,0.04463945864559049,-1.7085309328477905,a,flat,0.0,0.0
2019-04-25,98665.23497520002,0.028101379391297865,-2.001103886714933,a,long_a_short_h,93123.0488,-0.000958671331944827
2019-04-26,98799.31417520002,0.03071018834816064,-1.905308317439241,a,long_a_short_h,91872.9696,0.0013589305294181564
2019-04-29,97863.60617520001,0.012242590318161328,-2.2290316898873797,a,long_a_short_h,92436.6776,-0.009470794486900247
2019-04-30,99397.85977520002,0.0427166299906474,-1.5874084738299892,a,long_a_short_h,91088.424,0.015677468468240585
2019-05-06,100950.40137520002,0.07522168365034387,-0.9190260564464797,a,long_a_short_h,88605.8824,0.015619467094273976
2019-05-07,99367.66297520002,0.04237498144057272,-1.5549024522796764,a,long_a_short_h,89444.6208,-0.015678376494190238
2019-05-08,99780.74217520002,0.051099806596030195,-1.3587578123638537,a,long_a_short_h,88473.5416,0.00415707874807425
2019-05-09,100423.80297520001,0.06497252259017738,-1.0611708300050948,a,long_a_short_h,87272.4808,0.006444738593654353
2019-05-10,100866.54537520002,0.0738644236670698,-0.8663070215451434,a,long_a_short_h,87945.7384,0.004408739630278102
2019-05-14,100977.83337520002,0.07683756454692525,-0.7919229892271589,a,long_a_short_h,86904.4504,0.0011033192381679768
2019-05-15,100831.17417520001,0.07321441287920538,-0.8522035872159232,a,long_a_short_h,87795.1096,-0.0014523900453980998
2019-05-16,100290.25737520002,0.061614917985170825,-1.0745606231727372,a,long_a_short_h,88522.0264,-0.0053645790047046615
2019-05-17,100308.54537520002,0.06250066501675478,-1.0388792946280443,a,long_a_short_h,87387.7384,0.0001823507136049507
2019-05-20,99687.74217520002,0.049204071431130814,-1.2914016247264017,a,long_a_short_h,88380.5416,-0.006188936323200611
2019-05-21,100494.54537520002,0.06630295096649319,-0.9228035047965888,a,long_a_short_h,87573.7384,0.008093303974946675
2019-05-22,100244.16161360002,0.06306594431959578,-0.9739257939176362,a,flat,0.0,-0.002491515939150535
2019-05-23,100244.16161360002,0.0787016021057867,-0.6366844017242528,a,flat,0.0,0.0
2019-05-24,100244.16161360002,0.07297092739680155,-0.7432915978106973,a,flat,0.0,0.0
2019-05-27,100244.16161360002,0.08120155586005584,-0.5574975058218925,a,flat,0.0,0.0
2019-05-28,100244.16161360002,0.0863017946802298,-0.43832704362452235,a,flat,0.0,0.0
2019-05-29,100244.16161360002,0.08374741077699466,-0.48078867335126035,a,flat,0.0,0.0
2019-05-30,100244.16161360002,0.08057927400820097,-0.5362307670385936,a,flat,0.0,0.0
2019-05-31,100244.16161360002,0.09274240698379388,-0.2620996780871081,a,flat,0.0,0.0
2019-06-03,100244.16161360002,0.0947063721896042,-0.2078168936031657,a,flat,0.0,0.0
2019-06-04,100244.16161360002,0.08632827492325013,-0.38076818547543567,a,flat,0.0,0.0
2019-06-05,100244.16161360002,0.0849873884071155,-0.3983816287557263,a,flat,0.0,0.0
2019-06-06,100244.16161360002,0.0900791221212971,-0.2749672936317625,a,flat,0.0,0.0
2019-06-10,100244.16161360002,0.05420053599871033,-1.0570760867534181,a,flat,0.0,0.0
2019-06-11,100244.16161360002,0.06714517997130476,-0.7571784230863229,a,flat,0.0,0.0
2019-06-12,100244.16161360002,0.07712557877290704,-0.5280421241849573,a,flat,0.0,0.0
2019-06-13,100244.16161360002,0.08512860273980705,-0.3464080764586951,a,flat,0.0,0.0
2019-06-14,100244.16161360002,0.07402719211790543,-0.583006245676008,a,flat,0.0,0.0
2019-06-17,100244.16161360002,0.06403568551871563,-0.7917042650090177,a,flat,0.0,0.0
2019-06-18,100244.16161360002,0.05222452459037097,-1.0368770033589352,a,flat,0.0,0.0
2019-06-19,100244.16161360002,0.02186547752877388,-1.6779917785634342,a,flat,0.0,0.0
2019-06-20,100244.16161360002,0.020190808335169397,-1.6808832649253103,a,flat,0.0,0.0
2019-06-21,100244.16161360002,0.004981212999651596,-1.9709381118964808,a,flat,0.0,0.0
2019-06-24,100244.16161360002,0.004246572259685388,-1.9408076691545528,a,flat,0.0,0.0
2019-06-25,100244.16161360002,0.00874800118706398,-1.8077485679195566,a,flat,0.0,0.0
2019-06-26,100244.16161360002,0.011446230306417338,-1.722290190864347,a,flat,0.0,0.0
2019-06-27,100244.16161360002,0.0003249986065037014,-1.939607256141363,a,flat,0.0,0.0
2019-06-28,100244.16161360002,0.004520855441750848,-1.829857227411477,a,flat,0.0,0.0
2019-07-02,100148.51582320001,-0.0074688105714781905,-2.0727353546098053,a,long_a_short_h,94640.8952,-0.0009541282889738989
2019-07-03,100507.96062320001,-0.00040835101029390586,-1.9030733935815813,a,long_a_short_h,93873.4504,0.0035891175924618324
2019-07-04,100922.5490232,0.00771878624831035,-1.7156982404393482,a,long_a_short_h,93662.86200000001,0.004124930974913177
2019-07-05,100616.5490232,0.0018074389852531514,-1.8234749023667596,a,long_a_short_h,93356.862,-0.0030320280547972978
2019-07-08,100677.14342320002,0.003396242066213029,-1.7557329532818673,a,long_a_short_h,91664.2676,0.0006022309509545742
2019-07-09,100683.73182320001,0.0036944457295904343,-1.7413513117702093,a,long_a_short_h,91045.67920000001,6.544087144289001e-05
2019-07-10,99814.28702320001,-0.013778491723045239,-2.1256760773560006,a,long_a_short_h,91303.12400000001,-0.008635404988034612
2019-07-11,98813.10622320001,-0.033644301451710934,-2.521544013202556,a,long_a_short_h,92304.3048,-0.01003043582094909
2019-07-12,98813.10622320001,-0.033644301451710934,-2.4481426612323234,a,long_a_short_h,92304.3048,0.0
2019-07-15,98421.66542320001,-0.04138436576191151,-2.541812868754044,a,long_a_short_h,92287.7456,-0.003961425917689554
2019-07-16,98632.25382320001,-0.03730328087863066,-2.374662456121209,a,long_a_short_h,91873.1572,0.0021396549133210208
2019-07-17,99179.13942320002,-0.026502604335759905,-2.082312819335095,a,long_a_short_h,90918.27160000001,0.005544693331050787
2019-07-18,99608.02702320002,-0.017806902361841903,-1.8522435931821977,a,long_a_short_h,89469.384,0.004324373073756327
2019-07-19,99061.14142320001,-0.028909032369150545,-2.0480660805220734,a,long_a_short_h,90424.2696,-0.005490376793354512
2019-07-22,98245.14142320001,-0.045576084854362264,-2.331262803036331,a,long_a_short_h,89608.2696,-0.00823733694440243
2019-07-23,97714.14468960001,-0.05434514817269931,-2.4355899275285626,a,flat,0.0,-0.005404814181219186
2019-07-24,97620.42467360002,-0.04264647572389735,-2.1382907077746114,a,long_a_short_h,92461.20800000001,-0.0009591243550021167
2019-07-25,97238.82707360003,-0.050152269912663305,-2.224043437603108,a,long_a_short_h,92842.8056,-0.003908993443491826
2019-07-26,98087.11027360002,-0.03349064070147656,-1.848524013495232,a,long_a_short_h,93054.5224,0.00872370868231398
2019-07-29,98468.70787360003,-0.0259275091798159,-1.664098589431198,a,long_a_short_h,92672.92480000001,0.0038903949656137193
2019-07-30,98214.30947360002,-0.030977285433209545,-1.7257689918926187,a,long_a_short_h,92927.32320000001,-0.0025835456308268556
2019-07-31,98574.99107360002,-0.02371521323995185,-1.554357224890587,a,long_a_short_h,92142.6416,0.0036723935843274713
2019-08-01,98532.58867360001,-0.024373646788363068,-1.5357686094772933,a,long_a_short_h,91337.044,-0.00043015372903609794
2019-08-02,98935.66467360001,-0.015385341916281714,-1.3396775391563678,a,long_a_short_h,88813.968,0.004090788696674119
2019-08-05,99508.34227360002,-0.0025283521477188486,-1.078050630146915,a,long_a_short_h,86969.2904,0.005788383813757569
2019-08-06,98617.94387360002,-0.02112410692874489,-1.4048380689353508,a,long_a_short_h,86587.6888,-0.008947977422353537
2019-08-07,99317.54147360002,-0.0062958720898125264,-1.1058062576588603,a,long_a_short_h,86524.0912,0.007094019328740986
2019-08-08,99232.74067360001,-0.007901643236486455,-1.1170633377516024,a,long_a_short_h,86184.89199999999,-0.0008538350702383957
2019-08-09,99614.33827360002,0.0004663811252820782,-0.9439405538184323,a,long_a_short_h,85803.29439999998,0.003845480810160895
2019-08-12,99974.73667360003,0.008283128552985408,-0.7828972856609987,a,long_a_short_h,85654.89600000001,0.0036179369982876075
2019-08-13,100313.93187360003,0.01660407121967089,-0.613601680491935,a,long_a_short_h,84467.70079999999,0.003392809136446351
2019-08-14,100167.98784320001,0.015170882044572842,-0.6288895236274007,a,flat,0.0,-0.0014548729939517502
2019-08-15,100167.98784320001,0.01865047158148525,-0.5513300558743386,a,flat,0.0,0.0
2019-08-16,100167.98784320001,0.015743315761099552,-0.5953418609025496,a,flat,0.0,0.0
2019-08-19,100167.98784320001,0.023204755251022835,-0.44309023636558753,a,flat,0.0,0.0
2019-08-20,100167.98784320001,0.013947888963420585,-0.6097285005423722,a,flat,0.0,0.0
2019-08-21,100167.98784320001,0.013185973762424252,-0.6146496177649939,a,flat,0.0,0.0
2019-08-22,100167.98784320001,0.015932370473761948,-0.552999830508445,a,flat,0.0,0.0
2019-08-23,100167.98784320001,0.014394125568867988,-0.5698997220870936,a,flat,0.0,0.0
2019-08-26,100167.98784320001,0.04385837894230349,0.009724333970529936,h,flat,0.0,0.0
2019-08-27,100167.98784320001,0.04831272929168384,0.11047933757022353,h,flat,0.0,0.0
2019-08-28,100167.98784320001,0.04079332792465551,-0.021940816195668584,a,flat,0.0,0.0
2019-08-29,100167.98784320001,0.03632500793047466,-0.09596420738800251,a,flat,0.0,0.0
2019-08-30,100167.98784320001,-0.0027180825089880845,-0.8739146674938512,a,flat,0.0,0.0
2019-09-02,100167.98784320001,0.013842540744782417,-0.5217945891228581,a,flat,0.0,0.0
2019-09-03,100167.98784320001,0.02025777003074447,-0.37380606175164877,a,flat,0.0,0.0
2019-09-04,100167.98784320001,0.005465254129874086,-0.6838020099376455,a,flat,0.0,0.0
2019-09-05,100167.98784320001,0.004999195441179882,-0.6822628900742224,a,flat,0.0,0.0
2019-09-06,100167.98784320001,-0.0017448893423368528,-0.8247834800843804,a,flat,0.0,0.0
2019-09-09,100167.98784320001,0.007650726344862413,-0.5973476023350998,a,flat,0.0,0.0
2019-09-10,100167.98784320001,0.002357265528068808,-0.7119261903649501,a,flat,0.0,0.0
2019-09-11,100167.98784320001,-0.010024036808123027,-0.9954422314161107,a,flat,0.0,0.0
2019-09-12,100167.98784320001,-0.01301236767739744,-1.0506730030788005,a,flat,0.0,0.0
2019-09-16,100167.98784320001,-0.03802015857809704,-1.6339382003474743,a,flat,0.0,0.0
2019-09-17,100072.23551360001,-0.05574759569197907,-2.0309195530389186,a,long_a_short_h,94375.5648,-0.000955917470857881
2019-09-18,99906.8031136,-0.058990030646671965,-2.0737671362789722,a,long_a_short_h,93014.9972,-0.001653129853160129
2019-09-19,100456.91391360002,-0.04817818396378515,-1.7840028093147118,a,long_a_short_h,92900.88640000002,0.005506239643905841
2019-09-20,100674.9139136,-0.043922858393646846,-1.653050507276693,a,long_a_short_h,93118.8864,0.0021700845816094994
2019-09-23,101097.40711360001,-0.035475713440530354,-1.430979118479931,a,long_a_short_h,92478.39319999999,0.00419660850529846
2019-09-24,100613.3707136,-0.04504906876540549,-1.6371440826510295,a,long_a_short_h,92526.4296,-0.004787822099691641
2019-09-25,100472.2463136,-0.04762298692389266,-1.6640953811637325,a,long_a_short_h,90923.554,-0.0014026406132612301
2019-09-26,100301.7031136,-0.05096407022813243,-1.7070917574749396,a,long_a_short_h,90222.09719999999,-0.0016974160154406004
2019-09-27,101208.23271360001,-0.03235703589303762,-1.2375455681423233,a,long_a_short_h,89533.56760000001,0.009038027988151898
2019-09-30,101862.23271360001,-0.01931337270100819,-0.9114423785527312,a,long_a_short_h,90187.56760000001,0.006461924909317407
2019-10-08,102602.75031360002,-0.002843717457517103,-0.5086972160211037,a,long_a_short_h,88139.05,0.007269795490170372
2019-10-09,102673.72588640002,0.0007178563563146056,-0.41342119126117854,a,flat,0.0,0.000691751172196442
2019-10-10,102673.72588640002,-0.004364886112261601,-0.5231770305007838,a,flat,0.0,0.0
2019-10-11,102673.72588640002,-0.029154865775305572,-1.1024006300133613,a,flat,0.0,0.0
2019-10-14,102673.72588640002,-0.025813937304101753,-1.0062512741588114,a,flat,0.0,0.0
2019-10-15,102673.72588640002,-0.02263599196953181,-0.9158504731007157,a,flat,0.0,0.0
2019-10-16,102673.72588640002,-0.02980936561473535,-1.0694055324217908,a,flat,0.0,0.0
2019-10-17,102673.72588640002,-0.03098219904291888,-1.0793639004010473,a,flat,0.0,0.0
2019-10-18,102673.72588640002,-0.03561090513997023,-1.1695666167319243,a,flat,0.0,0.0
2019-10-21,102673.72588640002,-0.04391514685759179,-1.3413958896953044,a,flat,0.0,0.0
2019-10-22,102673.72588640002,-0.037568391895775655,-1.1718367694504062,a,flat,0.0,0.0
2019-10-23,102673.72588640002,-0.03921474007142156,-1.1897466846133327,a,flat,0.0,0.0
2019-10-24,102673.72588640002,-0.048024210782013244,-1.3700645579237687,a,flat,0.0,0.0
2019-10-25,102673.72588640002,-0.0493973211536507,-1.3761603651015186,a,flat,0.0,0.0
2019-10-28,102673.72588640002,-0.054000096127342356,-1.4544702151896292,a,flat,0.0,0.0
2019-10-29,102673.72588640002,-0.05382210713400637,-1.4233220932492259,a,flat,0.0,0.0
2019-10-30,102673.72588640002,-0.048944436009435544,-1.291721399595787,a,flat,0.0,0.0
2019-10-31,102673.72588640002,-0.05633970498105545,-1.4310381032925557,a,flat,0.0,0.0
2019-11-01,102673.72588640002,-0.07026569987493536,-1.71144756481999,a,flat,0.0,0.0
2019-11-04,102575.18108640001,-0.09072402059296603,-2.1091128833252064,a,long_a_short_h,97188.40000000002,-0.000959785954481096
2019-11-05,101764.03708640001,-0.10578577936875799,-2.3640810924805304,a,long_a_short_h,98241.54400000001,-0.007907799834316331
2019-11-06,101423.29948640002,-0.11225723984154046,-2.4272005158799708,a,long_a_short_h,97614.28159999999,-0.003348310559954437
2019-11-07,100966.09308640001,-0.12080732119397442,-2.5278719195869437,a,long_a_short_h,97587.488,-0.004507903039195793
2019-11-08,100150.41788640001,-0.13588757728193657,-2.7429476142764573,a,long_a_short_h,97919.16320000001,-0.008078704197279407
2019-11-11,100423.97468640002,-0.13179917122844964,-2.5752151128083995,a,long_a_short_h,95467.6064,0.0027314593965079847
2019-11-12,99702.50588640002,-0.14557557446225333,-2.743558165871056,a,long_a_short_h,95463.07519999999,-0.0071842286889458595
2019-11-13,100172.91228640002,-0.1373316857766056,-2.500438278887436,a,long_a_short_h,93782.6688,0.0047181000699820785
2019-11-14,101037.64348640002,-0.12055408843978688,-2.1222912379965884,a,long_a_short_h,93643.9376,0.008632385544783627
2019-11-15,100212.90588640001,-0.1370723754408889,-2.3624852749599876,a,long_a_short_h,92532.67520000001,-0.008162676518786993
2019-11-18,100025.1186864,-0.1404687433040146,-2.3548502740281076,a,long_a_short_h,93204.4624,-0.0018738823940788185
2019-11-19,100289.38108640001,-0.13530926297603663,-2.20712202186684,a,long_a_short_h,93182.19999999998,0.0026419603742589004
2019-11-20,100813.37468640001,-0.12527275283580486,-1.9832422544073314,a,long_a_short_h,92416.2064,0.005224816369627128
2019-11-21,102113.04988640001,-0.09961162082835973,-1.501793248929233,a,long_a_short_h,92568.53120000001,0.012891892608921207
2019-11-22,101468.05628640002,-0.11223586464354796,-1.7018956723978085,a,long_a_short_h,93213.52480000001,-0.00631646592396895
2019-11-25,102125.05702400001,-0.09749235687095781,-1.4178253604501971,a,flat,0.0,0.006474951444280785
2019-11-26,102125.05702400001,-0.1041308515767263,-1.5161356170421536,a,flat,0.0,0.0
2019-11-27,102125.05702400001,-0.10690419105330418,-1.5485569076215002,a,flat,0.0,0.0
2019-11-28,102125.05702400001,-0.10146148245022868,-1.4347682148973553,a,flat,0.0,0.0
2019-11-29,102125.05702400001,-0.0790560349449354,-1.0086220925770841,a,flat,0.0,0.0
2019-12-02,102125.05702400001,-0.08385220720842845,-1.0865953599229154,a,flat,0.0,0.0
2019-12-03,102125.05702400001,-0.08000373074323819,-1.0034773907779586,a,flat,0.0,0.0
2019-12-04,102125.05702400001,-0.06678315492484432,-0.7348129916647766,a,flat,0.0,0.0
2019-12-05,102125.05702400001,-0.06754170127011405,-0.7371071983384297,a,flat,0.0,0.0
2019-12-06,102125.05702400001,-0.06516922091648358,-0.678600681349302,a,flat,0.0,0.0
2019-12-09,102125.05702400001,-0.06662185074050608,-0.6973398346134417,a,flat,0.0,0.0
2019-12-10,102125.05702400001,-0.06370125513844993,-0.6256599420710406,a,flat,0.0,0.0
2019-12-11,102125.05702400001,-0.06953215343367991,-0.7358670036162476,a,flat,0.0,0.0
2019-12-12,102125.05702400001,-0.07914211947569005,-0.9270550380502548,a,flat,0.0,0.0
2019-12-13,102125.05702400001,-0.09243337171487886,-1.1928328505998256,a,flat,0.0,0.0
2019-12-16,102125.05702400001,-0.07560810362389514,-0.8168576550714788,a,flat,0.0,0.0
2019-12-17,102125.05702400001,-0.08398314116945715,-0.9811051842977505,a,flat,0.0,0.0
2019-12-18,102125.05702400001,-0.11684440384844663,-1.654582496666625,a,flat,0.0,0.0
2019-12-19,102125.05702400001,-0.11684440384844663,-1.6212484658021833,a,flat,0.0,0.0
2019-12-20,102125.05702400001,-0.12047283058264724,-1.6638553295381813,a,flat,0.0,0.0
2019-12-23,102027.70719200002,-0.1472271893433139,-2.1656412264692984,a,long_a_short_h,96328.116,-0.0009532413967427988
2019-12-24,102288.64919200003,-0.1422770226905612,-2.010576566740331,a,long_a_short_h,96315.174,0.002557560168523265
2019-12-27,102030.57119200002,-0.1472507837539685,-2.0557495197578883,a,long_a_short_h,97565.25200000001,-0.0025230365445102487
2019-12-30,102128.68719200001,-0.1454549974873145,-1.9689721607986788,a,long_a_short_h,98211.136,0.0009616333502178165
2019-12-31,102115.74519200002,-0.14570923680779058,-1.9271995880642383,a,long_a_short_h,98472.07800000001,-0.00012672247490719268
2020-01-02,102418.97519200001,-0.14012989655933095,-1.777161794962421,a,long_a_short_h,98912.848,0.0029694735070469047
2020-01-03,102271.95519200002,-0.14293492035950872,-1.7912237628407022,a,long_a_short_h,100547.868,-0.00143547618714579
2020-01-06,103231.45519200002,-0.12622731003418508,-1.4415725567408353,a,long_a_short_h,104796.368,0.009381848603546183
2020-01-07,102389.33919200001,-0.14090458367107117,-1.686418191070464,a,long_a_short_h,103406.484,-0.00815755235101312
2020-01-08,103505.33919200001,-0.12140234043962983,-1.2927648249773018,a,long_a_short_h,104522.484,0.010899572248506129
2020-01-09,101756.39719200002,-0.15211185780443293,-1.829291544428324,a,long_a_short_h,103047.426,-0.016897118676706624
2020-01-10,101615.99319200002,-0.15471829182201202,-1.8340119243530855,a,long_a_short_h,101947.83000000002,-0.0013798051412440282
2020-01-13,100682.68519200002,-0.17130108687938006,-2.0800836153229767,a,long_a_short_h,102385.138,-0.009184656575038863
2020-01-14,101243.99319200002,-0.16143724207075705,-1.8562839879101227,a,long_a_short_h,101575.83,0.005575020162897015
2020-01-15,101596.72519200001,-0.1552570754501792,-1.7079278477129487,a,long_a_short_h,99735.098,0.0034839795318135636
2020-01-16,100367.72804000002,-0.1757477865056769,-2.014280243751885,a,flat,0.0,-0.01209681857045497
2020-01-17,100271.80056000002,-0.17835339129998884,-2.0056953339715546,a,long_a_short_h,94766.44,-0.0009557602017430389
2020-01-20,100904.39256000002,-0.16604630715290059,-1.7567225463573504,a,long_a_short_h,94133.848,0.006308772720416744
2020-01-21,101440.20856000003,-0.15516743685819745,-1.5428325857715384,a,long_a_short_h,92646.032,0.005310135529346782
2020-01-22,99888.91256000001,-0.18576589968670087,-1.9993181165776222,a,long_a_short_h,93245.32800000001,-0.015292713037773908
2020-01-23,100131.20856000001,-0.18089985082467552,-1.8730092141076065,a,long_a_short_h,91337.032,0.0024256545975958055
2020-02-03,99665.53656000002,-0.1894475515698515,-1.9596869896006515,a,long_a_short_h,82520.704,-0.004650617991102668
2020-02-04,99642.76056000002,-0.19009088296100707,-1.9206910407427393,a,long_a_short_h,83257.48000000001,-0.0002285243303364881
2020-02-05,99367.16856000002,-0.19622792872217953,-1.9654076217477734,a,long_a_short_h,84247.072,-0.0027658005303260458
2020-02-06,98064.39256000002,-0.2237464334172623,-2.315278921159827,a,long_a_short_h,86739.848,-0.013110728813947814
2020-02-07,99259.24056000002,-0.19861298260415094,-1.888479888047382,a,long_a_short_h,85783.0,0.012184320616363875
2020-02-10,99512.05656000003,-0.19321152926756824,-1.7683794067502676,a,long_a_short_h,85530.18400000001,0.0025470273455012737
2020-02-11,99188.35256000001,-0.20011841520592677,-1.8269679943376353,a,long_a_short_h,86091.888,-0.0032529123725308917
2020-02-12,98927.57656000002,-0.20560546600975171,-1.863140110619401,a,long_a_short_h,86590.66399999999,-0.00262909901484909
2020-02-13,99005.87256000002,-0.20399101380028295,-1.798664898645437,a,long_a_short_h,86036.368,0.0007914476703319018
2020-02-14,99005.87256000002,-0.20399101380028295,-1.7603930275927056,a,long_a_short_h,86036.368,0.0
2020-02-17,100005.11696000001,-0.18104665888625204,-1.4089928911886775,a,flat,0.0,0.010092779086356085
2020-02-18,100005.11696000001,-0.16834272523264393,-1.2091748225836205,a,flat,0.0,0.0
2020-02-19,100005.11696000001,-0.1788374413522471,-1.3366373375549554,a,flat,0.0,0.0
2020-02-20,100005.11696000001,-0.1783503485181388,-1.308948519884144,a,flat,0.0,0.0
2020-02-21,100005.11696000001,-0.17813586686212113,-1.2855047113629592,a,flat,0.0,0.0
2020-02-24,100005.11696000001,-0.16283042882652077,-1.0508265989908223,a,flat,0.0,0.0
2020-02-25,100005.11696000001,-0.16794421863940934,-1.107410012566011,a,flat,0.0,0.0
2020-02-26,100005.11696000001,-0.14839072834599976,-0.8108490631501407,a,flat,0.0,0.0
2020-02-27,100005.11696000001,-0.14551575256791005,-0.7556356066657514,a,flat,0.0,0.0
2020-02-28,100005.11696000001,-0.12603418610095574,-0.45695850779674335,a,flat,0.0,0.0
2020-03-02,100005.11696000001,-0.14255852812738223,-0.6901454810842322,a,flat,0.0,0.0
2020-03-03,100005.11696000001,-0.13143111776503758,-0.5097248364967395,a,flat,0.0,0.0
2020-03-04,100005.11696000001,-0.12198873375922292,-0.3504013138995166,a,flat,0.0,0.0
2020-03-05,100005.11696000001,-0.12117461759784853,-0.32321320132417447,a,flat,0.0,0.0
2020-03-06,100005.11696000001,-0.09533600436725242,0.1029132136282773,h,flat,0.0,0.0
2020-03-09,99909.46070240001,0.05050627893268533,2.426208445586959,h,short_a_long_h,94605.6288,-0.0009565136315801137
2020-03-10,101170.59670240001,0.026431291832095027,2.037522565716093,h,short_a_long_h,95866.7648,0.012622788584121691
2020-03-11,98870.07990240002,0.07105952505159219,2.6884007349845422,h,short_a_long_h,93026.24799999999,-0.02273898617764525
2020-03-12,95880.9355168,0.13240809417445343,3.480611667525314,h,flat,0.0,-0.030233053200227622
2020-03-13,95789.047112,0.11453640449838187,3.0941032509153663,h,short_a_long_h,90731.8024,-0.0009583594935189677
2020-03-16,93715.56242400002,0.15571337256641216,3.5118613666659404,h,flat,0.0,-0.021646365117042987
2020-03-17,93625.47815360002,0.1636715341757573,3.4456309779597585,h,short_a_long_h,88800.13519999999,-0.0009612519849416801
2020-03-18,91183.39240560003,0.2142904860868462,3.848021372218627,h,flat,0.0,-0.026083559690809444
2020-03-19,91095.70268880003,0.25920357485234957,4.077326548248761,h,short_a_long_h,86221.3584,-0.0009616851762866974
2020-03-20,95301.80028880002,0.1754693205838549,2.97199631272103,h,short_a_long_h,90943.456,0.046172294365726785
2020-03-23,93911.08104400002,0.19900018149226062,3.0814481945530656,h,flat,0.0,-0.014592790908310227
2020-03-24,93821.05634160002,0.16290461899336894,2.597760220516566,h,short_a_long_h,88669.55119999999,-0.000958616399675094
2020-03-25,96676.67914160003,0.10637159929445783,1.963502805674604,h,short_a_long_h,91793.174,0.030436907356945264
2020-03-26,96951.93474160002,0.10009083501964255,1.8602875431527492,h,short_a_long_h,90728.4296,0.002847176821173525
2020-03-27,98558.96194160004,0.06842386243155096,1.5177373838015518,h,short_a_long_h,91263.45680000001,0.016575504184451084
2020-03-30,98636.83954160003,0.0642057348324061,1.454014248414841,h,short_a_long_h,88929.3344,0.0007901625429673764
2020-03-31,101795.77914160003,0.005266885499090712,0.8613786407894443,h,short_a_long_h,92088.274,0.03202596124004686
2020-04-01,101901.71794160004,0.0008884216533044942,0.8117223389939061,h,short_a_long_h,90854.21280000001,0.0010406993383551555
2020-04-02,103678.08514160004,-0.02393261808528857,0.5652999395429316,h,short_a_long_h,95846.58,0.017432161457945572
2020-04-03,103981.50027040002,-0.034401186571791476,0.4633420149490071,h,flat,0.0,0.002926511696137002
2020-04-07,103981.50027040002,-0.06164627596180017,0.19908433052936927,h,flat,0.0,0.0
2020-04-08,103981.50027040002,-0.04207101298993843,0.3976365380533616,h,flat,0.0,0.0
2020-04-09,103981.50027040002,-0.06265980048826614,0.1982844883469003,h,flat,0.0,0.0
2020-04-14,103981.50027040002,-0.05461227202135488,0.28082244746817187,h,flat,0.0,0.0
2020-04-15,103981.50027040002,-0.01942730365485623,0.6309560697404951,h,flat,0.0,0.0
2020-04-16,103981.50027040002,-0.035316700275878965,0.47388027453032006,h,flat,0.0,0.0
2020-04-17,103981.50027040002,-0.03533096794324875,0.47430702590651397,h,flat,0.0,0.0
2020-04-20,103981.50027040002,-0.0480298465188469,0.34924574476153536,h,flat,0.0,0.0
2020-04-21,103981.50027040002,-0.032307782820250486,0.5058565074968315,h,flat,0.0,0.0
2020-04-22,103981.50027040002,-0.04124545827833814,0.41638367064045667,h,flat,0.0,0.0
2020-04-23,103981.50027040002,-0.0402461702046073,0.4266222262616703,h,flat,0.0,0.0
2020-04-24,103981.50027040002,-0.06188020927398186,0.21269265158621486,h,flat,0.0,0.0
2020-04-27,103981.50027040002,-0.06979657146901941,0.1354968367346069,h,flat,0.0,0.0
2020-04-28,103981.50027040002,-0.10258463468276435,-0.18776909703781025,a,flat,0.0,0.0
2020-04-29,103981.50027040002,-0.1127768844578454,-0.2847617992440672,a,flat,0.0,0.0
2020-05-06,103981.50027040002,-0.0754703754750976,0.08999351187316677,h,flat,0.0,0.0
2020-05-07,103981.50027040002,-0.0736733891334207,0.11007672702931509,h,flat,0.0,0.0
2020-05-08,103981.50027040002,-0.08593664668439693,-0.010147300261373443,a,flat,0.0,0.0
2020-05-11,103981.50027040002,-0.08783292153823141,-0.027662426336044134,a,flat,0.0,0.0
2020-05-12,103981.50027040002,-0.07485708875199104,0.10088385674826345,h,flat,0.0,0.0
2020-05-13,103981.50027040002,-0.07582068607240044,0.08875387284949045,h,flat,0.0,0.0
2020-05-14,103981.50027040002,-0.06427585531338398,0.20034610094036437,h,flat,0.0,0.0
2020-05-15,103981.50027040002,-0.06813313855168368,0.1574067596631638,h,flat,0.0,0.0
2020-05-18,103981.50027040002,-0.12441154708206836,-0.4074286342046494,a,flat,0.0,0.0
2020-05-19,103981.50027040002,-0.14294437147185368,-0.5919112377637205,a,flat,0.0,0.0
2020-05-20,103981.50027040002,-0.1355776490390035,-0.5192118127319629,a,flat,0.0,0.0
2020-05-21,103981.50027040002,-0.12049883697035035,-0.3697588536396651,a,flat,0.0,0.0
2020-05-22,103981.50027040002,-0.09665119755454454,-0.13270617508572488,a,flat,0.0,0.0
2020-05-25,103981.50027040002,-0.11539261463347228,-0.3227855799280535,a,flat,0.0,0.0
2020-05-26,103981.50027040002,-0.1236040383806769,-0.4069221982023133,a,flat,0.0,0.0
2020-05-27,103981.50027040002,-0.13845063636773736,-0.5557413812588892,a,flat,0.0,0.0
2020-05-28,103981.50027040002,-0.1322299498136208,-0.4925370492760996,a,flat,0.0,0.0
2020-05-29,103981.50027040002,-0.12551241090320864,-0.4226355633257222,a,flat,0.0,0.0
2020-06-01,103981.50027040002,-0.1535375736351985,-0.6992452469676921,a,flat,0.0,0.0
2020-06-02,103981.50027040002,-0.15952187717863486,-0.7522734761894557,a,flat,0.0,0.0
2020-06-03,103981.50027040002,-0.19047635480937308,-1.0497355745316106,a,flat,0.0,0.0
2020-06-04,103981.50027040002,-0.19809740705049284,-1.1123557274091147,a,flat,0.0,0.0
2020-06-05,103981.50027040002,-0.2203898419540511,-1.3136704424970154,a,flat,0.0,0.0
2020-06-08,103981.50027040002,-0.228606920120064,-1.3711630751011927,a,flat,0.0,0.0
2020-06-09,103981.50027040002,-0.22725261655515405,-1.3360938708139032,a,flat,0.0,0.0
2020-06-10,103981.50027040002,-0.22908581919016657,-1.331734566284205,a,flat,0.0,0.0
2020-06-11,103981.50027040002,-0.2172900179884607,-1.19929337805295,a,flat,0.0,0.0
2020-06-12,103981.50027040002,-0.18429014490044238,-0.8723232662470297,a,flat,0.0,0.0
2020-06-15,103981.50027040002,-0.16976299021991847,-0.7243465485119891,a,flat,0.0,0.0
2020-06-16,103981.50027040002,-0.19414269290164232,-0.942550974950628,a,flat,0.0,0.0
2020-06-17,103981.50027040002,-0.1991327876072575,-0.975504323019313,a,flat,0.0,0.0
2020-06-18,103981.50027040002,-0.1786400210413741,-0.7718863095273527,a,flat,0.0,0.0
2020-06-19,103981.50027040002,-0.18421019440384057,-0.8138646941663765,a,flat,0.0,0.0
2020-06-22,103981.50027040002,-0.18767210964350522,-0.8364242531030751,a,flat,0.0,0.0
2020-06-23,103981.50027040002,-0.19820047231969085,-0.9222177809592342,a,flat,0.0,0.0
2020-06-24,103981.50027040002,-0.18148598086589707,-0.7569929938050036,a,flat,0.0,0.0
2020-06-29,103981.50027040002,-0.16468724763549014,-0.596158279478159,a,flat,0.0,0.0
2020-06-30,103981.50027040002,-0.16442617843299745,-0.5892378266937647,a,flat,0.0,0.0
2020-07-02,103981.50027040002,-0.16817056200329072,-0.6193666353781302,a,flat,0.0,0.0
2020-07-03,103981.50027040002,-0.1449890161648777,-0.4048181127007056,a,flat,0.0,0.0
2020-07-06,103981.50027040002,-0.09881087111623765,0.019656877815110475,h,flat,0.0,0.0
2020-07-07,103981.50027040002,-0.07512743064871086,0.23376355256869552,h,flat,0.0,0.0
2020-07-08,103981.50027040002,-0.07703391188767728,0.21090873357908627,h,flat,0.0,0.0
2020-07-09,103981.50027040002,-0.057433332195918396,0.3860371733640884,h,flat,0.0,0.0
2020-07-10,103981.50027040002,-0.07617113346507232,0.207261332795367,h,flat,0.0,0.0
2020-07-13,103981.50027040002,-0.08737836645700336,0.09896201270680811,h,flat,0.0,0.0
2020-07-14,103981.50027040002,-0.08955818052656062,0.07588780336103104,h,flat,0.0,0.0
2020-07-15,103981.50027040002,-0.11259066612268165,-0.14046610288056394,a,flat,0.0,0.0
2020-07-16,103981.50027040002,-0.11616162247000372,-0.17409674930772798,a,flat,0.0,0.0
2020-07-17,103981.50027040002,-0.11736271382638663,-0.18813928612314015,a,flat,0.0,0.0
2020-07-20,103981.50027040002,-0.08786078884079163,0.0814245237260189,h,flat,0.0,0.0
2020-07-21,103981.50027040002,-0.09854756107052998,-0.023884566857861646,a,flat,0.0,0.0
2020-07-22,103981.50027040002,-0.08089364346324968,0.13493681041525285,h,flat,0.0,0.0
2020-07-23,103981.50027040002,-0.08579573966688381,0.08377691451635584,h,flat,0.0,0.0
2020-07-24,103981.50027040002,-0.08202029545830403,0.1120908842188789,h,flat,0.0,0.0
2020-07-27,103981.50027040002,-0.09758891413232029,-0.040504716288786324,a,flat,0.0,0.0
2020-07-28,103981.50027040002,-0.09950509642638017,-0.06388910983843675,a,flat,0.0,0.0
2020-07-29,103981.50027040002,-0.08202029545830403,0.09542007154112943,h,flat,0.0,0.0
2020-07-30,103981.50027040002,-0.08304150039089597,0.0779447752981852,h,flat,0.0,0.0
2020-07-31,103981.50027040002,-0.062176640860126975,0.26704340014430633,h,flat,0.0,0.0
2020-08-03,103981.50027040002,-0.05122062487097834,0.3613781356469311,h,flat,0.0,0.0
2020-08-04,103981.50027040002,-0.06348784458403256,0.23523441938012962,h,flat,0.0,0.0
2020-08-05,103981.50027040002,-0.08202029545830403,0.049004994948451834,h,flat,0.0,0.0
2020-08-06,103981.50027040002,-0.08774540297319056,-0.017050552476876014,a,flat,0.0,0.0
2020-08-07,103981.50027040002,-0.09087877191697169,-0.05637259936979884,a,flat,0.0,0.0
2020-08-10,103981.50027040002,-0.08986327286512097,-0.055129737273508506,a,flat,0.0,0.0
2020-08-11,103981.50027040002,-0.11767774952676047,-0.33551690552115243,a,flat,0.0,0.0
2020-08-12,103981.50027040002,-0.1259367899806456,-0.4254889475695373,a,flat,0.0,0.0
2020-08-13,103981.50027040002,-0.13518406300698405,-0.5251107092135996,a,flat,0.0,0.0
2020-08-14,103981.50027040002,-0.13130623748966075,-0.49518031084027514,a,flat,0.0,0.0
2020-08-17,103981.50027040002,-0.11578937865512717,-0.34700145848626823,a,flat,0.0,0.0
2020-08-18,103981.50027040002,-0.12511241468388956,-0.44507780680967207,a,flat,0.0,0.0
2020-08-19,103981.50027040002,-0.1234537232214945,-0.434497513289401,a,flat,0.0,0.0
2020-08-20,103981.50027040002,-0.13610006874763148,-0.5670422277175821,a,flat,0.0,0.0
2020-08-21,103981.50027040002,-0.13701505954200477,-0.5813463687775493,a,flat,0.0,0.0
2020-08-24,103981.50027040002,-0.13518406300698405,-0.5660684929921016,a,flat,0.0,0.0
2020-08-25,103981.50027040002,-0.15088584693317642,-0.7277199040723621,a,flat,0.0,0.0
2020-08-26,103981.50027040002,-0.1586385703099451,-0.8050921380838809,a,flat,0.0,0.0
2020-08-27,103981.50027040002,-0.12923036771741514,-0.5082842810263283,a,flat,0.0,0.0
2020-08-28,103981.50027040002,-0.11578090246369044,-0.3726168169536437,a,flat,0.0,0.0
2020-08-31,103981.50027040002,-0.12829670398946025,-0.5014086160103813,a,flat,0.0,0.0
2020-09-01,103981.50027040002,-0.12186642375921841,-0.43697800214314436,a,flat,0.0,0.0
2020-09-02,103981.50027040002,-0.1283402082403784,-0.5021945768200473,a,flat,0.0,0.0
2020-09-03,103981.50027040002,-0.13648552789256296,-0.5833832079774224,a,flat,0.0,0.0
2020-09-04,103981.50027040002,-0.1305857725426658,-0.5198736480575152,a,flat,0.0,0.0
2020-09-07,103981.50027040002,-0.1267769514527295,-0.46922032697710364,a,flat,0.0,0.0
2020-09-08,103981.50027040002,-0.12462740207140155,-0.43625530428256704,a,flat,0.0,0.0
2020-09-09,103981.50027040002,-0.11570853697480366,-0.3320451249265981,a,flat,0.0,0.0
2020-09-10,103981.50027040002,-0.11888625975033595,-0.3506510476204744,a,flat,0.0,0.0
2020-09-11,103981.50027040002,-0.12092323510249559,-0.3581547600535549,a,flat,0.0,0.0
2020-09-14,103981.50027040002,-0.11578548207208783,-0.28667711523311185,a,flat,0.0,0.0
2020-09-15,103981.50027040002,-0.11888625975033595,-0.30534297115673514,a,flat,0.0,0.0
2020-09-16,103981.50027040002,-0.12492076041567235,-0.36173327434898483,a,flat,0.0,0.0
2020-09-17,103981.50027040002,-0.14910482030990346,-0.6683954927700303,a,flat,0.0,0.0
2020-09-18,103981.50027040002,-0.13285758983042983,-0.4445379031991257,a,flat,0.0,0.0
2020-09-21,103981.50027040002,-0.11679631739539609,-0.19774917409751477,a,flat,0.0,0.0
2020-09-22,103981.50027040002,-0.10341724411757114,0.042665037102587504,h,flat,0.0,0.0
2020-09-23,103981.50027040002,-0.09703886076494883,0.18482086280305932,h,flat,0.0,0.0
2020-09-24,103981.50027040002,-0.06994482499465193,0.7174711509551069,h,flat,0.0,0.0
2020-09-25,103981.50027040002,-0.0653598176196577,0.858611363746181,h,flat,0.0,0.0
2020-09-28,103981.50027040002,-0.06332731593353902,0.9606750236728893,h,flat,0.0,0.0
2020-09-29,103981.50027040002,-0.07089448444890545,0.8390128191348385,h,flat,0.0,0.0
2020-09-30,103981.50027040002,-0.06018759592887135,1.0876862396925173,h,flat,0.0,0.0
2020-10-09,103981.50027040002,-0.07893044588488429,0.7159939982991631,h,flat,0.0,0.0
2020-10-12,103981.50027040002,-0.06542003821328768,1.0135542094696957,h,flat,0.0,0.0
2020-10-14,103981.50027040002,-0.054623142004834424,1.239684565326417,h,flat,0.0,0.0
2020-10-15,103981.50027040002,-0.042258778904330274,1.501867325147157,h,flat,0.0,0.0
2020-10-16,103981.50027040002,-0.04111713602284239,1.5147478553803595,h,flat,0.0,0.0
2020-10-19,103981.50027040002,-0.05572817459877277,1.2070535901238053,h,flat,0.0,0.0
2020-10-20,103981.50027040002,-0.04198730168370046,1.5114541359312632,h,flat,0.0,0.0
2020-10-21,103981.50027040002,-0.049020938583860696,1.3695118895025449,h,flat,0.0,0.0
2020-10-22,103981.50027040002,-0.02938263622592041,1.7839544373687888,h,flat,0.0,0.0
2020-10-23,103981.50027040002,-0.08421433500317654,0.6273562088927791,h,flat,0.0,0.0
2020-10-27,103981.50027040002,-0.05329143420033944,1.3011074943371332,h,flat,0.0,0.0
2020-10-28,103981.50027040002,-0.04513691058659686,1.4791123324248034,h,flat,0.0,0.0
2020-10-29,103981.50027040002,-0.042041033097844016,1.547007731895995,h,flat,0.0,0.0
2020-10-30,103981.50027040002,-0.022891760243852977,1.9324187922044678,h,flat,0.0,0.0
2020-11-02,103981.50027040002,-0.024879122506380025,1.8610142566097398,h,flat,0.0,0.0
2020-11-03,103981.50027040002,-0.042258778904330274,1.470094311930601,h,flat,0.0,0.0
2020-11-04,103981.50027040002,-0.03771971235633775,1.5363840797210986,h,flat,0.0,0.0
2020-11-05,103981.50027040002,-0.0467730323160056,1.3369102267975248,h,flat,0.0,0.0
2020-11-06,103981.50027040002,-0.041389097276364195,1.4334230550545655,h,flat,0.0,0.0
2020-11-09,103981.50027040002,-0.036838041518483244,1.50533248077841,h,flat,0.0,0.0
2020-11-10,103981.50027040002,-0.13857592247653572,-0.5517006240826146,a,flat,0.0,0.0
2020-11-11,103981.50027040002,-0.16453147575666693,-1.0607728733801336,a,flat,0.0,0.0
2020-11-12,103981.50027040002,-0.1822701594544529,-1.3936024073250057,a,flat,0.0,0.0
2020-11-13,103981.50027040002,-0.1573924378946665,-0.8779854835750682,a,flat,0.0,0.0
2020-11-16,103981.50027040002,-0.1555083294327808,-0.8259438338084494,a,flat,0.0,0.0
2020-11-17,103981.50027040002,-0.1633792352377832,-0.9742802420928997,a,flat,0.0,0.0
2020-11-18,103981.50027040002,-0.1712817031407048,-1.1236826794913677,a,flat,0.0,0.0
2020-11-19,103981.50027040002,-0.1724564533888997,-1.135586621393781,a,flat,0.0,0.0
2020-11-20,103981.50027040002,-0.16214236419765782,-0.9201120100610373,a,flat,0.0,0.0
2020-11-23,103981.50027040002,-0.18667348401211403,-1.381304852031166,a,flat,0.0,0.0
2020-11-24,103981.50027040002,-0.17708612708110594,-1.1755252759779564,a,flat,0.0,0.0
2020-11-25,103981.50027040002,-0.21670463560779396,-1.9057360821871112,a,flat,0.0,0.0
2020-11-26,103881.54400800003,-0.2266067814721593,-2.0464517290938287,a,long_a_short_h,98529.5312,-0.0009612889036998418
2020-11-27,104577.85520800002,-0.21360764389189435,-1.764255955766018,a,long_a_short_h,97833.22,0.006702934642041747
2020-11-30,110870.10960800003,-0.08636575080487963,0.606650452803418,h,long_a_short_h,91864.9656,0.0601681339465705
2020-12-01,112472.65120800002,-0.049840492203999665,1.265671577991082,h,long_a_short_h,89938.424,0.014454225811321386
2020-12-02,112705.00640800002,-0.04449215443145582,1.3402560360549696,h,long_a_short_h,89706.06880000001,0.002065881772185474
2020-12-03,112705.00640800002,-0.04449215443145582,1.3183592232012302,h,long_a_short_h,89706.06880000001,0.0
2020-12-04,114098.38320800003,-0.011671754809235102,1.885891182978371,h,long_a_short_h,88312.69200000001,0.012363042640323174
2020-12-07,114518.61360800001,0.002319318581143426,2.1031857689276423,h,long_a_short_h,86596.46160000001,0.0036830530651246196
2020-12-08,115333.19920800002,0.02605997720739195,2.4814861828770782,h,long_a_short_h,84809.876,0.007113128375692224
2020-12-09,115845.07440800003,0.04176496765338,2.693531057323916,h,long_a_short_h,83650.00080000001,0.004438229438835428
2020-12-10,116678.79057440002,0.06477697573019192,3.004583023075289,h,flat,0.0,0.007196820155371375
2020-12-11,116566.71158640002,0.02195032934375507,2.204694050701319,h,short_a_long_h,110484.994,-0.0009605772175751426
2020-12-14,118662.43838640001,-0.012211250363370674,1.5764655076831806,h,short_a_long_h,111840.7208,0.017978776028580112
2020-12-15,117851.57878640002,0.0006182834970687168,1.7633209974017303,h,short_a_long_h,109919.86120000001,-0.006833329999166193
2020-12-16,117851.57878640002,0.0006182834970687168,1.7323565326971138,h,short_a_long_h,109919.86120000001,0.0
2020-12-17,117501.43158640002,0.006652092003664345,1.8054284403726222,h,short_a_long_h,111419.714,-0.0029710862052566567
2020-12-18,118169.74638640002,-0.003818160680656435,1.594684770171903,h,short_a_long_h,113198.0288,0.00568771623440667
2020-12-21,118354.74638640002,-0.006853064375810458,1.5167934615497294,h,short_a_long_h,113013.0288,0.0015655445294353587
2020-12-22,119906.01878640002,-0.0325975613338616,1.0556051454221325,h,short_a_long_h,111604.30119999999,0.013106972448198029
2020-12-23,119762.30558640002,-0.030321752314830253,1.08099152213885,h,short_a_long_h,111460.58799999999,-0.0011985486754922947
2020-12-24,120297.03998640002,-0.03854644534639262,0.9218996647010363,h,short_a_long_h,112365.3224,0.004464964141945638
2020-12-28,121632.91398640002,-0.05946478534474964,0.5392676504594003,h,short_a_long_h,113331.1964,0.011104795264713196
2020-12-29,120954.4663864,-0.0492605615170405,0.7077924404872448,h,short_a_long_h,112282.7488,-0.005577829041207294
2020-12-30,119731.15158640001,-0.030007060330009327,1.0362500028304211,h,short_a_long_h,111059.43400000001,-0.010113845619325934
2020-12-31,119146.16598640001,-0.02034602765313198,1.1895368139517069,h,short_a_long_h,111214.4484,-0.004885826221907363
2021-01-04,117655.27758640001,0.004029713344572583,1.594751431399727,h,short_a_long_h,110833.56,-0.012513104283776721
2021-01-05,117799.1683848,-0.00023081757188481156,1.493862673669775,h,flat,0.0,0.001222986349204147
2021-01-06,117799.1683848,-0.019285066215144475,1.1437237234131092,h,flat,0.0,0.0
2021-01-07,117799.1683848,-0.006853064375810458,1.344840071699342,h,flat,0.0,0.0
2021-01-08,117799.1683848,0.020186613243150076,1.7769011176266538,h,flat,0.0,0.0
2021-01-11,117799.1683848,-0.002617490937341538,1.3627783188082088,h,flat,0.0,0.0
2021-01-12,117799.1683848,0.002569420214803886,1.4256332149996225,h,flat,0.0,0.0
2021-01-13,117799.1683848,-0.02958874892888108,0.8695613596240446,h,flat,0.0,0.0
2021-01-14,117799.1683848,-0.08546192367512462,-0.07562407220202996,a,flat,0.0,0.0
2021-01-15,117799.1683848,-0.08830283637825587,-0.12780578703410164,a,flat,0.0,0.0
2021-01-18,117799.1683848,-0.11355314042153197,-0.5499370056542101,a,flat,0.0,0.0
2021-01-19,117799.1683848,-0.1283402082403784,-0.7933367773862116,a,flat,0.0,0.0
2021-01-20,117799.1683848,-0.12432732341275354,-0.7181414283618209,a,flat,0.0,0.0
2021-01-21,117799.1683848,-0.11454438301709513,-0.5491571598993862,a,flat,0.0,0.0
2021-01-22,117799.1683848,-0.08253619013454094,-0.012295166424357452,a,flat,0.0,0.0
2021-01-25,117799.1683848,-0.08767841800538512,-0.09994276152440797,a,flat,0.0,0.0
2021-01-26,117799.1683848,-0.06728137089779573,0.2377388423714726,h,flat,0.0,0.0
2021-01-27,117799.1683848,-0.11581302306148711,-0.570960341907959,a,flat,0.0,0.0
2021-01-28,117799.1683848,-0.1075711928075902,-0.429119495499742,a,flat,0.0,0.0
2021-01-29,117799.1683848,-0.0850993001890199,-0.04974813423239795,a,flat,0.0,0.0
2021-02-01,117799.1683848,-0.1149167435989924,-0.5401958037102109,a,flat,0.0,0.0
2021-02-02,117799.1683848,-0.14265395776352863,-0.9899507107657173,a,flat,0.0,0.0
2021-02-03,117799.1683848,-0.17145380791943632,-1.4450650852332838,a,flat,0.0,0.0
2021-02-04,117799.1683848,-0.17048600877516207,-1.4057617966796054,a,flat,0.0,0.0
2021-02-05,117799.1683848,-0.17729988441944067,-1.4914861986191454,a,flat,0.0,0.0
2021-02-08,117799.1683848,-0.17776866764267107,-1.473489123897901,a,flat,0.0,0.0
2021-02-09,117799.1683848,-0.19272203437857427,-1.685269093491427,a,flat,0.0,0.0
2021-02-10,117799.1683848,-0.17506545865810308,-1.3885580858353241,a,flat,0.0,0.0
2021-02-18,117686.05384400001,-0.24936289524372857,-2.486615844055494,a,long_a_short_h,111637.27040000001,-0.0009602320827128974
2021-02-19,117832.057044,-0.24687200471671233,-2.3787356637163124,a,long_a_short_h,109691.2672,0.0012406159883100454
2021-02-22,118884.79624400001,-0.22985833285259938,-2.070565055459646,a,long_a_short_h,112238.52799999999,0.008934234251778417
2021-02-23,117550.303444,-0.2515254575806025,-2.3236372804812255,a,long_a_short_h,114293.0208,-0.011225092208267617
2021-02-24,119717.612244,-0.21514758967457803,-1.763417569105123,a,long_a_short_h,108885.712,0.018437288007788766
2021-02-25,119521.41384400001,-0.21909242354146619,-1.7883107850289652,a,long_a_short_h,110881.9104,-0.0016388432438839695
2021-02-26,121661.461844,-0.18104266032098448,-1.2390638347433525,a,long_a_short_h,106941.8624,0.017905142946126773
2021-03-01,122340.17544400001,-0.16910662875220162,-1.0636006108756928,a,long_a_short_h,106623.1488,0.005578706598727834
2021-03-02,122444.89224400002,-0.16453147575666693,-0.9963977612055035,a,long_a_short_h,103638.432,0.0008559477671170601
2021-03-03,121389.980244,-0.18487419176779718,-1.2739072108096374,a,long_a_short_h,105773.34400000001,-0.00861540224885704
2021-03-04,122098.917844,-0.17256806960583604,-1.092696291524218,a,long_a_short_h,105784.4064,0.005840165708693501
2021-03-05,122262.719444,-0.17169203438885816,-1.069244001403488,a,long_a_short_h,108140.6048,0.0013415483355003754
2021-03-08,122575.487444,-0.16817750765144224,-1.0125298814558181,a,long_a_short_h,110347.8368,0.002558163284951842
2021-03-09,123232.07624400001,-0.15564791631658115,-0.8338809140870758,a,long_a_short_h,108611.24799999999,0.0053566077010298585
2021-03-10,123167.855444,-0.15434866768536315,-0.8114739849466415,a,long_a_short_h,106155.4688,-0.0005211370444887509
2021-03-11,122387.82982479999,-0.1678870136449322,-0.9909941062795863,a,flat,0.0,-0.006333029152680636
2021-03-12,122387.82982479999,-0.13608330846590988,-0.5546813560641765,a,flat,0.0,0.0
2021-03-15,122387.82982479999,-0.13445693302195227,-0.5313167998540711,a,flat,0.0,0.0
2021-03-16,122387.82982479999,-0.13853732458205337,-0.5851040928197696,a,flat,0.0,0.0
2021-03-17,122387.82982479999,-0.1362179310842293,-0.5505212086414943,a,flat,0.0,0.0
2021-03-18,122387.82982479999,-0.12527288353260868,-0.4001886274354832,a,flat,0.0,0.0
2021-03-19,122387.82982479999,-0.1064154116148528,-0.14438680922016003,a,flat,0.0,0.0
2021-03-22,122387.82982479999,-0.09552405888203142,0.0020958513020695856,h,flat,0.0,0.0
2021-03-23,122387.82982479999,-0.09647160195740057,-0.013411030278980638,a,flat,0.0,0.0
2021-03-24,122387.82982479999,-0.09335640526984101,0.025599158882572946,h,flat,0.0,0.0
2021-03-25,122387.82982479999,-0.08727416048072034,0.10198964943923859,h,flat,0.0,0.0
2021-03-26,122387.82982479999,-0.11140801743756024,-0.2315917510611655,a,flat,0.0,0.0
2021-03-29,122387.82982479999,-0.10445476770285289,-0.13761727609442942,a,flat,0.0,0.0
2021-03-30,122387.82982479999,-0.09944974112495752,-0.0693614353199928,a,flat,0.0,0.0
2021-03-31,122387.82982479999,-0.0893642538011361,0.06822687760742356,h,flat,0.0,0.0
2021-04-01,122387.82982479999,-0.0903398117304155,0.057193044563785024,h,flat,0.0,0.0
2021-04-07,122387.82982479999,-0.09639423831181348,-0.022430483447594293,a,flat,0.0,0.0
2021-04-08,122387.82982479999,-0.06629969560759652,0.3916092151257889,h,flat,0.0,0.0
2021-04-09,122387.82982479999,-0.07273999187052405,0.30330786731452347,h,flat,0.0,0.0
2021-04-12,122387.82982479999,-0.07698354678418018,0.24706634128346994,h,flat,0.0,0.0
2021-04-13,122387.82982479999,-0.07880061648221504,0.2220526867822626,h,flat,0.0,0.0
2021-04-14,122387.82982479999,-0.09327430414093207,0.026145534126653075,h,flat,0.0,0.0
2021-04-15,122387.82982479999,-0.1004547082612659,-0.06753612648429481,a,flat,0.0,0.0
2021-04-16,122387.82982479999,-0.11629186972420391,-0.27788959964876975,a,flat,0.0,0.0
2021-04-19,122387.82982479999,-0.11535060560207722,-0.2569031797318119,a,flat,0.0,0.0
2021-04-20,122387.82982479999,-0.11842756806285637,-0.2925569134747919,a,flat,0.0,0.0
2021-04-21,122387.82982479999,-0.11457862272125774,-0.23136857791007615,a,flat,0.0,0.0
2021-04-22,122387.82982479999,-0.12592048181376803,-0.3804896950560297,a,flat,0.0,0.0
2021-04-23,122387.82982479999,-0.12492076041567235,-0.35672575794379274,a,flat,0.0,0.0
2021-04-26,122387.82982479999,-0.12390340841815273,-0.3378156477176962,a,flat,0.0,0.0
2021-04-27,122387.82982479999,-0.13011460851079337,-0.41596163671744685,a,flat,0.0,0.0
2021-04-28,122387.82982479999,-0.12086029046621993,-0.27853389319421346,a,flat,0.0,0.0
2021-04-29,122387.82982479999,-0.12170479660787747,-0.28178012912384537,a,flat,0.0,0.0
2021-04-30,122387.82982479999,-0.1125444272092131,-0.1435061458254638,a,flat,0.0,0.0
2021-05-06,122387.82982479999,-0.1187944293470602,-0.22168681683687977,a,flat,0.0,0.0
2021-05-07,122387.82982479999,-0.11471742796012241,-0.1558305214086981,a,flat,0.0,0.0
2021-05-10,122387.82982479999,-0.12027229802999595,-0.22580807158569294,a,flat,0.0,0.0
2021-05-11,122387.82982479999,-0.09359631357659293,0.16073243300762943,h,flat,0.0,0.0
2021-05-12,122387.82982479999,-0.06855463036132159,0.5234006316767462,h,flat,0.0,0.0
2021-05-13,122387.82982479999,-0.04963855271427042,0.797239009153828,h,flat,0.0,0.0
2021-05-14,122387.82982479999,-0.057807771359235316,0.6696635012473643,h,flat,0.0,0.0
2021-05-17,122387.82982479999,-0.049257995354115014,0.778972147379509,h,flat,0.0,0.0
2021-05-18,122387.82982479999,-0.028943597095756113,1.0529550359558282,h,flat,0.0,0.0
2021-05-20,122387.82982479999,-0.04538486314650947,0.8033428037882603,h,flat,0.0,0.0
2021-05-21,122387.82982479999,-0.031249086666471637,0.9899041584269456,h,flat,0.0,0.0
2021-05-24,122387.82982479999,-0.05177061670433791,0.6833355472393677,h,flat,0.0,0.0
2021-05-25,122387.82982479999,-0.037432395474329416,0.8743476650565258,h,flat,0.0,0.0
2021-05-26,122387.82982479999,-0.04275867505207054,0.7839730608857769,h,flat,0.0,0.0
2021-05-27,122387.82982479999,-0.04425155034656125,0.7493084935212845,h,flat,0.0,0.0
2021-05-28,122387.82982479999,-0.04261860965361941,0.7592078144167851,h,flat,0.0,0.0
2021-05-31,122387.82982479999,-0.04689987630020398,0.6841656095577826,h,flat,0.0,0.0
2021-06-01,122387.82982479999,-0.054507411977504416,0.5606352060304034,h,flat,0.0,0.0
2021-06-02,122387.82982479999,-0.061118772147850775,0.44997763837279336,h,flat,0.0,0.0
2021-06-03,122387.82982479999,-0.05487126089825489,0.5307343485180476,h,flat,0.0,0.0
2021-06-04,122387.82982479999,-0.06289916118410188,0.40563845522240366,h,flat,0.0,0.0
2021-06-07,122387.82982479999,-0.07112642150184767,0.2838811423529331,h,flat,0.0,0.0
2021-06-08,122387.82982479999,-0.08036346482110535,0.14843028327824276,h,flat,0.0,0.0
2021-06-09,122387.82982479999,-0.06960658972476508,0.3157957927713391,h,flat,0.0,0.0
2021-06-10,122387.82982479999,-0.0643434196804904,0.40488864489210036,h,flat,0.0,0.0
2021-06-11,122387.82982479999,-0.02161333078976746,1.0667966783545064,h,flat,0.0,0.0
2021-06-15,122387.82982479999,0.005941088384080473,1.4996561785897164,h,flat,0.0,0.0
2021-06-16,122387.82982479999,0.02493494614886682,1.802842587327291,h,flat,0.0,0.0
2021-06-17,122387.82982479999,0.013381851364577368,1.652841930194738,h,flat,0.0,0.0
2021-06-18,122387.82982479999,0.015450936725988962,1.688759517181419,h,flat,0.0,0.0
2021-06-21,122387.82982479999,0.006956193044020509,1.54693659400115,h,flat,0.0,0.0
2021-06-22,122387.82982479999,0.03607582184283675,1.9834500227335587,h,flat,0.0,0.0
2021-06-23,122387.82982479999,0.031452125656283636,1.8947321715643914,h,flat,0.0,0.0
2021-06-24,122387.82982479999,0.032931507210556266,1.903126101939919,h,flat,0.0,0.0
2021-06-25,122387.82982479999,0.014404974333938947,1.6103005557723857,h,flat,0.0,0.0
2021-06-28,122387.82982479999,0.014745455380059891,1.6063007737848232,h,flat,0.0,0.0
2021-06-29,122387.82982479999,0.0338864288887224,1.8680364379607546,h,flat,0.0,0.0
2021-06-30,122387.82982479999,0.04352505772649118,1.9774646754798602,h,flat,0.0,0.0
2021-07-02,122387.82982479999,0.023077370627067717,1.6501293203540792,h,flat,0.0,0.0
2021-07-05,122387.82982479999,0.009322117156699283,1.4274698804222454,h,flat,0.0,0.0
2021-07-06,122387.82982479999,0.009613370206543959,1.4143772601997808,h,flat,0.0,0.0
2021-07-07,122387.82982479999,0.005326474760490418,1.3415114158562818,h,flat,0.0,0.0
2021-07-08,122387.82982479999,0.025464274654493302,1.6155312810362767,h,flat,0.0,0.0
2021-07-09,122387.82982479999,0.024487434327122193,1.5933553684168782,h,flat,0.0,0.0
2021-07-12,122387.82982479999,0.018202619977540913,1.496718020809985,h,flat,0.0,0.0
2021-07-13,122387.82982479999,0.018794932226458894,1.492277169737576,h,flat,0.0,0.0
2021-07-14,122387.82982479999,0.014793288834537455,1.4282570391867409,h,flat,0.0,0.0
2021-07-15,122387.82982479999,0.016586049125165703,1.4549430313694312,h,flat,0.0,0.0
2021-07-16,122387.82982479999,0.01983393033829195,1.492903377958388,h,flat,0.0,0.0
2021-07-19,122387.82982479999,0.018278788576176153,1.4654387429582703,h,flat,0.0,0.0
2021-07-20,122387.82982479999,0.022140457910007072,1.5031123080093542,h,flat,0.0,0.0
2021-07-21,122387.82982479999,0.019434096312263893,1.4402986444755053,h,flat,0.0,0.0
2021-07-22,122387.82982479999,0.004930232036247872,1.2210823061399974,h,flat,0.0,0.0
2021-07-23,122387.82982479999,-0.001080153229488845,1.1203439501216894,h,flat,0.0,0.0
2021-07-26,122387.82982479999,0.0043233366971358045,1.1741789701274656,h,flat,0.0,0.0
2021-07-27,122387.82982479999,0.02953745014152842,1.4882914465848867,h,flat,0.0,0.0
2021-07-28,122387.82982479999,0.021877556612562632,1.3598171133282482,h,flat,0.0,0.0
2021-07-29,122387.82982479999,0.01655714165852107,1.2685783994366613,h,flat,0.0,0.0
2021-07-30,122387.82982479999,0.03431186307353129,1.4779629511512244,h,flat,0.0,0.0
2021-08-02,122387.82982479999,0.020936739618228728,1.2826394227225404,h,flat,0.0,0.0
2021-08-03,122387.82982479999,0.0017317597821786546,1.0145322382852655,h,flat,0.0,0.0
2021-08-04,122387.82982479999,0.006204700143619402,1.056363204047246,h,flat,0.0,0.0
2021-08-05,122387.82982479999,-0.009086740908929913,0.8464587885831333,h,flat,0.0,0.0
2021-08-06,122387.82982479999,-0.03395982734864522,0.5147723213461561,h,flat,0.0,0.0
2021-08-09,122387.82982479999,-0.034716960416667275,0.4944372477665887,h,flat,0.0,0.0
2021-08-10,122387.82982479999,-0.03192755832908878,0.5186651330262981,h,flat,0.0,0.0
2021-08-11,122387.82982479999,-0.027970301348085203,0.5581780485775746,h,flat,0.0,0.0
2021-08-12,122387.82982479999,-0.037046105790629724,0.4265340734192715,h,flat,0.0,0.0
2021-08-13,122387.82982479999,-0.05112978831816761,0.22757809548869612,h,flat,0.0,0.0
2021-08-16,122387.82982479999,-0.040049342541595756,0.36298300522683213,h,flat,0.0,0.0
2021-08-17,122387.82982479999,-0.03751416503772864,0.3850673505241442,h,flat,0.0,0.0
2021-08-18,122387.82982479999,-0.05391919040574611,0.14263540856443732,h,flat,0.0,0.0
2021-08-19,122387.82982479999,-0.06139241089482472,0.016529733855617512,h,flat,0.0,0.0
2021-08-20,122387.82982479999,-0.04833044794143815,0.18801551538680747,h,flat,0.0,0.0
2021-08-23,122387.82982479999,-0.031004269540418017,0.43192075810118424,h,flat,0.0,0.0
2021-08-24,122387.82982479999,-0.018196848501099927,0.6172054322799577,h,flat,0.0,0.0
2021-08-25,122387.82982479999,0.006204700143619402,0.9938568699160014,h,flat,0.0,0.0
2021-08-26,122387.82982479999,0.02293902157908967,1.2488129880212053,h,flat,0.0,0.0
2021-08-27,122387.82982479999,0.040822642855011804,1.5186246955312028,h,flat,0.0,0.0
2021-08-30,122387.82982479999,0.06088879062994379,1.8159816493942114,h,flat,0.0,0.0
2021-08-31,122270.06124079999,0.0796137881217045,2.089915643806541,h,short_a_long_h,115950.592,-0.0009622573107848087
2021-09-01,123419.43564079999,0.06174453588536877,1.77336948191406,h,short_a_long_h,117099.9664,0.009400292993526849
2021-09-02,123303.67404079999,0.0636456131558305,1.7807887668694775,h,short_a_long_h,117636.2048,-0.0009379527575941182
2021-09-03,122373.9796408,0.07815919591714793,1.988539100467492,h,short_a_long_h,118988.5104,-0.007539875897715431
2021-09-06,123354.95884079998,0.06311921227567474,1.7141762201292217,h,short_a_long_h,118991.4896,0.008016240077175052
2021-09-07,122168.63244079998,0.0814146701993812,1.9816184405821595,h,short_a_long_h,120739.1632,-0.009617176408214467
2021-09-08,121117.21804079998,0.09731832723777467,2.205454472111945,h,short_a_long_h,120665.7488,-0.008606254969003468
2021-09-09,120797.17644079999,0.10196028342952523,2.2274449205465188,h,short_a_long_h,122953.7072,-0.002642412079611911
2021-09-10,123180.6788408,0.06667407266711067,1.6231228965191684,h,short_a_long_h,123381.2096,0.019731441331893418
2021-09-13,120815.05164079998,0.10148198490606619,2.145013003980716,h,short_a_long_h,128839.58240000001,-0.019204531280894943
2021-09-14,117692.9428408,0.1449835657404217,2.7564589969583384,h,short_a_long_h,131259.47360000003,-0.025842051611933647
2021-09-15,113835.1480344,0.19472624057013022,3.3674483264750505,h,flat,0.0,-0.03277847178669269
2021-09-16,113725.601204,0.18734377510494737,3.103263214240942,h,short_a_long_h,107958.01520000001,-0.0009623287033183603
2021-09-17,114035.31480400002,0.18200912668485403,2.896277076462428,h,short_a_long_h,105747.72880000001,0.0027233410658735746
2021-09-23,110666.66918800001,0.2370724994608584,3.469581709456217,h,flat,0.0,-0.02954037196100101
2021-09-24,110560.3717616,0.22882618673007005,3.1888169956554346,h,short_a_long_h,104663.8132,-0.0009605188913694995
2021-09-27,110597.28317519999,0.22664247289992212,3.0146506248872837,h,flat,0.0,0.0003338575387532572
2021-09-28,110491.21791919999,0.22522353785699956,2.8747682274231736,h,short_a_long_h,104809.62800000001,-0.0009590222558358841
2021-09-29,113186.58591919999,0.17629526700701992,2.2132541185921726,h,short_a_long_h,99584.996,0.02439440935451609
2021-09-30,113358.10671919999,0.1729650591079448,2.1157426571358173,h,short_a_long_h,99096.5168,0.0015153809844785648
2021-10-08,111992.23351919999,0.19864876995140546,2.3456688874577347,h,short_a_long_h,102570.64359999998,-0.012049188536497168
2021-10-11,113092.23351919999,0.17868802738886735,2.0584537042940263,h,short_a_long_h,101470.6436,0.009822109671662416
2021-10-12,113415.28031919998,0.17184866398089338,1.9330099504318015,h,short_a_long_h,98933.69039999999,0.0028564896982528065
2021-10-15,113803.25431919999,0.1644711171677702,1.8065063551243605,h,short_a_long_h,98441.66440000001,0.0034208265315580633
2021-10-18,113885.5703192,0.1635205911012616,1.755875118785007,h,short_a_long_h,99623.9804,0.0007233185069481785
2021-10-19,114325.5703192,0.15522178828656652,1.629380424400753,h,short_a_long_h,99183.9804,0.0038635272121547715
2021-10-20,114261.4435192,0.15527739865111712,1.5971387390143401,h,short_a_long_h,97139.8536,-0.0005609138867267438
2021-10-21,114405.28031919998,0.15303933202339715,1.5427323987976245,h,short_a_long_h,97943.69039999999,0.00125883933871207
2021-10-22,115317.31151919998,0.13429539993248807,1.3157875536426227,h,short_a_long_h,95555.72159999999,0.00797193274170005
2021-10-25,114027.60151919999,0.16009755874551224,1.5684191237536569,h,short_a_long_h,98006.0116,-0.011184010301742542
2021-10-26,114050.13791919999,0.15913584803245318,1.53102896341529,h,short_a_long_h,96928.54800000001,0.00019763986701248903
2021-10-27,114169.63271919999,0.15660789389787344,1.4787656823070483,h,short_a_long_h,96388.0428,0.0010477391976908557
2021-10-28,116839.1914552,0.10043216256172349,0.8550445146302269,h,flat,0.0,0.023382388752758665
2021-10-29,116839.1914552,0.09365615787318338,0.7677494719610404,h,flat,0.0,0.0
2021-11-01,116839.1914552,0.07693680464112207,0.5709060139994236,h,flat,0.0,0.0
2021-11-02,116839.1914552,0.0650853093653756,0.4262790173496512,h,flat,0.0,0.0
2021-11-03,116839.1914552,0.051966060492139254,0.26514033226255007,h,flat,0.0,0.0
2021-11-04,116839.1914552,0.039497679437139555,0.10918945174251338,h,flat,0.0,0.0
2021-11-05,116839.1914552,0.0226810276946261,-0.1000038629102314,a,flat,0.0,0.0
2021-11-08,116839.1914552,0.022691011629119018,-0.11443176276731021,a,flat,0.0,0.0
2021-11-09,116839.1914552,0.010476784530480954,-0.27535033553068694,a,flat,0.0,0.0
2021-11-10,116839.1914552,0.008455704885498072,-0.3160143068066642,a,flat,0.0,0.0
2021-11-11,116839.1914552,0.007833586266869474,-0.34152889745612824,a,flat,0.0,0.0
2021-11-12,116839.1914552,0.005815488632458621,-0.38050150753774503,a,flat,0.0,0.0
2021-11-15,116839.1914552,0.008852209122088173,-0.3530899112797363,a,flat,0.0,0.0
2021-11-16,116839.1914552,-0.006575825088628751,-0.5531251547670798,a,flat,0.0,0.0
2021-11-17,116839.1914552,0.011426213117261108,-0.33567675885481546,a,flat,0.0,0.0
2021-11-18,116839.1914552,0.004612128872994337,-0.4295049862882806,a,flat,0.0,0.0
2021-11-19,116839.1914552,0.01346723602908173,-0.3222712018729505,a,flat,0.0,0.0
2021-11-22,116839.1914552,0.03299412272291491,-0.08205676941977867,a,flat,0.0,0.0
2021-11-23,116839.1914552,0.04074771055017834,0.009620194369516584,h,flat,0.0,0.0
2021-11-24,116839.1914552,0.054288380398419545,0.1733333819773722,h,flat,0.0,0.0
2021-11-25,116839.1914552,0.03658880329901848,-0.06378060600215314,a,flat,0.0,0.0
2021-11-26,116839.1914552,0.033811520066817646,-0.10868217479865314,a,flat,0.0,0.0
2021-11-29,116839.1914552,0.03178714110050462,-0.14414188302757402,a,flat,0.0,0.0
2021-11-30,116839.1914552,0.036189075194048126,-0.09550258463458769,a,flat,0.0,0.0
2021-12-01,116839.1914552,0.05443080726955318,0.13480557863298526,h,flat,0.0,0.0
2021-12-02,116839.1914552,0.057411101455807856,0.16315397071353582,h,flat,0.0,0.0
2021-12-03,116839.1914552,0.07204725062063,0.3467704659537506,h,flat,0.0,0.0
2021-12-06,116839.1914552,0.06591119278396373,0.25244430454473415,h,flat,0.0,0.0
2021-12-07,116839.1914552,0.07569799448253467,0.3730046420981756,h,flat,0.0,0.0
2021-12-08,116839.1914552,0.08778141045507959,0.5258435268119038,h,flat,0.0,0.0
2021-12-09,116839.1914552,0.10115030087691235,0.69824378130563,h,flat,0.0,0.0
2021-12-10,116839.1914552,0.07889969194209256,0.3735113765921493,h,flat,0.0,0.0
2021-12-13,116839.1914552,0.07783107960191149,0.3454374528141768,h,flat,0.0,0.0
2021-12-14,116839.1914552,0.06512153366913753,0.15361183035335146,h,flat,0.0,0.0
2021-12-15,116839.1914552,0.055286534251156594,0.006013275489265544,h,flat,0.0,0.0
2021-12-16,116839.1914552,0.07281853777836722,0.25348188687132533,h,flat,0.0,0.0
2021-12-17,116839.1914552,0.05908279497939373,0.04966113253369678,h,flat,0.0,0.0
2021-12-20,116839.1914552,0.04764831221406385,-0.11979734331308305,a,flat,0.0,0.0
2021-12-21,116839.1914552,0.06099162287296389,0.06711289106785767,h,flat,0.0,0.0
2021-12-22,116839.1914552,0.0500326724967608,-0.09369432806639616,a,flat,0.0,0.0
2021-12-23,116839.1914552,0.06197423796004542,0.0760623555338101,h,flat,0.0,0.0
2021-12-24,116839.1914552,0.036339897695073065,-0.296838694003011,a,flat,0.0,0.0
2021-12-28,116839.1914552,0.026717903010834876,-0.43849662604108514,a,flat,0.0,0.0
2021-12-29,116839.1914552,0.028242457898076667,-0.418316787397121,a,flat,0.0,0.0
2021-12-30,116839.1914552,0.03594161070940771,-0.3065286509693214,a,flat,0.0,0.0
2021-12-31,116839.1914552,0.038470057062766294,-0.26907192518465567,a,flat,0.0,0.0
2022-01-04,116839.1914552,0.026200150184569893,-0.4481100560673638,a,flat,0.0,0.0
2022-01-05,116839.1914552,0.011314162211083945,-0.6651546296862364,a,flat,0.0,0.0
2022-01-06,116839.1914552,0.00016050394520128464,-0.8256728774293756,a,flat,0.0,0.0
2022-01-07,116839.1914552,0.0534713970720615,-0.056156042427589314,a,flat,0.0,0.0
2022-01-10,116839.1914552,0.06298308986725654,0.07804575310890562,h,flat,0.0,0.0
2022-01-11,116839.1914552,0.04831676424197218,-0.13902085054828148,a,flat,0.0,0.0
2022-01-12,116839.1914552,0.01068305051120344,-0.6874347431727414,a,flat,0.0,0.0
2022-01-13,116839.1914552,0.032462388452912716,-0.371436519265395,a,flat,0.0,0.0
2022-01-14,116839.1914552,-0.000831125367186214,-0.8547485685705709,a,flat,0.0,0.0
2022-01-17,116839.1914552,-0.0027339646144348695,-0.8786217980264928,a,flat,0.0,0.0
2022-01-18,116839.1914552,0.02268125762651807,-0.5089113559323298,a,flat,0.0,0.0
2022-01-19,116839.1914552,0.017916589491716373,-0.5782585508477415,a,flat,0.0,0.0
2022-01-20,116839.1914552,0.010265689473742956,-0.6876613565568617,a,flat,0.0,0.0
2022-01-21,116839.1914552,-0.029336379251893696,-1.2513568980802712,a,flat,0.0,0.0
2022-01-24,116839.1914552,-0.011844611222555645,-0.994353351225677,a,flat,0.0,0.0
2022-01-25,116839.1914552,-0.03298151979947117,-1.2906118213937592,a,flat,0.0,0.0
2022-01-26,116839.1914552,-0.021820129678016054,-1.1235239341870014,a,flat,0.0,0.0
2022-01-27,116839.1914552,-0.020075027578929205,-1.0877516829920095,a,flat,0.0,0.0
2022-01-28,116839.1914552,-0.0663281040980126,-1.7178384348897215,a,flat,0.0,0.0
2022-02-07,116839.1914552,-0.024520583084050918,-1.1181673367986702,a,flat,0.0,0.0
2022-02-08,116839.1914552,-0.006276836888151616,-0.85451412862313,a,flat,0.0,0.0
2022-02-09,116839.1914552,-0.021169830591300398,-1.0544496584697598,a,flat,0.0,0.0
2022-02-10,116839.1914552,-0.014405430502758332,-0.956534991047736,a,flat,0.0,0.0
2022-02-11,116839.1914552,0.02634198412861455,-0.3910046936296616,a,flat,0.0,0.0
2022-02-14,116839.1914552,0.02978412019110488,-0.3484377395276932,a,flat,0.0,0.0
2022-02-15,116839.1914552,0.021319570741865634,-0.4761009801979363,a,flat,0.0,0.0
2022-02-16,116839.1914552,0.008969119476044174,-0.6584503028372798,a,flat,0.0,0.0
2022-02-17,116839.1914552,0.01907975761683489,-0.5241594265220461,a,flat,0.0,0.0
2022-02-18,116839.1914552,0.004778521757599963,-0.734332645094689,a,flat,0.0,0.0
2022-02-21,116839.1914552,-0.017100374768467486,-1.0522420046732397,a,flat,0.0,0.0
2022-02-22,116839.1914552,0.017267505013904616,-0.5730647716631966,a,flat,0.0,0.0
2022-02-23,116839.1914552,-0.001093490324108437,-0.847611316355464,a,flat,0.0,0.0
2022-02-24,116839.1914552,0.031446969554692616,-0.3860579876464666,a,flat,0.0,0.0
2022-02-25,116839.1914552,0.028124142523028972,-0.4494469422900315,a,flat,0.0,0.0
2022-02-28,116839.1914552,0.020388218768341737,-0.5809474505942707,a,flat,0.0,0.0
2022-03-01,116839.1914552,0.009788009863425762,-0.7534432534573254,a,flat,0.0,0.0
2022-03-02,116839.1914552,0.001525309268728181,-0.8864705550686522,a,flat,0.0,0.0
2022-03-03,116839.1914552,-0.0057458143366655445,-1.000119929470095,a,flat,0.0,0.0
2022-03-04,116839.1914552,-0.009631845246752091,-1.0551867383892457,a,flat,0.0,0.0
2022-03-07,116839.1914552,-0.005198423302817279,-0.9816451294645228,a,flat,0.0,0.0
2022-03-08,116839.1914552,0.024463798466689335,-0.5303217537096148,a,flat,0.0,0.0
2022-03-09,116839.1914552,0.0037561694095067377,-0.8337150417788564,a,flat,0.0,0.0
2022-03-10,116839.1914552,-0.009853215476921084,-1.0234609605588767,a,flat,0.0,0.0
2022-03-11,116839.1914552,0.0026517938561498866,-0.8259497128702596,a,flat,0.0,0.0
2022-03-14,116839.1914552,0.0076183078237626045,-0.7428971071931014,a,flat,0.0,0.0
2022-03-15,116839.1914552,-0.0308091115885214,-1.2944746980895496,a,flat,0.0,0.0
2022-03-16,116839.1914552,-0.04065522256666054,-1.4155901932900947,a,flat,0.0,0.0
2022-03-17,116839.1914552,-0.060053905818195474,-1.6647048925484098,a,flat,0.0,0.0
2022-03-18,116839.1914552,-0.0634270450267278,-1.6767450411627598,a,flat,0.0,0.0
2022-03-21,116839.1914552,-0.079617195688642,-1.8639063158760285,a,flat,0.0,0.0
2022-03-22,116839.1914552,-0.08722469464394189,-1.9232915330547415,a,flat,0.0,0.0
2022-03-23,116839.1914552,-0.07901850381790676,-1.7674944704792979,a,flat,0.0,0.0
2022-03-24,116839.1914552,-0.08562539758076615,-1.8201031270862726,a,flat,0.0,0.0
2022-03-25,116839.1914552,-0.07457963938492362,-1.6476374897766195,a,flat,0.0,0.0
2022-03-28,116839.1914552,-0.07056331441313635,-1.5721094009303935,a,flat,0.0,0.0
2022-03-29,116839.1914552,-0.08091604022456211,-1.692298932476654,a,flat,0.0,0.0
2022-03-30,116727.3516488,-0.1114760336609022,-2.1075869543000785,a,long_a_short_h,110510.3032,-0.0009572114031863865
2022-03-31,118295.3940488,-0.0850010118127329,-1.7287551217770323,a,long_a_short_h,108670.2608,0.013433375964168048
2022-04-01,116854.7804488,-0.10926624730518175,-2.0697507819508005,a,long_a_short_h,109022.8744,-0.012178103903231485
2022-04-06,114943.3764488,-0.1400937853386337,-2.4970470892790915,a,long_a_short_h,113926.27839999998,-0.016357088624521232
2022-04-07,115923.68764880001,-0.12462972216745172,-2.2292664007756655,a,long_a_short_h,111857.96720000001,0.008528644540354957
2022-04-08,114850.42684880001,-0.1417047473273232,-2.4294103364957005,a,long_a_short_h,113475.228,-0.009258339013951455
2022-04-11,116140.3012488,-0.12118572092925972,-2.109034637069439,a,long_a_short_h,110281.35359999999,0.011230906452773581
2022-04-12,116180.2676488,-0.12055383583741497,-2.0732811807855405,a,long_a_short_h,109425.38720000001,0.0003441217180450984
2022-04-13,115067.0404488,-0.13859132391781714,-2.30254101684343,a,long_a_short_h,111898.6144,-0.009581895639672267
2022-04-14,115435.0740488,-0.13236710043450484,-2.1745332986274284,a,long_a_short_h,113162.5808,0.0031984276171921344
2022-04-19,115076.2924488,-0.13806415765254898,-2.222522156764396,a,long_a_short_h,113521.36240000001,-0.0031080813431828558
2022-04-20,115188.30124880001,-0.13711324762536092,-2.171127369457399,a,long_a_short_h,109329.3536,0.0009733438366537062
2022-04-21,113723.69644880001,-0.16308570906747488,-2.5020226774117065,a,long_a_short_h,105353.9584,-0.01271487454994702
2022-04-22,114409.8644488,-0.15073728226266092,-2.2772785562498443,a,long_a_short_h,107115.7904,0.0060336413731407745
2022-04-25,115548.3188488,-0.1316622373033287,-1.9617988542375278,a,long_a_short_h,101081.33600000001,0.009950666452449797
2022-04-26,116562.7394312,-0.11098865993968898,-1.6432915929420944,a,flat,0.0,0.008779189455169867
2022-04-27,116450.50615599999,-0.1475440047770158,-2.161677867496862,a,long_a_short_h,110595.4376,-0.0009628572196199725
2022-04-28,115815.32575599999,-0.15764790762965086,-2.280083210101587,a,long_a_short_h,113598.618,-0.005454509567773713
2022-04-29,116364.87215599998,-0.14844430341750092,-2.093707780243765,a,long_a_short_h,117785.0716,0.004745023134138382
2022-05-05,118210.06775599999,-0.11983047082278953,-1.6370797741843663,a,long_a_short_h,117715.87599999999,0.015856981284921856
2022-05-06,116860.239756,-0.14085161756444164,-1.9073648297914458,a,long_a_short_h,115217.704,-0.011418892025222505
2022-05-10,117347.420156,-0.1328948848933713,-1.7518174797285893,a,long_a_short_h,112066.5236,0.004168914945042124
2022-05-11,117495.420156,-0.13049967416741648,-1.6805402658795359,a,long_a_short_h,112214.52359999999,0.0012612122175608143
2022-05-12,116755.420156,-0.1425335137311401,-1.81279912897367,a,long_a_short_h,111474.5236,-0.006298117824656391
2022-05-13,116529.310556,-0.14621376045246914,-1.8218414217767587,a,long_a_short_h,112588.6332,-0.0019366090216443865
2022-05-16,116581.37295599999,-0.1453641386604554,-1.768498521515903,a,long_a_short_h,112832.57080000002,0.00044677514825752773
2022-05-17,115737.216156,-0.15869886341522133,-1.9072650686108306,a,long_a_short_h,114860.7276,-0.00724092347341454
2022-05-18,114666.981756,-0.1757262892621574,-2.083605064413688,a,long_a_short_h,114746.962,-0.009247106812707906
2022-05-19,115467.26335599998,-0.16333974260970407,-1.8690270520802441,a,long_a_short_h,113058.68039999998,0.006979180822103581
2022-05-20,114971.89575599998,-0.17063810298538584,-1.917763019281215,a,long_a_short_h,115626.04800000001,-0.004290112934197787
2022-05-23,114205.848556,-0.182418280996264,-2.018120248663481,a,long_a_short_h,116392.0952,-0.00666290831305183
2022-05-24,113877.1268128,-0.18609580962118932,-2.011612595181351,a,flat,0.0,-0.002878326700044731
2022-05-25,113877.1268128,-0.17231485242334887,-1.7934070897603984,a,flat,0.0,0.0
2022-05-26,113877.1268128,-0.17826769834601275,-1.824355386026758,a,flat,0.0,0.0
2022-05-27,113877.1268128,-0.1721289606866725,-1.7096060322008626,a,flat,0.0,0.0
2022-05-30,113877.1268128,-0.1852996993163616,-1.8277461173650165,a,flat,0.0,0.0
2022-05-31,113877.1268128,-0.18060486529627662,-1.7321623531544614,a,flat,0.0,0.0
2022-06-01,113877.1268128,-0.1857780797269739,-1.7559539988888462,a,flat,0.0,0.0
2022-06-02,113877.1268128,-0.18838644517312586,-1.7476854148638978,a,flat,0.0,0.0
2022-06-06,113877.1268128,-0.194766904295407,-1.7819994898640747,a,flat,0.0,0.0
2022-06-07,113877.1268128,-0.1879653625435851,-1.6664731273019633,a,flat,0.0,0.0
2022-06-08,113877.1268128,-0.18099254452832692,-1.5542964763165028,a,flat,0.0,0.0
2022-06-09,113877.1268128,-0.17030731777463215,-1.4058263549124494,a,flat,0.0,0.0
2022-06-10,113877.1268128,-0.1504263914332462,-1.1582326968206944,a,flat,0.0,0.0
2022-06-13,113877.1268128,-0.14312813044637007,-1.0575642500485807,a,flat,0.0,0.0
2022-06-14,113877.1268128,-0.08448164414748316,-0.36953840981011815,a,flat,0.0,0.0
2022-06-15,113877.1268128,-0.08465944179605445,-0.35928770915770325,a,flat,0.0,0.0
2022-06-16,113877.1268128,-0.08758742814544274,-0.380723122934508,a,flat,0.0,0.0
2022-06-17,113877.1268128,-0.09610903278042016,-0.46869510532901937,a,flat,0.0,0.0
2022-06-20,113877.1268128,-0.13396701558030233,-0.9095005585250325,a,flat,0.0,0.0
2022-06-21,113877.1268128,-0.14273232257708868,-1.0008796063350132,a,flat,0.0,0.0
2022-06-22,113877.1268128,-0.13136840060814436,-0.8481618011966711,a,flat,0.0,0.0
2022-06-23,113877.1268128,-0.13164232057507275,-0.8373566999322207,a,flat,0.0,0.0
2022-06-24,113877.1268128,-0.1315517719391326,-0.8228635552388358,a,flat,0.0,0.0
2022-06-27,113877.1268128,-0.14378710112403414,-0.9606295968322724,a,flat,0.0,0.0
2022-06-28,113877.1268128,-0.1589234180810426,-1.1330221641447642,a,flat,0.0,0.0
2022-06-29,113877.1268128,-0.16490030661609967,-1.1911164310158844,a,flat,0.0,0.0
2022-06-30,113877.1268128,-0.16084892150814212,-1.122749888102782,a,flat,0.0,0.0
2022-07-04,113877.1268128,-0.15214490812125558,-0.9975286191542957,a,flat,0.0,0.0
2022-07-05,113877.1268128,-0.14580508019571292,-0.9013094462082849,a,flat,0.0,0.0
2022-07-06,113877.1268128,-0.13956610373635514,-0.806712193049042,a,flat,0.0,0.0
2022-07-07,113877.1268128,-0.14629505234077222,-0.879251569199997,a,flat,0.0,0.0
2022-07-08,113877.1268128,-0.1434131483341443,-0.8277166030435418,a,flat,0.0,0.0
2022-07-11,113877.1268128,-0.15103439770466887,-0.9131918781986118,a,flat,0.0,0.0
2022-07-12,113877.1268128,-0.1500512846163422,-0.8855586151824865,a,flat,0.0,0.0
2022-07-13,113877.1268128,-0.13607140003761753,-0.686884290412382,a,flat,0.0,0.0
2022-07-14,113877.1268128,-0.13132883316438826,-0.6113545472993598,a,flat,0.0,0.0
2022-07-15,113877.1268128,-0.13023667166223873,-0.5840508478546164,a,flat,0.0,0.0
2022-07-18,113877.1268128,-0.1471361067218735,-0.8017595566755006,a,flat,0.0,0.0
2022-07-19,113877.1268128,-0.14688560853793486,-0.7858655119223952,a,flat,0.0,0.0
2022-07-20,113877.1268128,-0.14320314297614867,-0.7211140326919727,a,flat,0.0,0.0
2022-07-21,113877.1268128,-0.13502130219310238,-0.5934200782975106,a,flat,0.0,0.0
2022-07-22,113877.1268128,-0.13772427253952713,-0.619163010751664,a,flat,0.0,0.0
2022-07-25,113877.1268128,-0.13332800680242007,-0.5440663193632939,a,flat,0.0,0.0
2022-07-26,113877.1268128,-0.1408802615600091,-0.6398451055430967,a,flat,0.0,0.0
2022-07-27,113877.1268128,-0.14523263989808788,-0.6901466495415728,a,flat,0.0,0.0
2022-07-28,113877.1268128,-0.1490967394154612,-0.7336365043897058,a,flat,0.0,0.0
2022-07-29,113877.1268128,-0.15020433843513237,-0.736810092132618,a,flat,0.0,0.0
2022-08-01,113877.1268128,-0.15115930445348158,-0.7374947130893578,a,flat,0.0,0.0
2022-08-02,113877.1268128,-0.14582750076776185,-0.6456899315530007,a,flat,0.0,0.0
2022-08-03,113877.1268128,-0.14618563781881266,-0.6384134040289514,a,flat,0.0,0.0
2022-08-04,113877.1268128,-0.14516613403284806,-0.6105732236861544,a,flat,0.0,0.0
2022-08-05,113877.1268128,-0.13962626078066553,-0.5178475839230531,a,flat,0.0,0.0
2022-08-08,113877.1268128,-0.14757287406341302,-0.6253164253603247,a,flat,0.0,0.0
2022-08-09,113877.1268128,-0.1429337025586308,-0.5422898571489059,a,flat,0.0,0.0
2022-08-10,113877.1268128,-0.12805522444335615,-0.3030463409642999,a,flat,0.0,0.0
2022-08-11,113877.1268128,-0.1324800552832237,-0.359102817718071,a,flat,0.0,0.0
2022-08-12,113877.1268128,-0.14320314297614867,-0.5130464572550886,a,flat,0.0,0.0
2022-08-15,113877.1268128,-0.14006893949878108,-0.4501939305999985,a,flat,0.0,0.0
2022-08-16,113877.1268128,-0.12654751852636204,-0.21605107092681036,a,flat,0.0,0.0
2022-08-17,113877.1268128,-0.13018534176653795,-0.2613770776614621,a,flat,0.0,0.0
2022-08-18,113877.1268128,-0.13454578242964166,-0.31978616811007815,a,flat,0.0,0.0
2022-08-19,113877.1268128,-0.12803852733529064,-0.19282793360936415,a,flat,0.0,0.0
2022-08-22,113877.1268128,-0.13136840060814436,-0.23733475030095147,a,flat,0.0,0.0
2022-08-23,113877.1268128,-0.14474079691757846,-0.4606979754118088,a,flat,0.0,0.0
2022-08-24,113877.1268128,-0.15305857660530808,-0.5991798069478278,a,flat,0.0,0.0
2022-08-25,113877.1268128,-0.16282335176690466,-0.7736282372756519,a,flat,0.0,0.0
2022-08-26,113877.1268128,-0.16253856158473767,-0.7630767533656099,a,flat,0.0,0.0
2022-08-29,113877.1268128,-0.16586830808620134,-0.8243655059646171,a,flat,0.0,0.0
2022-08-30,113877.1268128,-0.16960606853626947,-0.8961065175199582,a,flat,0.0,0.0
2022-08-31,113877.1268128,-0.17599305588649594,-1.026302098907488,a,flat,0.0,0.0
2022-09-01,113877.1268128,-0.16676541033192915,-0.8211698779396582,a,flat,0.0,0.0
2022-09-02,113877.1268128,-0.14762386282710938,-0.38383461975241606,a,flat,0.0,0.0
2022-09-05,113877.1268128,-0.1434437597230016,-0.2718325397926504,a,flat,0.0,0.0
2022-09-06,113877.1268128,-0.14126366193013484,-0.1995848479750985,a,flat,0.0,0.0
2022-09-07,113877.1268128,-0.1299664312278781,0.11815983094081946,h,flat,0.0,0.0
2022-09-08,113877.1268128,-0.10825128089490699,0.7483587004427699,h,flat,0.0,0.0
2022-09-09,113877.1268128,-0.11437191318791484,0.6459738712435792,h,flat,0.0,0.0
2022-09-13,113877.1268128,-0.13737068272773034,0.0020093000413226895,h,flat,0.0,0.0
2022-09-14,113877.1268128,-0.15986063419434404,-0.7211540367837164,a,flat,0.0,0.0
2022-09-15,113877.1268128,-0.16835783105420266,-1.0161051034111745,a,flat,0.0,0.0
2022-09-16,113877.1268128,-0.18018024574489067,-1.434572452913328,a,flat,0.0,0.0
2022-09-19,113877.1268128,-0.17814605935314543,-1.3616241473630175,a,flat,0.0,0.0
2022-09-20,113877.1268128,-0.18245039427942977,-1.5096584636604349,a,flat,0.0,0.0
2022-09-21,113877.1268128,-0.1867318946640577,-1.6512016486673735,a,flat,0.0,0.0
2022-09-22,113877.1268128,-0.16031483552824177,-0.6382819548885811,a,flat,0.0,0.0
2022-09-23,113877.1268128,-0.14072770225293696,0.1440545948192931,h,flat,0.0,0.0
2022-09-26,113877.1268128,-0.15558030921269395,-0.4333693294561636,a,flat,0.0,0.0
2022-09-27,113877.1268128,-0.15186622638774683,-0.26360246053664077,a,flat,0.0,0.0
2022-09-28,113877.1268128,-0.1422409391553987,0.17588953551880263,h,flat,0.0,0.0
2022-09-29,113877.1268128,-0.12507019980874778,0.9465672045124847,h,flat,0.0,0.0
2022-09-30,113877.1268128,-0.13249305430433544,0.6535238989694392,h,flat,0.0,0.0
2022-10-10,113877.1268128,-0.14146295199912284,0.2571333826891248,h,flat,0.0,0.0
2022-10-11,113877.1268128,-0.1399542404385734,0.3272166114443325,h,flat,0.0,0.0
2022-10-12,113877.1268128,-0.13364248743129514,0.6259858392800253,h,flat,0.0,0.0
2022-10-13,113877.1268128,-0.14208278628800963,0.23258677605590483,h,flat,0.0,0.0
2022-10-14,113877.1268128,-0.1450342989499469,0.10487030487412698,h,flat,0.0,0.0
2022-10-17,113877.1268128,-0.1580061239401862,-0.49188237259881823,a,flat,0.0,0.0
2022-10-18,113877.1268128,-0.16673324675966117,-0.8902827901374467,a,flat,0.0,0.0
2022-10-19,113877.1268128,-0.17251386029801452,-1.1427866319269855,a,flat,0.0,0.0
2022-10-20,113877.1268128,-0.1658965538705104,-0.8199488195595738,a,flat,0.0,0.0
2022-10-21,113877.1268128,-0.16492997958272748,-0.7628588829983534,a,flat,0.0,0.0
2022-10-24,113877.1268128,-0.15353026801864877,-0.233971940173877,a,flat,0.0,0.0
2022-10-25,113877.1268128,-0.16264194836990464,-0.6549213782984272,a,flat,0.0,0.0
2022-10-26,113877.1268128,-0.1693021491177089,-0.9505329983431261,a,flat,0.0,0.0
2022-10-27,113877.1268128,-0.1683156194367168,-0.8911250688834956,a,flat,0.0,0.0
2022-10-28,113877.1268128,-0.17499653500434964,-1.1883621361115393,a,flat,0.0,0.0
2022-10-31,113768.72351679999,-0.1967527189487528,-2.1511272454074306,a,long_a_short_h,107445.64800000002,-0.000951932131008193
2022-11-01,113039.0275168,-0.20906893472715682,-2.615145682614867,a,long_a_short_h,109915.34399999998,-0.006413854154672327
2022-11-02,112391.00351679999,-0.2195850589840158,-2.956021831854423,a,long_a_short_h,111433.368,-0.0057327457094735745
2022-11-03,113216.3539168,-0.20610319761771922,-2.2975797524287427,a,long_a_short_h,110608.01759999999,0.00734356286690363
2022-11-04,113116.00351679999,-0.20766596674680549,-2.2910797661675764,a,long_a_short_h,112158.368,-0.0008863595808230595
2022-11-07,113079.64351679999,-0.2080149767092132,-2.2377898668476597,a,long_a_short_h,114804.728,-0.00032143992776934027
2022-11-08,112770.30271679998,-0.212884042875642,-2.3568130029974736,a,long_a_short_h,115114.0688,-0.0027356011248306222
2022-11-09,112438.6371168,-0.2182456311409693,-2.480150612246178,a,long_a_short_h,114575.7344,-0.0029410721795515293
2022-11-10,111981.31231679999,-0.22584868667264968,-2.666357088863267,a,long_a_short_h,113293.0592,-0.004067327848566449
2022-11-11,112150.95871679999,-0.2225471599014055,-2.456956863444669,a,long_a_short_h,115733.41279999999,0.001514952776406675
2022-11-14,111860.9587168,-0.22719833107713616,-2.5449645887945613,a,long_a_short_h,115443.4128,-0.0025858004542991253
2022-11-15,111035.6083168,-0.23990232591706162,-2.8709788335252995,a,long_a_short_h,116268.7632,-0.007378359791189948
2022-11-16,111532.27711679999,-0.23208835301261033,-2.516295616401622,a,long_a_short_h,116352.09439999999,0.004473058755916526
2022-11-17,111696.6179168,-0.2296544176142583,-2.3703322609547204,a,long_a_short_h,115897.7536,0.0014734819753379202
2022-11-18,112045.3027168,-0.22455278671001921,-2.15667764617663,a,long_a_short_h,114389.06880000001,0.003121713141392757
2022-11-21,112464.76968,-0.2162031140054299,-1.8493964321723333,a,flat,0.0,0.0037437264484012633
2022-11-22,112464.76968,-0.20732717143326784,-1.5456125162196952,a,flat,0.0,0.0
2022-11-23,112464.76968,-0.20161374787959097,-1.3478715779853532,a,flat,0.0,0.0
2022-11-24,112464.76968,-0.20134988963035516,-1.3292985491954714,a,flat,0.0,0.0
2022-11-25,112464.76968,-0.19091932161632919,-0.9984881232966069,a,flat,0.0,0.0
2022-11-28,112464.76968,-0.18994023886006461,-0.965939625681236,a,flat,0.0,0.0
2022-11-29,112464.76968,-0.1837990566776304,-0.7766909708695068,a,flat,0.0,0.0
2022-11-30,112464.76968,-0.17643353836582087,-0.5540933396447973,a,flat,0.0,0.0
2022-12-01,112464.76968,-0.17728423066352583,-0.5847344610552428,a,flat,0.0,0.0
2022-12-02,112464.76968,-0.16659076706154807,-0.2535861460442638,a,flat,0.0,0.0
2022-12-05,112464.76968,-0.1494852841677512,0.2784742481040547,h,flat,0.0,0.0
2022-12-06,112464.76968,-0.1566889864730221,0.053735536827109846,h,flat,0.0,0.0
2022-12-07,112464.76968,-0.16409833163354515,-0.17383205513259245,a,flat,0.0,0.0
2022-12-08,112464.76968,-0.16230196885606873,-0.09921941726656884,a,flat,0.0,0.0
2022-12-09,112464.76968,-0.16542512995505043,-0.18263382405882414,a,flat,0.0,0.0
2022-12-12,112464.76968,-0.1771115695466441,-0.5568272228338392,a,flat,0.0,0.0
2022-12-13,112464.76968,-0.18729944133963272,-0.8907558446042411,a,flat,0.0,0.0
2022-12-14,112464.76968,-0.18536357183265295,-0.810250512209422,a,flat,0.0,0.0
2022-12-15,112464.76968,-0.18877345711290028,-0.9128759096836869,a,flat,0.0,0.0
2022-12-16,112464.76968,-0.18500322907928224,-0.7696780163764222,a,flat,0.0,0.0
2022-12-19,112464.76968,-0.19937655404606636,-1.2432023586935212,a,flat,0.0,0.0
2022-12-20,112464.76968,-0.19739439302917328,-1.1554355953041964,a,flat,0.0,0.0
2022-12-21,112464.76968,-0.19555487140707983,-1.0742618490184423,a,flat,0.0,0.0
2022-12-22,112464.76968,-0.1923620356618696,-0.9517664288059363,a,flat,0.0,0.0
2022-12-23,112464.76968,-0.1947122130068233,-1.0190055385192336,a,flat,0.0,0.0
2022-12-28,112464.76968,-0.19488158989125925,-1.0107936936824342,a,flat,0.0,0.0
2022-12-29,112464.76968,-0.21029592263240282,-1.5027005280515862,a,flat,0.0,0.0
2022-12-30,112464.76968,-0.21125622476304917,-1.504781796214932,a,flat,0.0,0.0
