date,601857,00857,spread,rolling_mean,rolling_std,zscore,cheap_leg,pair_direction
2018-01-02,5.9,2.992668,0.09934823879265364,,,,flat,flat
2018-01-03,5.92,2.949796,0.11368102393680413,,,,flat,flat
2018-01-04,6.12,3.09994,0.10923559108395564,,,,flat,flat
2018-01-05,6.15,3.110612,0.11151784190248726,,,,flat,flat
2018-01-08,6.1,3.089176,0.10860159049565998,,,,flat,flat
2018-01-09,6.09,3.09994,0.1043215762815265,,,,flat,flat
2018-01-10,6.26,3.121376,0.12662477730310973,,,,flat,flat
2018-01-11,6.27,3.153576,0.1204334729607891,,,,flat,flat
2018-01-12,6.26,3.1803480000000004,0.11242287621097902,,,,flat,flat
2018-01-15,6.31,3.1696760000000004,0.12292882570874519,,,,flat,flat
2018-01-16,6.23,3.164248,0.11146999413605818,,,,flat,flat
2018-01-17,6.31,3.121376,0.13458026874422435,,,,flat,flat
2018-01-18,6.25,3.1267120000000004,0.1237300227721374,,,,flat,flat
2018-01-19,6.44,3.110612,0.15759430020032295,,,,flat,flat
2018-01-22,6.41,3.1482400000000004,0.14380137269563165,,,,flat,flat
2018-01-23,6.58,3.164248,0.16612840667392237,,,,flat,flat
2018-01-24,6.68,3.3305840000000004,0.14233752299362024,,,,flat,flat
2018-01-25,6.62,3.405656,0.11640170704917374,,,,flat,flat
2018-01-26,6.66,3.4217560000000002,0.11884718259998062,,,,flat,flat
2018-01-29,6.66,3.4753920000000003,0.1070455274898856,,,,flat,flat
2018-01-30,6.52,3.35202,0.11322595320310858,,,,flat,flat
2018-01-31,6.45,3.3251560000000002,0.10853729649757371,,,,flat,flat
2018-02-01,6.44,3.27152,0.11932493769034191,,,,flat,flat
2018-02-02,6.66,3.3948920000000005,0.12482784635001543,,,,flat,flat
2018-02-05,6.69,3.309056,0.14875389559156127,,,,flat,flat
2018-02-06,6.31,3.1160400000000004,0.1358785193798715,,,,flat,flat
2018-02-07,6.13,3.03554,0.126797687849603,,,,flat,flat
2018-02-08,5.98,2.9873320000000003,0.11417059120481265,,,,flat,flat
2018-02-09,5.69,2.885396,0.09080408524186911,,,,flat,flat
2018-02-12,5.71,2.8370960000000003,0.10712198910818016,,,,flat,flat
2018-02-13,5.73,2.84786,0.10774510715009622,,,,flat,flat
2018-02-14,5.74,2.86396,0.105211190011677,,,,flat,flat
2018-02-22,5.84,2.939032,0.10284928356655054,,,,flat,flat
2018-02-23,5.86,2.9873320000000003,0.09389962683119346,,,,flat,flat
2018-02-26,5.91,3.014104,0.09562605455781337,,,,flat,flat
2018-02-27,5.82,3.014104,0.08028048488315287,,,,flat,flat
2018-02-28,5.73,2.9658040000000003,0.07695346548890569,,,,flat,flat
2018-03-01,5.74,2.928268,0.08836178666247707,,,,flat,flat
2018-03-02,5.7,2.869296,0.09680574076323645,,,,flat,flat
2018-03-05,5.73,2.810324,0.1178126763227203,,,,flat,flat
2018-03-06,5.8,2.885396,0.10995175465600304,,,,flat,flat
2018-03-07,5.74,2.8264240000000003,0.11522178848456521,,,,flat,flat
2018-03-08,5.75,2.874632,0.10412963118713292,,,,flat,flat
2018-03-09,5.75,2.869296,0.10553942073199096,,,,flat,flat
2018-03-12,5.76,2.9122600000000003,0.09599947682470267,,,,flat,flat
2018-03-13,5.72,2.901496,0.09184053830503647,,,,flat,flat
2018-03-14,5.72,2.8907320000000003,0.09466071206461857,,,,flat,flat
2018-03-15,5.69,2.8800600000000003,0.09220861068156616,,,,flat,flat
2018-03-16,5.66,2.853196,0.09403307745557543,,,,flat,flat
2018-03-19,5.7,2.86396,0.09821815452070659,,,,flat,flat
2018-03-20,5.78,2.86396,0.11215566236448815,,,,flat,flat
2018-03-21,5.75,2.9336960000000003,0.08869721171998335,,,,flat,flat
2018-03-22,5.76,2.9658040000000003,0.0821754094700573,,,,flat,flat
2018-03-23,5.6,2.8800600000000003,0.07626496028442997,,,,flat,flat
2018-03-26,5.55,2.922932,0.05608444747808372,,,,flat,flat
2018-03-27,5.58,2.949796,0.05453335143410942,,,,flat,flat
2018-03-28,5.44,2.9443680000000003,0.030521178567566976,,,,flat,flat
2018-03-29,5.51,2.8907320000000003,0.057256529837735215,,,,flat,flat
2018-04-03,5.36,2.8800600000000003,0.03246233762603723,,,,flat,flat
2018-04-04,5.34,2.84786,0.03725522939555137,0.10392083035793948,0.02722548042676555,-2.448647367002887,a,long_a_short_h
2018-04-09,5.35,2.8800600000000003,0.030594923451241596,0.10271876631028869,0.028583481963906837,-2.5232700113345143,a,long_a_short_h
2018-04-10,5.43,2.8586240000000003,0.05110616138388169,0.10188630494050793,0.029096172346528882,-1.7452516761258536,a,long_a_short_h
2018-04-11,5.5,2.9658040000000003,0.03598602700068265,0.10084026878273292,0.030031095314090525,-2.1595696428568423,a,long_a_short_h
2018-04-12,5.53,3.0516400000000004,0.01977693178173634,0.09957365414209235,0.03146787808242171,-2.535815162094812,a,long_a_short_h
2018-04-13,5.45,3.057068,0.0038562654010219077,0.09810107893069127,0.03340218709322437,-2.821516245826517,a,long_a_short_h
2018-04-16,5.4,2.9980040000000003,0.009443118396954109,0.09675777649836192,0.03489463923542066,-2.5022370202004245,a,long_a_short_h
2018-04-17,5.38,2.960468,0.015292720990556452,0.09554188014749916,0.03603109605735684,-2.2272194836703396,a,long_a_short_h
2018-04-18,5.47,3.014104,0.01825883957369623,0.09440536484494322,0.036968858876919655,-2.0597477873136807,a,long_a_short_h
2018-04-19,5.55,3.185776,-0.009253315300367548,0.09290306513269234,0.03875983041349573,-2.6356250619066226,a,long_a_short_h
2018-04-20,5.47,3.1482400000000004,-0.01477928180305732,0.09136474589075307,0.04057340830916323,-2.6160983786476346,a,long_a_short_h
2018-04-23,5.42,3.121376,-0.017459592357342624,0.08983200873232919,0.04230228604999387,-2.5363073986798725,a,long_a_short_h
2018-04-24,5.52,3.142812,-0.004370663086065041,0.08852363829040705,0.04344572941949859,-2.138168759454199,a,long_a_short_h
2018-04-25,5.47,3.089176,-0.0004085642497156927,0.08730538894054235,0.04438082118171516,-1.976393199916636,a,long_a_short_h
2018-04-26,5.4,3.014104,0.005379176710035294,0.08619827796445441,0.04509298272301015,-1.7922766775234533,a,long_a_short_h
2018-04-27,5.48,3.078504,0.00404378134330996,0.08510288467617248,0.045780896739396656,-1.770587933091037,a,long_a_short_h
2018-05-02,5.45,3.057068,0.0038562654010219077,0.08403385021202577,0.04641983127515292,-1.7272269762410877,a,long_a_short_h
2018-05-03,5.51,3.003432,0.02823622556721961,0.08330920573611919,0.0465497748095859,-1.1830987452501813,a,long_a_short_h
2018-05-04,5.51,2.981904,0.033694612883527486,0.08267312121236801,0.04658647111399231,-1.0513461774985091,a,long_a_short_h
2018-05-07,5.61,3.062404,0.031468103703025,0.08202495643376874,0.046644016012873525,-1.0838872175326904,a,long_a_short_h
2018-05-08,5.61,3.057068,0.032791376260474125,0.08140953668160256,0.04667358454174926,-1.0416633069534174,a,long_a_short_h
2018-05-09,5.65,3.191112,0.007334446144613649,0.08049502939102245,0.04710557727751116,-1.5531193432871195,a,long_a_short_h
2018-05-10,5.73,3.244748,0.008746859268005114,0.0796200517065954,0.04747967137707156,-1.4927060441453626,a,long_a_short_h
2018-05-11,5.71,3.2339840000000004,0.007771692132140573,0.07875440882015619,0.04784373018436111,-1.4836367568851905,a,long_a_short_h
2018-05-14,5.72,3.282284,-0.001727255658057314,0.07779629376684413,0.04835860448412952,-1.6444550100902877,a,long_a_short_h
2018-05-15,5.73,3.298384,-0.003693351980604387,0.07683759205216825,0.048875750170359514,-1.6476666598891465,a,long_a_short_h
2018-05-16,5.65,3.293048,-0.016524814053507808,0.07575198267884645,0.0496194525382643,-1.859689940375592,a,long_a_short_h
2018-05-17,5.66,3.282284,-0.012272168834672192,0.07474021082236923,0.05022470980587257,-1.7324615710744717,a,long_a_short_h
2018-05-18,6.08,3.4914,0.0124437359037044,0.07403229633465712,0.05037487024796012,-1.2226048449910734,a,long_a_short_h
2018-05-21,6.1,3.4538640000000003,0.0239296415582253,0.07346934515739384,0.050368603556742414,-0.9835433206592658,a,long_a_short_h
2018-05-23,5.9,3.298384,0.025543468204421105,0.07293683541347191,0.05033896746225834,-0.9414846906540942,a,long_a_short_h
2018-05-24,5.9,3.3465920000000002,0.014533637420822476,0.07229504202893731,0.050431525322236284,-1.1453432002907646,a,long_a_short_h
2018-05-25,5.82,3.244748,0.02433159028470322,0.07177370016215216,0.050402334513046015,-0.9412681046583099,a,long_a_short_h
2018-05-28,5.82,3.4538640000000003,-0.023058867877693734,0.07075399512946565,0.05108310462962941,-1.8364753608328204,a,long_a_short_h
2018-05-29,5.76,3.427092,-0.02751717629793826,0.06970855713555708,0.05180888950466902,-1.8766226098077892,a,long_a_short_h
2018-05-30,5.59,3.3681200000000002,-0.04430489980380814,0.06850841548356378,0.05284352775577208,-2.1348558674728024,a,long_a_short_h
2018-05-31,5.71,3.480728,-0.04801904915150723,0.06729458772694845,0.05389330763616015,-2.139665237415955,a,long_a_short_h
2018-06-01,5.73,3.4753920000000003,-0.04335842633576381,0.06615383500465244,0.05477646616314148,-1.9992575098629841,a,long_a_short_h
2018-06-04,5.7,3.469964,-0.04742176022727218,0.06499490035942872,0.05568801798708597,-2.0186866879113974,a,long_a_short_h
2018-06-05,5.71,3.416328,-0.03384865063875875,0.06399648065237633,0.056286750254761965,-1.7383332817807722,a,long_a_short_h
2018-06-06,5.71,3.518264,-0.05615791676257931,0.06279493667822678,0.057276234546759064,-2.076827402885495,a,long_a_short_h
2018-06-07,5.68,3.534364,-0.06489006741765913,0.061530728716881374,0.058388198911588654,-2.16517718462196,a,long_a_short_h
2018-06-08,5.66,3.512928,-0.06380136172100515,0.060301982732196203,0.059408995952173076,-2.0889655255764654,a,long_a_short_h
2018-06-11,5.56,3.512928,-0.08162714567360574,0.058924030029227255,0.060748647581855025,-2.3136511066102172,a,long_a_short_h
2018-06-12,5.6,3.5021640000000005,-0.07213009322951414,0.057663894228662436,0.06180384346447511,-2.100095725159589,a,long_a_short_h
2018-06-13,5.57,3.4020680000000003,-0.05549877864411612,0.056586154487016926,0.06248957470904216,-1.793658120622711,a,long_a_short_h
2018-06-14,5.54,3.3206480000000003,-0.04251893447933952,0.055651200817523,0.06293183330385942,-1.5599439924602045,a,long_a_short_h
2018-06-15,5.55,3.277224,-0.030727484384505788,0.05484392338572833,0.06318848624876348,-1.3542246831701659,a,long_a_short_h
2018-06-19,5.3,3.1633280000000004,-0.049978871227006505,0.053873341954128934,0.06369621736592762,-1.630429835173981,a,long_a_short_h
2018-06-20,5.31,3.1741840000000003,-0.050693410222461543,0.05291401395250884,0.06418687699522398,-1.614152752480536,a,long_a_short_h
2018-06-21,5.25,3.13076,-0.05160508739665348,0.051963840303880085,0.06466427700322697,-1.601640542511055,a,long_a_short_h
2018-06-22,5.27,3.098192,-0.03986815848061975,0.05113652499951523,0.06495713499202162,-1.400995956661461,a,long_a_short_h
2018-06-25,5.27,3.109048,-0.042522269389212886,0.05030028576390159,0.06526666582295394,-1.4222046427943813,a,long_a_short_h
2018-06-26,5.29,3.092764,-0.034749730186428684,0.04954763075549159,0.06546539250690371,-1.2876629576921979,a,long_a_short_h
2018-06-27,5.42,3.1036200000000003,-0.013130921497751746,0.04899781889362102,0.0654389205521421,-0.9494157279362249,a,long_a_short_h
2018-06-28,5.56,3.179612,-0.00598358193810522,0.04851971975595384,0.06535269899924767,-0.8339870048012323,a,long_a_short_h
2018-06-29,5.56,3.239228,-0.02007861496695207,0.047928354801446034,0.06537891863757185,-1.040197225429727,a,long_a_short_h
2018-07-03,5.43,3.190376,-0.032206938818533426,0.04724343776195903,0.06551672098433801,-1.2126732746512958,a,long_a_short_h
2018-07-04,5.4,3.136188,-0.02474862142544043,0.04663333556545564,0.06557191254177566,-1.088605688379439,a,long_a_short_h
2018-07-05,5.36,3.087336,-0.02027111875234011,0.046071113260264085,0.06558088868822591,-1.0116092254863722,a,long_a_short_h
2018-07-06,5.38,3.071052,-0.012533967055899597,0.04558273759096272,0.06552352733895803,-0.8869593412793596,a,long_a_short_h
2018-07-09,5.49,3.109048,-0.0016243764210444045,0.044741299130848566,0.0654755970841621,-0.7081367351609592,a,long_a_short_h
2018-07-10,5.6,3.179612,0.001184907540507374,0.04380383149421276,0.06528530893291414,-0.6528103282393859,a,long_a_short_h
2018-07-11,5.48,3.13076,-0.008728063040261635,0.04282080104317762,0.0651798248706272,-0.790871472664379,a,long_a_short_h
2018-07-12,5.51,3.119904,-0.0006328683430194548,0.04188621179113173,0.06499029416621997,-0.6542373854379527,a,long_a_short_h
2018-07-13,5.48,3.119904,-0.006092390547918214,0.04093042861576858,0.06484410807615965,-0.7251671826291191,a,long_a_short_h
2018-07-16,5.4,3.1036200000000003,-0.016827783379077754,0.03992085061859687,0.06479194288232458,-0.8758594274714334,a,long_a_short_h
2018-07-17,5.27,3.0167720000000005,-0.019660770162989283,0.03870180438971271,0.06452252407323564,-0.9045302456930877,a,long_a_short_h
2018-07-18,5.25,2.9896320000000003,-0.016605875542947346,0.037559809818848246,0.06427605596249146,-0.8427039361812148,a,long_a_short_h
2018-07-19,5.22,2.99506,-0.02371295284010244,0.036425344576755905,0.06414488487430953,-0.9375384730161727,a,long_a_short_h
2018-07-20,5.31,3.060196,-0.022943499380152277,0.03520974186768175,0.06387342189998092,-0.9104450570833029,a,long_a_short_h
2018-07-23,5.38,3.033056,-0.003087517576699228,0.034255095936742114,0.06357947194890176,-0.5873375850534471,a,long_a_short_h
2018-07-24,5.46,3.04934,0.007610010792147626,0.033197010453808136,0.06294922830903438,-0.4064704262305993,a,long_a_short_h
2018-07-25,5.47,3.125332,-0.009237855713542631,0.0320889447997608,0.062510986626125,-0.6611125938625301,a,long_a_short_h
2018-07-26,5.47,3.1579,-0.017103951128478734,0.030633126038687456,0.061591034503311985,-0.775065357354879,a,long_a_short_h
2018-07-27,5.47,3.1958040000000003,-0.02615732684511851,0.02921680354251454,0.06091726000180356,-0.9090055985117126,a,long_a_short_h
2018-07-30,5.48,3.212088,-0.02818734974690129,0.02759750557234101,0.0598200656311763,-0.932544201191398,a,long_a_short_h
2018-07-31,5.58,3.250084,-0.019026690846024263,0.026252803790343966,0.059027549994924405,-0.7670908692680226,a,long_a_short_h
2018-08-01,5.47,3.1850400000000003,-0.023597307182227856,0.025086145338415623,0.05861287502479426,-0.8305931503965559,a,long_a_short_h
2018-08-02,5.45,3.087336,-0.0036194851598980726,0.024065589773749965,0.05802989103689093,-0.47708300737714643,a,long_a_short_h
2018-08-03,5.49,3.081908,0.005028389377995879,0.023215446956150885,0.05754930206375081,-0.3160256845166969,a,long_a_short_h
2018-08-06,5.48,3.092764,0.0005371249032876113,0.022276373386985713,0.05698483728379852,-0.3814918058891928,a,long_a_short_h
2018-08-07,5.73,3.190376,0.021569457962270833,0.02155164139919152,0.05642886906793779,0.0003157348955170867,h,short_a_long_h
2018-08-08,5.82,3.293508,0.01301391695393228,0.020665716226388107,0.0557109094299349,-0.13734831024575445,a,long_a_short_h
2018-08-09,5.82,3.266368,0.019292534339065193,0.019786255292963524,0.054879567779823786,-0.008996443920242491,a,long_a_short_h
2018-08-10,5.79,3.2175160000000003,0.02555868184302401,0.018759628511725707,0.05358370984759082,0.12688657337532214,h,short_a_long_h
2018-08-13,5.77,3.1524720000000004,0.03759487900120584,0.01794059817523683,0.05251905585678078,0.3742314195359136,h,short_a_long_h
2018-08-14,5.85,3.1850400000000003,0.04356573762764737,0.017246998590053866,0.051611098107523554,0.5099434036989986,h,short_a_long_h
2018-08-15,5.83,3.147044,0.04924741443471381,0.01670597211696971,0.05092222335572873,0.6390420561651144,h,short_a_long_h
2018-08-16,5.73,3.1144760000000002,0.0398393166162212,0.016281265711755977,0.05050989113074879,0.4664047056344543,h,short_a_long_h
2018-08-17,5.77,3.098192,0.050773559486117614,0.01581169546490546,0.049916726024146534,0.7004037885878138,h,short_a_long_h
2018-08-20,5.9,3.125332,0.0664358787642414,0.015467451895023332,0.04941733613864951,1.0313875828154047,h,short_a_long_h
2018-08-21,5.9,3.1416160000000004,0.06249263788936266,0.015111463960670712,0.04891674650189221,0.9686084483737921,h,short_a_long_h
2018-08-22,5.77,3.179612,0.031090390319412076,0.014513473183611226,0.04826950012653188,0.3434242553236875,h,short_a_long_h
2018-08-23,5.82,3.147044,0.047530675815659174,0.014127065258481775,0.047812085723093624,0.6986436599029853,h,short_a_long_h
2018-08-24,5.87,3.147044,0.05608504791231794,0.013797556869769311,0.047379996786226855,0.8925178115428114,h,short_a_long_h
2018-08-27,5.96,3.26094,0.0443247356720301,0.013497925626343287,0.047068694909953634,0.6549323303877681,h,short_a_long_h
2018-08-28,5.9,3.250084,0.03673688367242989,0.013162787444539324,0.046755213464062785,0.5042025152127729,h,short_a_long_h
2018-08-29,5.9,3.293508,0.026666006122259667,0.012648655940037511,0.046257924692787444,0.3030259198897383,h,short_a_long_h
2018-08-30,5.88,3.293508,0.023270417121121323,0.01203586157635322,0.04561632290062693,0.2462836728256696,h,short_a_long_h
2018-08-31,5.8,3.168756,0.03887133567847323,0.011378017070984495,0.04463676913392717,0.6159343326350165,h,short_a_long_h
2018-09-03,5.82,3.1036200000000003,0.05807352479403982,0.010945698488801467,0.04391949842288326,1.073050194049654,h,short_a_long_h
2018-09-04,5.95,3.1416160000000004,0.07093150653522717,0.010576612805890317,0.043216302360658806,1.3965769960060226,h,short_a_long_h
2018-09-05,5.92,3.071052,0.08311410766632166,0.01040148344321689,0.04287523882921097,1.6959118178384476,h,short_a_long_h
2018-09-06,5.95,3.119904,0.07619372804969582,0.010156936004197764,0.04240919735147519,1.5571337391322024,h,short_a_long_h
2018-09-07,5.92,3.147044,0.06456686296822711,0.0098949975553938,0.04196932926816751,1.3026623576350622,h,short_a_long_h
2018-09-10,5.9,3.1633280000000004,0.057266659126591235,0.009606881895573424,0.0415183030107717,1.1479220915809765,h,short_a_long_h
2018-09-11,5.95,3.1144760000000002,0.07751500544711121,0.009464001007094195,0.04125178663067313,1.6496498696959971,h,short_a_long_h
2018-09-12,5.97,3.125332,0.07823045525707828,0.009347516378556797,0.041035340854482065,1.6786247523273046,h,short_a_long_h
2018-09-13,6.16,3.2812720000000004,0.07261470183555752,0.009169029915056647,0.040709183228512746,1.5585100679706947,h,short_a_long_h
2018-09-14,6.25,3.297832,0.08329957747821437,0.009044708439702545,0.040456949947371965,1.8354045259246077,h,short_a_long_h
2018-09-17,6.26,3.314392,0.08109762142903632,0.008785891431907113,0.03988710182923982,1.8129101057956545,h,short_a_long_h
2018-09-18,6.21,3.3419920000000003,0.0667858712991325,0.008603296928400023,0.039567079926159814,1.470479360097155,h,short_a_long_h
2018-09-19,6.44,3.408324,0.08824067766462917,0.008653840830021456,0.03966560370498792,2.0064446119749775,h,short_a_long_h
2018-09-20,6.47,3.402804,0.09411813942415981,0.008802617322852537,0.039953763264804876,2.1353563501854507,h,short_a_long_h
2018-09-21,6.42,3.3696840000000003,0.09378166880108607,0.009116760833877557,0.040473469479498356,2.091861880289139,h,short_a_long_h
2018-09-26,6.6,3.463524,0.10059126742158675,0.009500576800439867,0.041120988421585444,2.215187283127929,h,short_a_long_h
2018-09-27,6.64,3.441444,0.11148631274611132,0.010175286251927738,0.04212086886307554,2.405245409906441,h,short_a_long_h
2018-09-28,6.68,3.502256,0.10420136402275937,0.010566493203469604,0.04277475088875166,2.1890220018537296,h,short_a_long_h
2018-10-08,6.44,3.3807240000000003,0.09441017700931809,0.01108272519833028,0.04341031459471396,1.9195311664738437,h,short_a_long_h
2018-10-09,6.72,3.4359240000000004,0.1246805513200896,0.01181126954770143,0.04457134466568698,2.532328396618467,h,short_a_long_h
2018-10-10,6.8,3.441444,0.13529696143982994,0.012683786530939666,0.04594575749778375,2.6686506347143077,h,short_a_long_h
2018-10-11,6.44,3.308872,0.11071075483064219,0.013180491476329336,0.046680921637093836,2.0892960107457013,h,short_a_long_h
2018-10-12,6.49,3.292312,0.1222517792263711,0.01389937274487674,0.047688444724542055,2.272089331228129,h,short_a_long_h
2018-10-15,6.44,3.314392,0.10944597643329146,0.0146466147836397,0.0484773140017128,1.955540722538842,h,short_a_long_h
2018-10-16,6.5,3.3419920000000003,0.1124271522553364,0.015551372174092321,0.04928073569121708,1.9657941124955545,h,short_a_long_h
2018-10-18,6.1,3.292312,0.060278019689637974,0.015974996351531354,0.04944600192539831,0.8959879790675258,h,short_a_long_h
2018-10-19,6.21,3.2702320000000005,0.08325608562577613,0.01654135772349152,0.04982589294398555,1.3389569952571758,h,short_a_long_h
2018-10-22,6.34,3.3309520000000004,0.09001446978250693,0.01713932130856494,0.05027522357112265,1.4495241054641557,h,short_a_long_h
2018-10-23,6.21,3.2702320000000005,0.08325608562577613,0.01791023298294947,0.050575487568274985,1.2920459255012073,h,short_a_long_h
2018-10-24,6.05,3.20942,0.07139633739051054,0.018628363142895867,0.05071903052797626,1.0403979275295538,h,short_a_long_h
2018-10-25,6.03,3.1211,0.08925869937792885,0.0195176822406898,0.05101568255465804,1.3670505547489,h,short_a_long_h
2018-10-26,6.01,3.0713280000000003,0.09813421746852968,0.020371889578644754,0.05146849654561347,1.5108723415102832,h,short_a_long_h
2018-10-29,6.0,3.082368,0.09374635702912493,0.021156513922635088,0.05186519689551226,1.3995867643716748,h,short_a_long_h
2018-10-30,6.02,3.065808,0.10116169091310034,0.021954701540993972,0.05235506531168325,1.5128811109405877,h,short_a_long_h
2018-10-31,6.06,3.17078,0.08223871084855827,0.022606325953537707,0.05261623369823989,1.1333457509904474,h,short_a_long_h
2018-11-01,5.98,3.1983800000000002,0.06237324911488373,0.023093967484486555,0.05271207712280147,0.7451666444274169,h,short_a_long_h
2018-11-02,6.06,3.21494,0.07174392832877263,0.023456531674166163,0.052897046621691,0.9128561940319312,h,short_a_long_h
2018-11-05,6.04,3.2039,0.07104825901568501,0.023767812058600804,0.0530674324601468,0.8909503393176489,h,short_a_long_h
2018-11-06,6.09,3.275752,0.062463561388662714,0.024026107539314452,0.05318053876521927,0.722772930508309,h,short_a_long_h
2018-11-07,5.97,3.297832,0.037465041134414845,0.024065054746597297,0.053188722794913545,0.25193284748508743,h,short_a_long_h
2018-11-08,6.0,3.3419920000000003,0.03238444458180001,0.024273804733573844,0.053171662500116915,0.1525368865080781,h,short_a_long_h
2018-11-09,5.9,3.2647120000000003,0.033329412522400625,0.024478659344027143,0.05315869215292288,0.16649681961535676,h,short_a_long_h
2018-11-12,5.92,3.292312,0.030325697406286878,0.024666609387978364,0.053138993713418875,0.10649595754161709,h,short_a_long_h
2018-11-13,5.87,3.248152,0.03209035609850375,0.02494842281928304,0.05308749012604307,0.1345313794693243,h,short_a_long_h
2018-11-14,5.71,3.13214,0.032051471468049764,0.025246296348021825,0.05302567682583966,0.12833735517189562,h,short_a_long_h
2018-11-15,5.74,3.1487,0.03329045190817159,0.025661423564369155,0.052890736352684854,0.14424129573335331,h,short_a_long_h
2018-11-16,5.73,3.13766,0.03421189739947028,0.026048790782987007,0.05278068750182234,0.15466086181998726,h,short_a_long_h
2018-11-19,5.77,3.13214,0.04250452832013907,0.026299297386457296,0.052786909438429626,0.30699336456860515,h,short_a_long_h
2018-11-20,5.71,3.0602880000000003,0.04966087776799011,0.026513724354872,0.052829447309278806,0.43814869532153167,h,short_a_long_h
2018-11-21,5.62,2.9995680000000005,0.048980089948037486,0.026709029536068803,0.052869136741070244,0.4212488000521464,h,short_a_long_h
2018-11-22,5.63,2.9940480000000003,0.052155515566852606,0.02702254518728572,0.05290786483292433,0.4750327849920481,h,short_a_long_h
2018-11-23,5.57,2.9718760000000004,0.04708109327622323,0.027212124378881722,0.052938890444752716,0.3753189522941902,h,short_a_long_h
2018-11-26,5.54,2.927716,0.05304012664962654,0.02784628266660939,0.052787210595487695,0.4772717425074692,h,short_a_long_h
2018-11-27,5.51,2.944276,0.043330450225834594,0.0284366795543075,0.05255849732849611,0.2833751235017141,h,short_a_long_h
2018-11-28,5.55,2.983008,0.04064704294333232,0.02914461241053367,0.052140944786579796,0.22060264883729505,h,short_a_long_h
2018-11-29,5.51,2.9995680000000005,0.029213049207260866,0.029788213230190066,0.05165486335196808,-0.011134750643131566,a,long_a_short_h
2018-11-30,5.55,3.0326880000000003,0.028114104508235815,0.030383817653890068,0.05121454021856042,-0.044317749138587326,a,long_a_short_h
2018-12-03,5.63,3.1487,0.0139406837282956,0.0308951713535198,0.05073525428341783,-0.33417567063945036,a,long_a_short_h
2018-12-04,5.63,3.13214,0.01794188995172985,0.03132675919177387,0.050399040447266195,-0.2655778586508795,a,long_a_short_h
2018-12-05,5.59,3.065808,0.027053718759378453,0.03202018948779019,0.0497535539004491,-0.09982142659294342,a,long_a_short_h
2018-12-06,5.54,2.9995680000000005,0.03464292680163017,0.03284963110628426,0.04894751459437165,0.0366371144726542,h,short_a_long_h
2018-12-07,5.52,2.933236,0.04799420271755317,0.033781260809938915,0.04814989153955176,0.29518118220348055,h,short_a_long_h
2018-12-10,5.55,2.9608360000000005,0.04630796022262018,0.034847386692407466,0.046975092413237614,0.24397128225729936,h,short_a_long_h
2018-12-11,5.52,2.922196,0.050855466997928755,0.03587226636096949,0.045951974343795915,0.32606217362632606,h,short_a_long_h
2018-12-12,5.57,2.9718760000000004,0.04708109327622323,0.03672709862697232,0.04518568328855584,0.22914325723770254,h,short_a_long_h
2018-12-13,5.62,3.0106080000000004,0.046192494806291395,0.037466360537685914,0.044600170508512324,0.19565248673074073,h,short_a_long_h
2018-12-14,5.6,2.966356,0.05386331987066417,0.03817128390647899,0.04417979686497339,0.3551857880230802,h,short_a_long_h
2018-12-17,5.63,2.933236,0.06772578458014833,0.03915215603820528,0.04350777435753196,0.6567476494461605,h,short_a_long_h
2018-12-18,5.56,2.866996,0.07254615086148264,0.04017915238057148,0.042818221564049214,0.7559164602970561,h,short_a_long_h
2018-12-19,5.44,2.784104,0.07298879205238007,0.041217434709313425,0.042078096041581525,0.7550569139742023,h,short_a_long_h
2018-12-20,5.42,2.734424,0.08296764464024531,0.042241066401987305,0.04158011824883919,0.9794724005960465,h,short_a_long_h
2018-12-21,5.39,2.695692,0.08824190512058849,0.04333076785623565,0.04105014375292311,1.094055541794657,h,short_a_long_h
2018-12-24,5.41,2.679132,0.09662129311451406,0.04442552638374351,0.040700597554491534,1.2824324424448275,h,short_a_long_h
2018-12-27,5.26,2.673612,0.07006821166728394,0.045118852493452134,0.040419566024796814,0.6172594519823825,h,short_a_long_h
2018-12-28,5.25,2.657052,0.07287967584306665,0.04577604630829523,0.04022234347723722,0.6738451117377088,h,short_a_long_h
2019-01-02,5.22,2.5576,0.09609497599106165,0.046744159566278684,0.040021557420005044,1.233105846103696,h,short_a_long_h
2019-01-03,5.25,2.629452,0.0808027147735535,0.04768590667954607,0.0394740170549417,0.8389520642886173,h,short_a_long_h
2019-01-04,5.31,2.695692,0.07328835545353019,0.04850288148687083,0.038973616959860964,0.6359551896911693,h,short_a_long_h
2019-01-07,5.33,2.7122520000000003,0.07240071387907643,0.0492751467587993,0.03851485269535662,0.6004324436392084,h,short_a_long_h
2019-01-08,5.34,2.734424,0.06809748216079392,0.04994707550227174,0.03812888433666864,0.4760277404987403,h,short_a_long_h
2019-01-09,5.34,2.778584,0.05594130396325048,0.050426789505474204,0.037835591679267096,0.14574939132769216,h,short_a_long_h
2019-01-10,5.36,2.778584,0.059679626073857794,0.05091424549325212,0.03757174047241047,0.23329716617845364,h,short_a_long_h
2019-01-11,5.38,2.795144,0.05889520237884127,0.05147777270507799,0.03717469878358699,0.19952897848463952,h,short_a_long_h
2019-01-14,5.33,2.706732,0.07394656863432292,0.052099268013222504,0.0369187168079015,0.5917676048920683,h,short_a_long_h
2019-01-15,5.35,2.767544,0.06083304746287299,0.05265697999664576,0.03653577630753404,0.22378250286531468,h,short_a_long_h
2019-01-16,5.35,2.767544,0.06083304746287299,0.05330415358699535,0.03597818512666399,0.20926274767255737,h,short_a_long_h
2019-01-17,5.33,2.756504,0.060120634816240526,0.05396899862848893,0.03535019152278546,0.1740198828565461,h,short_a_long_h
2019-01-18,5.36,2.7896240000000003,0.056670769269532406,0.0545796373352596,0.034748608579563973,0.060178868154813686,h,short_a_long_h
2019-01-21,5.39,2.833784,0.05033466362190242,0.05519670080577631,0.033995925118386276,-0.1430182343013903,a,long_a_short_h
2019-01-22,5.33,2.7399440000000004,0.06469285198328434,0.05592700373380494,0.03323601784133852,0.2637454430108215,h,short_a_long_h
2019-01-23,5.29,2.706732,0.0664135763267778,0.05650617951633392,0.03280171061341936,0.3020390286106211,h,short_a_long_h
2019-01-24,5.31,2.734424,0.062463664442537925,0.056963293296753835,0.03249536437923436,0.1692663323172032,h,short_a_long_h
2019-01-25,5.31,2.784104,0.04880156643837619,0.05744695514801982,0.03192873448755394,-0.2707714179217992,a,long_a_short_h
2019-01-28,5.3,2.756504,0.05447621719656348,0.058043456550728505,0.03118420956509156,-0.11439248914483588,a,long_a_short_h
2019-01-29,5.3,2.7509840000000003,0.055997230423034616,0.05872807786129645,0.030206614359139575,-0.09040561136026694,a,long_a_short_h
2019-01-30,5.28,2.7509840000000003,0.05221650758312879,0.05939811000571337,0.029135231264027703,-0.24649203424897695,a,long_a_short_h
2019-01-31,5.33,2.795144,0.04955806638290128,0.05996964964928775,0.028242902069318957,-0.3686442434574335,a,long_a_short_h
2019-02-01,5.36,2.8006640000000003,0.05367379659914029,0.06061357551413248,0.0271825706001738,-0.2553025251757397,a,long_a_short_h
2019-02-11,5.36,2.7233840000000002,0.07490552409771789,0.06126795059127929,0.026561353439709313,0.5134366943082945,h,short_a_long_h
2019-02-12,5.4,2.717772,0.08390571745789654,0.06192526165861179,0.026130391750623604,0.8411835539649032,h,short_a_long_h
2019-02-13,5.49,2.778584,0.08364390651258635,0.06261781817202261,0.025585337096883185,0.8218022792095692,h,short_a_long_h
2019-02-14,5.47,2.784104,0.0784883476184185,0.06309214225249052,0.02534442329688959,0.6074790175958545,h,short_a_long_h
2019-02-15,5.43,2.7509840000000003,0.0802295438108026,0.06365227247629776,0.024968324076748222,0.6639320798444156,h,short_a_long_h
2019-02-18,5.52,2.878036,0.06240965469336435,0.06401158181258358,0.02463257954066494,-0.06503286091392406,a,long_a_short_h
2019-02-19,5.53,2.883556,0.06276567813457001,0.06432164011501314,0.02437733887528759,-0.06382821309591233,a,long_a_short_h
2019-02-20,5.52,2.922196,0.050855466997928755,0.06443214501498583,0.02428504677469866,-0.5590550491013225,a,long_a_short_h
2019-02-21,5.48,2.922196,0.0435827076688492,0.06443228643199585,0.024284924293167986,-0.8585399942552923,a,long_a_short_h
2019-02-22,5.52,2.938756,0.04656760646960256,0.06440995469895325,0.02430023252834971,-0.7342459875038243,a,long_a_short_h
2019-02-25,5.72,2.933236,0.08358514782025572,0.0647745032923202,0.024256625033712204,0.7754848212309922,h,short_a_long_h
2019-02-26,5.68,2.9166760000000003,0.08086352781728556,0.06502525302841328,0.024266199533505766,0.6526887231353822,h,short_a_long_h
2019-02-27,5.71,2.911156,0.08756872494242851,0.06520136007989816,0.024353051152847464,0.9184625253790863,h,short_a_long_h
2019-02-28,5.71,2.866996,0.09916706626691063,0.06550698031637774,0.024548115080617036,1.3711882089517573,h,short_a_long_h
2019-03-01,5.74,2.878036,0.1014910047358355,0.06609365210318126,0.02455993027175866,1.4412643782363452,h,short_a_long_h
2019-03-04,5.77,2.861476,0.11108246104792585,0.06662325031345015,0.024839887743386527,1.7898313870727014,h,short_a_long_h
2019-03-05,5.74,2.866996,0.10440725293046671,0.06702593535526806,0.025058335513164512,1.4917717721338755,h,short_a_long_h
2019-03-06,5.82,2.850436,0.12264380010667042,0.06767859422555672,0.02547851097262514,2.1573162552619314,h,short_a_long_h
2019-03-07,5.79,2.833784,0.12192157028590045,0.0683884666140023,0.025793919677544686,2.075415615041333,h,short_a_long_h
2019-03-08,5.58,2.778584,0.09990442738436667,0.06899878679118654,0.0256645493283445,1.2042152074358559,h,short_a_long_h
2019-03-11,5.62,2.795144,0.10253849211074784,0.06965935408276676,0.025497254443997575,1.2895168026893697,h,short_a_long_h
2019-03-12,5.65,2.828264,0.0989243171348505,0.07015979559490322,0.02547722184140457,1.129028970230982,h,short_a_long_h
2019-03-13,5.6,2.817224,0.09300303875379334,0.07045087487790118,0.02553743991568945,0.883101984785749,h,short_a_long_h
2019-03-14,5.59,2.828264,0.08824805914350853,0.0705951794829702,0.025589051880162986,0.689860638182656,h,short_a_long_h
2019-03-15,5.61,2.817224,0.09478716054729486,0.07069245492364497,0.025659133129601143,0.9390303835266172,h,short_a_long_h
2019-03-18,5.69,2.889076,0.08983695954083315,0.07080614851940445,0.02571388130911528,0.7400987347126975,h,short_a_long_h
2019-03-19,5.68,2.9608360000000005,0.06946126519733697,0.07084693520464704,0.025707782516187286,-0.053900798578700955,a,long_a_short_h
2019-03-20,5.66,2.9718760000000004,0.06310993155212208,0.07089562914152645,0.025687369381176405,-0.30309439140582817,a,long_a_short_h
2019-03-21,5.7,2.977488,0.06872070354853965,0.07082234329237168,0.025680869870940377,-0.08183678179103163,a,long_a_short_h
2019-03-22,5.66,2.9166760000000003,0.07733618729931724,0.07081489105939036,0.02567883174563,0.25395611079684993,h,short_a_long_h
2019-03-25,5.54,2.806184,0.08521026322602832,0.0709198540709776,0.025711971336579053,0.5557881567299551,h,short_a_long_h
2019-03-26,5.5,2.806184,0.07796385470526124,0.07087538971453634,0.025694990859216536,0.275869527627496,h,short_a_long_h
2019-03-27,5.5,2.822744,0.07349924788027562,0.07081206993496332,0.025678945951836275,0.10464518093353213,h,short_a_long_h
2019-03-28,5.46,2.822744,0.06619994539866392,0.07080718721912609,0.025679773637522912,-0.17941130967486932,a,long_a_short_h
2019-03-29,5.54,2.811704,0.0837191402304347,0.07076950774050779,0.025657286167974563,0.5047155963864427,h,short_a_long_h
2019-04-01,5.6,2.844824,0.08560551612785017,0.07069856921303856,0.025603900759396222,0.5822138999402657,h,short_a_long_h
2019-04-02,5.58,2.844824,0.0820276947799663,0.07060061942952922,0.025537248566588098,0.44746697439393684,h,short_a_long_h
2019-04-03,5.63,2.866996,0.08505748475059072,0.07047117124060426,0.025423063674602932,0.5737433417420048,h,short_a_long_h
2019-04-04,5.63,2.878036,0.08214123655595951,0.07022662893901965,0.02516505184767145,0.47345849669061285,h,short_a_long_h
2019-04-08,5.66,2.9166760000000003,0.07733618729931724,0.0700027524663243,0.024979075111903528,0.29358312107794027,h,short_a_long_h
2019-04-09,5.63,2.927716,0.0691550680420332,0.06979229322493025,0.024877891714876057,-0.02561411514288459,a,long_a_short_h
2019-04-10,5.6,2.889076,0.07389330914369696,0.06936906620679364,0.02436294765025076,0.18570178788923147,h,short_a_long_h
2019-04-11,5.55,2.850436,0.07514146612166706,0.06886777041247563,0.02360200648445263,0.26581196447531275,h,short_a_long_h
2019-04-12,5.57,2.822744,0.08614620958104302,0.06866306586872899,0.02334112955545514,0.7490273198122919,h,short_a_long_h
2019-04-15,5.55,2.7896240000000003,0.09150472194516468,0.06840684039138559,0.022912750847321108,1.0080798114417426,h,short_a_long_h
2019-04-16,5.63,2.7896240000000003,0.10581623633842063,0.06837659255726167,0.022860454725742312,1.637747115283738,h,short_a_long_h
2019-04-17,5.6,2.795144,0.09897342594625169,0.06826447817135263,0.022674839365392233,1.3543182061862362,h,short_a_long_h
2019-04-18,5.59,2.784104,0.10018901835153649,0.06859706982686845,0.022848748411161926,1.3826555378952372,h,short_a_long_h
2019-04-23,5.61,2.822744,0.09330187517645538,0.06868078473979078,0.022921196907241374,1.074162511508559,h,short_a_long_h
2019-04-24,5.58,2.811704,0.090913415864462,0.06868827595714039,0.022928373653074784,0.9693291047854645,h,short_a_long_h
2019-04-25,5.47,2.806184,0.07249437890072574,0.06859859506776497,0.02289193247278219,0.17018151864604433,h,short_a_long_h
2019-04-26,5.41,2.7896240000000003,0.06595588704521183,0.06855325798155416,0.022891732388469956,-0.11346327539852664,a,long_a_short_h
2019-04-29,5.39,2.795144,0.060752213126053944,0.0683157039294552,0.022822866898732183,-0.33139968072203096,a,long_a_short_h
2019-04-30,5.4,2.7509840000000003,0.0746893634351874,0.06812033014584401,0.02266526725697245,0.28982818578159814,h,short_a_long_h
2019-05-06,5.35,2.6460120000000003,0.09490745499640019,0.06813000596223798,0.02267654398570433,1.1808434764593387,h,short_a_long_h
2019-05-07,5.31,2.6349720000000003,0.09057523336462692,0.06804178548266737,0.022567287638039724,0.9985004952024834,h,short_a_long_h
2019-05-08,5.28,2.596332,0.09611889628469006,0.06815745369463513,0.022675974783627525,1.2330866856600848,h,short_a_long_h
2019-05-09,5.25,2.56312,0.10018975525324225,0.06847259124578811,0.02285696737891276,1.3876365784515914,h,short_a_long_h
2019-05-10,5.31,2.54104,0.11811836417597499,0.06885904487784814,0.023300476701561,2.1140906226535168,h,short_a_long_h
2019-05-14,5.26,2.51344,0.11694430579038995,0.06924151193430401,0.023709800026881677,2.0119441666315825,h,short_a_long_h
2019-05-15,5.3,2.51344,0.12452009959884747,0.06975864975272222,0.0242317399532466,2.2599058074980802,h,short_a_long_h
2019-05-16,5.31,2.5300000000000002,0.12142221211335957,0.07045829284421341,0.024502031433838577,2.0799875066180165,h,short_a_long_h
2019-05-17,5.25,2.5189600000000003,0.11337674976097722,0.07113322872070656,0.02455987490591591,1.7200218324440721,h,short_a_long_h
2019-05-20,5.27,2.54656,0.10891034642965103,0.07176306983660032,0.02455138417351069,1.513042048078501,h,short_a_long_h
2019-05-21,5.27,2.54104,0.11055689147539838,0.07243166312050958,0.024505864165508106,1.5557593928293247,h,short_a_long_h
2019-05-22,5.24,2.5300000000000002,0.10815187519246294,0.07306550911295924,0.024437237264673898,1.4357746622292702,h,short_a_long_h
2019-05-23,5.25,2.4913600000000002,0.12173653917773353,0.0738128846772066,0.024543553930641396,1.9525963776866333,h,short_a_long_h
2019-05-24,5.22,2.4803200000000003,0.11937574067014378,0.07453026208355637,0.024607180982634827,1.8224549418413534,h,short_a_long_h
2019-05-27,5.23,2.4748,0.12298018393311716,0.0752699978046701,0.024718966398519275,1.9301044129136813,h,short_a_long_h
2019-05-28,5.23,2.48584,0.11960280798250167,0.07591248346852311,0.024861724523204114,1.7573328219127038,h,short_a_long_h
2019-05-29,5.21,2.447108,0.1276870877872498,0.07656270188535028,0.025187576132063298,2.0297461587349472,h,short_a_long_h
2019-05-30,5.24,2.463668,0.1283112146868004,0.07722379459150665,0.025496733658912845,2.0036848946506223,h,short_a_long_h
2019-05-31,5.21,2.4195080000000004,0.13629373468548822,0.07792494641749527,0.0259543512307083,2.248901841126855,h,short_a_long_h
2019-06-03,5.2,2.425028,0.13264334759496754,0.0786379652034848,0.026273213192752474,2.0555301704163176,h,short_a_long_h
2019-06-04,5.17,2.397428,0.135542871580015,0.0793254880779047,0.026674149912328114,2.10756045410572,h,short_a_long_h
2019-06-05,5.17,2.369828,0.1443289037158355,0.08016714185698805,0.027118556720919444,2.365972589144194,h,short_a_long_h
2019-06-06,5.12,2.3643080000000003,0.1363801351160574,0.0809649176250941,0.027353307293668184,2.0259055658615353,h,short_a_long_h
2019-06-10,5.14,2.402948,0.1279781986026176,0.08178796053672206,0.02726880073287934,1.6938859364725085,h,short_a_long_h
2019-06-11,5.18,2.402948,0.13573017540693555,0.08268476112754455,0.027258377986464216,1.9460224047715509,h,short_a_long_h
2019-06-12,5.15,2.3643080000000003,0.14222241074028585,0.08375377551931115,0.02705443156595265,2.1611481682193636,h,short_a_long_h
2019-06-13,5.15,2.3366160000000002,0.15116212100424387,0.08486394411141543,0.0270644909317796,2.4496369453223283,h,short_a_long_h
2019-06-14,5.1,2.358788,0.1342398527406049,0.08575716189459232,0.02690883009221816,1.801739082667642,h,short_a_long_h
2019-06-17,5.11,2.3643080000000003,0.13442510028025412,0.08658868000691418,0.026857711567720564,1.7811055924374817,h,short_a_long_h
2019-06-18,5.05,2.3643080000000003,0.12261393935190945,0.08721051114553383,0.026820434415448253,1.3200169563988744,h,short_a_long_h
2019-06-19,5.06,2.413988,0.1088134686356157,0.08773139038230879,0.026625643140466074,0.7917960194270774,h,short_a_long_h
2019-06-20,5.09,2.454928,0.10196415644303136,0.08815729612768465,0.02643893078483427,0.5222170452999754,h,short_a_long_h
2019-06-21,5.12,2.466244,0.104351190333408,0.0886345469364945,0.02620710754723621,0.5997091960104912,h,short_a_long_h
2019-06-24,5.11,2.466244,0.10239615549760472,0.08910291077558878,0.025943120742927227,0.5123996011790536,h,short_a_long_h
2019-06-25,5.07,2.438,0.10327746482741573,0.08951469531689506,0.025770668850357028,0.5340478196525351,h,short_a_long_h
2019-06-26,5.09,2.4322960000000005,0.10899182257681828,0.0898585789668673,0.025752795153150522,0.7429579389796943,h,short_a_long_h
2019-06-27,5.09,2.4605400000000004,0.10023154848461446,0.09008929061372672,0.025720387151549944,0.3943275741196047,h,short_a_long_h
2019-06-28,5.08,2.438,0.10524790881471446,0.09035811658674618,0.025708734427553837,0.5791725092468907,h,short_a_long_h
2019-07-02,5.1,2.454928,0.10392686561088005,0.09053277676150147,0.025729291291209797,0.5205774499492165,h,short_a_long_h
2019-07-03,5.08,2.415368,0.1123245990698778,0.09073346587774557,0.025805083451948683,0.8367007699214304,h,short_a_long_h
2019-07-04,5.09,2.404052,0.11785441799691876,0.09091040858509893,0.025918343005049506,1.0395729930177444,h,short_a_long_h
2019-07-05,5.06,2.404052,0.11194307073386156,0.09125936574398708,0.02591726707179428,0.7980665913800968,h,short_a_long_h
2019-07-08,4.98,2.375716,0.1050031971650881,0.09152706175500391,0.025891717589236824,0.5204805499534033,h,short_a_long_h
2019-07-09,4.95,2.375716,0.0989608827091254,0.09155094431098779,0.02589728760579056,0.286127972586626,h,short_a_long_h
2019-07-10,4.92,2.38142,0.0910622133526443,0.09163644013248022,0.025878434032767586,-0.022189394424284803,a,long_a_short_h
2019-07-11,4.92,2.4266840000000003,0.07677527290298103,0.09166549777789229,0.02585960952492908,-0.5758101204334445,a,long_a_short_h
2019-07-12,4.92,2.42098,0.07856091548437849,0.09171683279126981,0.025827138861930936,-0.5093834581221489,a,long_a_short_h
2019-07-15,4.9,2.415368,0.07624854259606817,0.0917847582948971,0.025775164211573273,-0.6027591355500671,a,long_a_short_h
2019-07-16,4.89,2.4096640000000003,0.07599965918133256,0.09195191125504779,0.02560524418582058,-0.6230072229715001,a,long_a_short_h
2019-07-17,4.87,2.4096640000000003,0.07190129278905055,0.09205375847767439,0.025499889143816783,-0.7902962077586289,a,long_a_short_h
2019-07-18,4.82,2.398348,0.06515298828859395,0.092105906693589,0.025437832024900922,-1.0595603579192996,a,long_a_short_h
2019-07-19,4.84,2.4266840000000003,0.060381463127304635,0.09199286414769718,0.02554910542989843,-1.237280150850206,a,long_a_short_h
2019-07-22,4.76,2.398348,0.05262672846941352,0.09192447815608502,0.02564401662796844,-1.532433481727341,a,long_a_short_h
2019-07-23,4.76,2.398348,0.05262672846941352,0.09185609216447285,0.02573839461730713,-1.5241573640603265,a,long_a_short_h
2019-07-24,4.78,2.398348,0.05681960672944952,0.09182858359708293,0.02577433665842768,-1.3582881814413714,a,long_a_short_h
2019-07-25,4.78,2.415368,0.05145388398285178,0.09178510955302727,0.025838456267660775,-1.5608991943010837,a,long_a_short_h
2019-07-26,4.83,2.404052,0.06542305509896873,0.09191084614866947,0.025671223489349266,-1.0318086732675698,a,long_a_short_h
2019-07-29,4.83,2.38142,0.07260015051290891,0.09197674030308302,0.025610849337727542,-0.7565773994707119,a,long_a_short_h
2019-07-30,4.83,2.38142,0.07260015051290891,0.09202829508796743,0.025565144138539143,-0.7599466081542967,a,long_a_short_h
2019-07-31,4.81,2.3530840000000004,0.07753350040505314,0.09215387705432174,0.02545547339603875,-0.5743510019163011,a,long_a_short_h
2019-08-01,4.77,2.358788,0.06734561791057458,0.09230841081659005,0.0252455029985151,-0.9888015662624643,a,long_a_short_h
2019-08-02,4.67,2.2738720000000003,0.07397825323169371,0.09247092778354946,0.025062018128371895,-0.7378765132613477,a,long_a_short_h
2019-08-05,4.61,2.217384,0.08013495903279733,0.09267207552196415,0.024862893928200153,-0.5042500895258573,a,long_a_short_h
2019-08-06,4.55,2.189048,0.07679332300786035,0.09287688231717026,0.024626948440435073,-0.6530877891026993,a,long_a_short_h
2019-08-07,4.58,2.189048,0.08336508817109478,0.09315860749873853,0.024318671160351572,-0.4027160556211149,a,long_a_short_h
2019-08-08,4.56,2.2003640000000004,0.0750763889628343,0.09333696243510264,0.02410419143980346,-0.7575683887954231,a,long_a_short_h
2019-08-09,4.56,2.1947520000000003,0.07701412619302783,0.09335453411923024,0.02409140740211506,-0.6782670540355328,a,long_a_short_h
2019-08-12,4.57,2.1777320000000002,0.08511189631405303,0.09336458560969821,0.02408768334471919,-0.34261033647531913,a,long_a_short_h
2019-08-13,4.53,2.138172,0.090231171151952,0.09341947948169292,0.024072845901263778,-0.1324441797541493,a,long_a_short_h
2019-08-14,4.53,2.160804,0.08224186151620527,0.09345075876417448,0.02405571444575264,-0.46595569935144004,a,long_a_short_h
2019-08-15,4.5,2.1551,0.07760296959601554,0.0934288706457179,0.024069036685272653,-0.6575211653313036,a,long_a_short_h
2019-08-16,4.5,2.149488,0.0795814586177166,0.09357196901175419,0.02393373318430699,-0.5845519495976905,a,long_a_short_h
2019-08-19,4.56,2.1777320000000002,0.08292131493423438,0.09373993265175139,0.02378599085842285,-0.4548314922809293,a,long_a_short_h
2019-08-20,4.57,2.206068,0.07530252470981436,0.09394365813268377,0.023518794576512996,-0.7926058183902566,a,long_a_short_h
2019-08-21,4.56,2.2003640000000004,0.0750763889628343,0.09420610547680032,0.023124506478100285,-0.8272486391042561,a,long_a_short_h
2019-08-22,4.54,2.1777320000000002,0.07852570346119625,0.09447242295173025,0.022752288757867813,-0.7008841906078382,a,long_a_short_h
2019-08-23,4.52,2.166416,0.0780637746452646,0.09442641150860534,0.022780056797495132,-0.7182877992270836,a,long_a_short_h
2019-08-26,4.48,2.1211520000000004,0.08519640827913277,0.0944625188457874,0.022761804995692775,-0.4070903238301202,a,long_a_short_h
2019-08-27,4.5,2.109836,0.09370957597488694,0.09451369260439121,0.022753077271039954,-0.03534100552314094,a,long_a_short_h
2019-08-28,4.5,2.109836,0.09370957597488694,0.09446821351862435,0.02274915180363037,-0.033347948542694385,a,long_a_short_h
2019-08-29,4.5,2.1211520000000004,0.08965075862851313,0.09436954480106333,0.022744112737110442,-0.20747286241027066,a,long_a_short_h
2019-08-30,4.52,2.2003640000000004,0.06626575928067946,0.09399607228633627,0.022835146952439003,-1.2143698073593945,a,long_a_short_h
2019-09-02,4.55,2.2003640000000004,0.07288099839939877,0.09373335349857738,0.022895634523511607,-0.9107568116430779,a,long_a_short_h
2019-09-03,4.54,2.189048,0.07459310209825776,0.09333293101517394,0.02280577368084228,-0.8217142368933685,a,long_a_short_h
2019-09-04,4.57,2.21168,0.07337471446420574,0.09292837388332648,0.02272481973459785,-0.860453884672664,a,long_a_short_h
2019-09-05,4.6,2.251332,0.06643452547401418,0.09264945803407354,0.022843566992396494,-1.1475849007637478,a,long_a_short_h
2019-09-06,4.62,2.256944,0.06888382807450766,0.09236900250043821,0.022927575290418722,-1.0243200220018402,a,long_a_short_h
2019-09-09,4.67,2.330452,0.055328793490470374,0.09200570647006838,0.02316697486224961,-1.5831550384838,a,long_a_short_h
2019-09-10,4.69,2.38142,0.04318626530661562,0.09159056669134188,0.023591409992634153,-2.051776532214028,a,long_a_short_h
2019-09-11,4.67,2.404052,0.0317356591152933,0.0911196300244401,0.02421452169867012,-2.452411476391384,a,long_a_short_h
2019-09-12,4.64,2.370104,0.03608221561641922,0.09063042215001613,0.024727382765542632,-2.205983829781181,a,long_a_short_h
2019-09-16,4.8,2.494488,0.0311722968667425,0.09014154996106538,0.025316107588893393,-2.3293175258977685,a,long_a_short_h
2019-09-17,4.74,2.488692,0.02035861470009892,0.08973236120692171,0.026039663142786246,-2.6641568336125485,a,long_a_short_h
2019-09-18,4.67,2.4483040000000003,0.017895546781450666,0.08935557466716613,0.02674566810266221,-2.671835588904301,a,long_a_short_h
2019-09-19,4.69,2.4021200000000005,0.036619205469551774,0.08908806218317458,0.02711182877558617,-1.935275452936996,a,long_a_short_h
2019-09-20,4.71,2.4021200000000005,0.040874531039690076,0.08878421504767767,0.027446886697899953,-1.7455416541524658,a,long_a_short_h
2019-09-23,4.7,2.384824,0.04423236278039355,0.08844273254396405,0.02774502155543228,-1.5934523487481096,a,long_a_short_h
2019-09-24,4.68,2.384824,0.03996796399393587,0.08812610012136966,0.02808039566842676,-1.715009172095897,a,long_a_short_h
2019-09-25,4.6,2.3385480000000003,0.03759457975557745,0.08782689455366385,0.028426711422568852,-1.7670814626205902,a,long_a_short_h
2019-09-26,4.56,2.292364,0.04399605023061015,0.08764186209393007,0.028640129086506507,-1.5239390762342333,a,long_a_short_h
2019-09-27,4.57,2.2866600000000004,0.048077033526031765,0.08734484453806005,0.02886508516935913,-1.3603913094880404,a,long_a_short_h
2019-09-30,4.63,2.327048,0.04783572409577996,0.08703009627112612,0.029089262975793253,-1.347382785461492,a,long_a_short_h
2019-10-08,4.57,2.315456,0.03858132011888704,0.08666804314895048,0.029420534078592575,-1.6344612542249204,a,long_a_short_h
2019-10-09,4.56,2.3039560000000003,0.04016871623260698,0.08629397007796728,0.02972498214468397,-1.5517336098252077,a,long_a_short_h
2019-10-10,4.55,2.3097520000000005,0.03606687387830909,0.08591001705565351,0.030074584968581022,-1.6573177395271008,a,long_a_short_h
2019-10-11,4.61,2.384824,0.02489771107293781,0.08547302975376704,0.030576982972896603,-1.9810757240020413,a,long_a_short_h
2019-10-14,4.6,2.384824,0.02272615755942975,0.08508612216641201,0.031074889892415077,-2.0067638155076266,a,long_a_short_h
2019-10-15,4.57,2.3732320000000002,0.019880293578312114,0.08463601370336712,0.031624691759927326,-2.0476316612549277,a,long_a_short_h
2019-10-16,4.55,2.3559360000000003,0.021044541631008995,0.0841852059992783,0.03214250777430895,-1.9643975763066235,a,long_a_short_h
2019-10-17,4.57,2.3616400000000004,0.02359563153271005,0.08366395118220886,0.03261416948926085,-1.8417859657373161,a,long_a_short_h
2019-10-18,4.53,2.344344,0.020381929486344097,0.08307126124505203,0.03311291922667951,-1.8931985829928977,a,long_a_short_h
2019-10-21,4.53,2.327048,0.026000795492579942,0.0824061325713367,0.03345208558604757,-1.6861530780694487,a,long_a_short_h
2019-10-22,4.54,2.315456,0.031995127266030265,0.08184798008233483,0.03373094379149041,-1.4779560608938958,a,long_a_short_h
2019-10-23,4.52,2.321252,0.0256831140696675,0.08122709754665261,0.03407446748517016,-1.6300763467883652,a,long_a_short_h
2019-10-24,4.53,2.344344,0.020381929486344097,0.08061943133256834,0.034504813210404245,-1.7457709879171528,a,long_a_short_h
2019-10-25,4.53,2.3559360000000003,0.01663924816309259,0.08000047993505692,0.0349814836553077,-1.8112791440265459,a,long_a_short_h
2019-10-28,4.54,2.3790280000000004,0.011443231536218956,0.07949172037368604,0.035531202295228374,-1.9151755201541714,a,long_a_short_h
2019-10-29,4.51,2.3616400000000004,0.010379580141183786,0.07902858448281913,0.036067283507076525,-1.9033594345458862,a,long_a_short_h
2019-10-30,4.47,2.315456,0.016456523838251136,0.07865945373875412,0.03648021334669109,-1.7051142028516961,a,long_a_short_h
2019-10-31,4.4,2.223088,0.03156225648121602,0.07830006118080433,0.036731228527066624,-1.2724269395222654,a,long_a_short_h
2019-11-01,4.4,2.199996,0.03948521960281026,0.07783820921919112,0.03686883225992507,-1.040255068183133,a,long_a_short_h
2019-11-04,4.4,2.240384,0.025681646690125626,0.07729742933023692,0.03715524622889179,-1.389192318149006,a,long_a_short_h
2019-11-05,4.41,2.2866600000000004,0.012438518078673133,0.07660009284518679,0.03758184835044153,-1.7072490466201313,a,long_a_short_h
2019-11-06,4.37,2.29816,-0.00047964434068503703,0.07576118118190406,0.03816983329798245,-1.9974104924010492,a,long_a_short_h
2019-11-07,4.35,2.292364,-0.0031507281950918786,0.07475060541214516,0.03864140370876376,-2.0160068250721763,a,long_a_short_h
2019-11-08,4.33,2.2808640000000002,-0.003942900683543082,0.0737432120248624,0.039105157751228754,-1.9865950471959022,a,long_a_short_h
2019-11-11,4.24,2.223088,-0.005479015199133186,0.07265988606821255,0.03948549651042474,-1.9789266483382308,a,long_a_short_h
2019-11-12,4.21,2.217292,-0.010598767488105287,0.07155971123820035,0.0399519060154888,-2.056434521408163,a,long_a_short_h
2019-11-13,4.16,2.165404,-0.004578611289186907,0.07057674989611565,0.04036335537566125,-1.861970108427125,a,long_a_short_h
2019-11-14,4.19,2.148016,0.008724598874541134,0.06974186866648972,0.04059923366906635,-1.5029167862948924,a,long_a_short_h
2019-11-15,4.11,2.136516,-0.006479840106960677,0.06876656256997006,0.04101415735598544,-1.8346446087828643,a,long_a_short_h
2019-11-18,4.13,2.14222,-0.003648534902980116,0.06783489248584139,0.041380155366967375,-1.7274808843730136,a,long_a_short_h
2019-11-19,4.14,2.148016,-0.0032803472222825425,0.06679308509917457,0.04158493384376685,-1.6850677840373767,a,long_a_short_h
2019-11-20,4.13,2.14222,-0.003648534902980116,0.06576788280273188,0.04179365693136128,-1.6609318926007417,a,long_a_short_h
2019-11-21,4.19,2.119128,0.01899847058513504,0.06490136852483203,0.041675264239573184,-1.1014422770260304,a,long_a_short_h
2019-11-22,4.19,2.119128,0.01899847058513504,0.06406299904652064,0.04157740328812397,-1.0838706820889337,a,long_a_short_h
2019-11-25,4.27,2.148016,0.02763769218102763,0.06322925408313546,0.04129300283272753,-0.8619271900928231,a,long_a_short_h
2019-11-26,4.23,2.14222,0.020276051182265165,0.062328961053930994,0.04103906630397123,-1.0247043526815447,a,long_a_short_h
2019-11-27,4.23,2.1307199999999997,0.02436036798832053,0.06139618299812126,0.040613655022690785,-0.9119054906313868,a,long_a_short_h
2019-11-28,4.2,2.124924,0.01930975841777216,0.06045173642164463,0.04025912695648672,-1.0219292149166561,a,long_a_short_h
2019-11-29,4.18,2.084536,0.029097325863533197,0.05956469020734063,0.039760298328378775,-0.7662760498469765,a,long_a_short_h
2019-12-02,4.16,2.0787400000000003,0.026413867946749936,0.0585820649092649,0.03909942253693687,-0.8227281856177278,a,long_a_short_h
2019-12-03,4.17,2.06724,0.03302421864523253,0.05772076560534137,0.0385051191273929,-0.6413834710756546,a,long_a_short_h
2019-12-04,4.17,2.044056,0.04158200722346561,0.057000797343848435,0.03798460654574666,-0.40592207008418646,a,long_a_short_h
2019-12-05,4.21,2.055648,0.04683766020241986,0.0562600263838108,0.03729689368982617,-0.2526313923017446,a,long_a_short_h
2019-12-06,4.22,2.06724,0.044943310882442855,0.05544936721832878,0.03646059361473136,-0.28814825251888126,a,long_a_short_h
2019-12-09,4.22,2.0960360000000002,0.03444664883689896,0.0544767382836009,0.03542802783756545,-0.5653741026324759,a,long_a_short_h
2019-12-10,4.22,2.090332,0.03651435922940993,0.05366235917100761,0.03469472880935164,-0.49425375352625883,a,long_a_short_h
2019-12-11,4.22,2.0960360000000002,0.03444664883689896,0.052829205408979646,0.03393103564344897,-0.5417623194660662,a,long_a_short_h
2019-12-12,4.21,2.136516,0.017559779079186044,0.051953754073373624,0.03346747573765707,-1.0276835714707944,a,long_a_short_h
2019-12-13,4.25,2.2115880000000003,0.0008120564846951783,0.05105374230544928,0.033377620878819285,-1.5052506589118935,a,long_a_short_h
2019-12-16,4.31,2.1942,0.02082027146561638,0.05037754326397083,0.03315878865743854,-0.8913857530716471,a,long_a_short_h
2019-12-17,4.37,2.223088,0.02472072466449926,0.049713956050063256,0.03286506696486816,-0.7604801600520413,a,long_a_short_h
2019-12-18,4.35,2.228884,0.018157849170319484,0.04901197016400254,0.03262914125256423,-0.9456001540113571,a,long_a_short_h
2019-12-19,4.35,2.2115880000000003,0.024068918648962434,0.04835189894584877,0.032321880461684036,-0.7512861241372571,a,long_a_short_h
2019-12-20,4.34,2.228884,0.0158563521820404,0.04757577002589229,0.031969818477207944,-0.9921675928959506,a,long_a_short_h
2019-12-23,4.27,2.217292,0.0035524120581377217,0.046770110555671644,0.0318496705921039,-1.356927644590722,a,long_a_short_h
2019-12-24,4.28,2.205792,0.009837266218821306,0.04597502186737253,0.031567228869463164,-1.1447870764325911,a,long_a_short_h
2019-12-27,4.32,2.2634760000000003,-0.0004483555256041827,0.04510522835790183,0.03139451212099968,-1.451004675847005,a,long_a_short_h
2019-12-30,4.35,2.251976,0.010337046186571941,0.04425533208387429,0.030936630190532725,-1.0963794598314744,a,long_a_short_h
2019-12-31,4.36,2.257772,0.01068285853657125,0.04336223575503806,0.03033517336464249,-1.0772767580935152,a,long_a_short_h
2020-01-02,4.39,2.2692720000000004,0.013684966095068085,0.04254341821638145,0.029789663253372636,-0.968740461275478,a,long_a_short_h
2020-01-03,4.45,2.332844,0.006295395170634044,0.041720853199760995,0.029410876907654454,-1.2045019310494325,a,long_a_short_h
2020-01-06,4.66,2.425212,0.02294259939062382,0.04108736750544015,0.02898318946551595,-0.6260445606376371,a,long_a_short_h
2020-01-07,4.57,2.384824,0.01618305897049388,0.040463374552255564,0.02870291506016323,-0.8459181073026387,a,long_a_short_h
2020-01-08,4.66,2.3905279999999998,0.033872620041414114,0.040105852445075835,0.02851338592580251,-0.2186072331038421,a,long_a_short_h
2020-01-09,4.53,2.367436,0.01294442315253097,0.039559048342310436,0.028398668458863532,-0.9371786296365157,a,long_a_short_h
2020-01-10,4.48,2.315456,0.018691161639667553,0.0390794035010071,0.028259509095529992,-0.7214648277299517,a,long_a_short_h
2020-01-13,4.46,2.3039560000000003,0.01799485873828499,0.03859603016398171,0.028118416680641876,-0.732657590919036,a,long_a_short_h
2020-01-14,4.45,2.2808640000000002,0.023393653480207166,0.038191799836408004,0.02798394811764891,-0.5288083830768664,a,long_a_short_h
2020-01-15,4.39,2.275068,0.011749412852692598,0.03774677004110883,0.027976218724784122,-0.9292662973565181,a,long_a_short_h
2020-01-16,4.36,2.275068,0.004892243126555784,0.03728435987443592,0.028057417226694106,-1.154493889660733,a,long_a_short_h
2020-01-17,4.37,2.275068,0.007183194873111476,0.036905663761133405,0.028155108090850166,-1.0556687899088948,a,long_a_short_h
2020-01-20,4.37,2.2461800000000003,0.016879636399216413,0.036607771327215106,0.028176476330407447,-0.7001633098709548,a,long_a_short_h
2020-01-21,4.33,2.188496,0.027424994141242998,0.036362816222313375,0.028127015204811718,-0.317766461033568,a,long_a_short_h
2020-01-22,4.29,2.205792,0.012170989565041479,0.03603545876883162,0.028178452006145344,-0.8469049044491734,a,long_a_short_h
2020-01-23,4.22,2.153812,0.013814324402324551,0.03560538601302625,0.028119933153077287,-0.7749329094090328,a,long_a_short_h
2020-02-03,3.83,1.951688,-0.008382035435491653,0.03493053446345626,0.02819627723134302,-1.5361095205434283,a,long_a_short_h
2020-02-04,3.86,1.969076,-0.007309872719365673,0.034264617603187296,0.02824273752249575,-1.4720418050636306,a,long_a_short_h
2020-02-05,3.89,1.969076,0.00043210143424987635,0.03362210594509727,0.028126891180889766,-1.1800097030772336,a,long_a_short_h
2020-02-06,3.94,2.0383519999999997,-0.013032939822316236,0.03295228463065651,0.028273736611882185,-1.6264289748546084,a,long_a_short_h
2020-02-07,3.95,2.0209639999999998,-0.00399758434550368,0.03230248598417987,0.02821892085045707,-1.2863734414952153,a,long_a_short_h
2020-02-10,3.95,1.9921680000000002,0.006891804365660725,0.03169212636195373,0.02796661340558508,-0.8867831666504266,a,long_a_short_h
2020-02-11,3.96,1.9978720000000003,0.007250799495326143,0.031112605332682612,0.027743816563747442,-0.860076542912861,a,long_a_short_h
2020-02-12,3.97,2.0209639999999998,0.0010529314405648416,0.030426670693261527,0.027457133101060995,-1.0698035787123612,a,long_a_short_h
2020-02-13,3.95,1.9921680000000002,0.006891804365660725,0.02985846582161842,0.027229950545072296,-0.8434338291559581,a,long_a_short_h
2020-02-14,3.95,1.9921680000000002,0.006891804365660725,0.029274113139723692,0.02696056716829653,-0.8301868664092041,a,long_a_short_h
2020-02-17,4.02,1.9978720000000003,0.022288676859866463,0.0287505863109388,0.02647272868375055,-0.24409684125379855,a,long_a_short_h
2020-02-18,4.0,1.9747800000000002,0.026122448595486847,0.02821634695630159,0.025861400734247968,-0.0809661619775226,a,long_a_short_h
2020-02-19,3.98,1.9747800000000002,0.021109906771942577,0.027706914000099406,0.025385967860375433,-0.2598682573160425,a,long_a_short_h
2020-02-20,4.02,1.9747800000000002,0.03110999010652582,0.027319472504353657,0.024969424596035298,0.15180636572514492,h,short_a_long_h
2020-02-21,4.01,1.951688,0.037544402690431355,0.02696916370495961,0.024520904415373624,0.43127442635604807,h,short_a_long_h
2020-02-24,3.95,1.85932,0.05925740873560753,0.026771964486637722,0.024159643530080998,1.344616041562137,h,short_a_long_h
2020-02-25,3.88,1.8420240000000003,0.048468460720907824,0.026548347286730167,0.023828596406822094,0.9199078728742058,h,short_a_long_h
2020-02-26,3.9,1.8246360000000001,0.060806496823030576,0.02642943151889847,0.023619069326319995,1.455479249803628,h,short_a_long_h
2020-02-27,3.86,1.8246360000000001,0.050497127164169375,0.02619586004975658,0.023235020947413684,1.045889615051877,h,short_a_long_h
2020-02-28,3.79,1.74386,0.06655323274824165,0.02609993886728139,0.02304205334764882,1.755628861309275,h,short_a_long_h
2020-03-02,3.86,1.790044,0.06502046371964398,0.025931805995952312,0.022677948566867737,1.7236416957396148,h,short_a_long_h
2020-03-03,3.88,1.784248,0.07264928905208695,0.02575630360492898,0.022226003731349715,2.1098253205552897,h,short_a_long_h
2020-03-04,3.87,1.75536,0.08245430597239872,0.02566250968824158,0.02195897518557241,2.5862680659829134,h,short_a_long_h
2020-03-05,3.92,1.784248,0.082905789219276,0.02560630160983127,0.021801879550484474,2.628190265741168,h,short_a_long_h
2020-03-06,3.89,1.738064,0.09512250780420084,0.025846774514193944,0.022404922260721678,3.0919872197662106,h,short_a_long_h
2020-03-09,3.85,1.570624,0.16165030326927188,0.026586518721442888,0.02525506822690966,5.347987316221798,h,short_a_long_h
2020-03-10,3.85,1.611012,0.1423851480865045,0.027151452438011613,0.02703355999729826,4.262616379789023,h,short_a_long_h
2020-03-11,3.83,1.5764200000000002,0.1536470124298761,0.0278203882543922,0.029101045391040456,4.323783647106472,h,short_a_long_h
2020-03-12,3.79,1.478256,0.1919329674200041,0.028866208603942116,0.03255096437431665,5.009583032345575,h,short_a_long_h
2020-03-13,3.77,1.489756,0.18076189072530496,0.02979852579269876,0.0352010851461167,4.288599749296653,h,short_a_long_h
2020-03-16,3.76,1.4204800000000002,0.21423717863336572,0.03112276233555622,0.038958094364234815,4.700291923567912,h,short_a_long_h
2020-03-17,3.74,1.4088880000000001,0.21512137414917626,0.03255555490924423,0.04241391227290251,4.304385270221113,h,short_a_long_h
2020-03-18,3.7,1.3338160000000001,0.24591703616526825,0.03434039971799401,0.04667193059016931,4.533273720882663,h,short_a_long_h
2020-03-19,3.65,1.287632,0.2590502241434772,0.036198466455719495,0.05098122947763503,4.3712511442181015,h,short_a_long_h
2020-03-20,3.67,1.4088880000000001,0.19622742478921446,0.03757392585507344,0.053029893569297895,2.991774794471675,h,short_a_long_h
2020-03-23,3.6,1.328112,0.22176991721612338,0.03925235337604031,0.05560529612091761,3.2823773376403906,h,short_a_long_h
2020-03-24,3.62,1.414684,0.17939464943657257,0.04059817923149966,0.057020439069953965,2.434152954080102,h,short_a_long_h
2020-03-25,3.63,1.518644,0.12834675208148122,0.04136257545326573,0.057578750584870914,1.5106992726422757,h,short_a_long_h
2020-03-26,3.58,1.48396,0.13200754388806135,0.04212201722700216,0.058170226266899355,1.5452153520710443,h,short_a_long_h
2020-03-27,3.54,1.47246,0.12667458538083082,0.042809035748672467,0.05867996777409488,1.4292023805299705,h,short_a_long_h
2020-03-30,3.45,1.5128480000000002,0.0803898163526856,0.043145884518328716,0.05877945697202039,0.6336215704082699,h,short_a_long_h
2020-03-31,3.45,1.6399000000000001,0.01920060764919479,0.0429926014174422,0.05881802606871857,-0.4045017379612608,a,long_a_short_h
2020-04-01,3.4,1.611012,0.018087431408927324,0.04277669626059484,0.05886184718738784,-0.41944427556051306,a,long_a_short_h
2020-04-02,3.52,1.766952,-0.017333566875527395,0.042231607923915185,0.059114674561067435,-1.0076207852232997,a,long_a_short_h
2020-04-03,3.46,1.6687880000000002,0.00884483925815005,0.0419066838836016,0.05919072052776242,-0.5585646589644815,a,long_a_short_h
2020-04-07,3.49,1.726472,-0.0083072696933148,0.04151594563516658,0.059367357137047216,-0.8392358651483582,a,long_a_short_h
2020-04-08,3.47,1.69188,0.0013031064019303207,0.04119206555324427,0.05948067673900892,-0.6706204659765373,a,long_a_short_h
2020-04-09,3.48,1.720768,-0.00866566004372904,0.040819294437227295,0.059652988679538214,-0.8295469443583863,a,long_a_short_h
2020-04-14,3.43,1.674584,-0.002494310469595473,0.04059102759103951,0.05976672627686302,-0.7208917192661135,a,long_a_short_h
2020-04-15,3.4,1.605216,0.020822255175704574,0.04057516173784181,0.059771761086828655,-0.3304722197066065,a,long_a_short_h
2020-04-16,3.39,1.58792,0.026096896694504046,0.04062696676381007,0.05975636585239365,-0.2431551829172021,a,long_a_short_h
2020-04-17,3.4,1.5937160000000001,0.02627784901067487,0.040670577658640614,0.059743862629366894,-0.24090723322082372,a,long_a_short_h
2020-04-20,3.4,1.605216,0.020822255175704574,0.04064746618899891,0.05975105944890356,-0.3317968115736587,a,long_a_short_h
2020-04-21,3.37,1.564828,0.03129517821252403,0.040738409928383734,0.05972825607992923,-0.15810325523689542,a,long_a_short_h
2020-04-22,3.33,1.547532,0.027788233956630215,0.04075330524891749,0.05972477263581494,-0.2170802954972248,a,long_a_short_h
2020-04-23,3.4,1.5590320000000002,0.04297355418407306,0.040844792139901186,0.059719652251740044,0.035645921633943346,h,short_a_long_h
2020-04-24,3.35,1.553328,0.030939702239248856,0.04088859704131436,0.05971036472411196,-0.16661922679644908,a,long_a_short_h
2020-04-27,3.33,1.5764200000000002,0.013754513229673915,0.04083336857250877,0.05973255239584244,-0.45333497827760033,a,long_a_short_h
2020-04-28,3.26,1.58792,-0.013005829319238826,0.040586326260156014,0.059894538986600805,-0.8947753248653288,a,long_a_short_h
2020-04-29,3.27,1.611012,-0.02089801530402624,0.04031681586982063,0.06009919169433011,-1.0185633025680445,a,long_a_short_h
2020-05-06,3.34,1.553328,0.0279501633908828,0.04046323739690146,0.06004702299759288,-0.20838791635882228,a,long_a_short_h
2020-05-07,3.33,1.53594,0.0334933927449142,0.04060521130445698,0.06000991438967474,-0.11851072663363839,a,long_a_short_h
2020-05-08,3.34,1.5590320000000002,0.025168929550566432,0.040551933580034914,0.0600208473811787,-0.25629434939121293,a,long_a_short_h
2020-05-11,3.34,1.58792,0.011237782290754061,0.0403165382691011,0.06008042820869144,-0.48399714924369347,a,long_a_short_h
2020-05-12,3.31,1.541736,0.024611336743418477,0.04030761901954521,0.060082698494832984,-0.2612446289754543,a,long_a_short_h
2020-05-13,3.31,1.52444,0.03317186431031921,0.04048039690480893,0.06003167219357056,-0.12174461125992873,a,long_a_short_h
2020-05-14,3.29,1.489756,0.04457445404266619,0.04085584772467019,0.059914120543753564,0.06206560797767874,h,short_a_long_h
2020-05-15,3.3,1.478256,0.053489416798103706,0.04132784893294682,0.059787495752180154,0.20341323402416325,h,short_a_long_h
2020-05-18,3.32,1.5590320000000002,0.01916290549035443,0.041520397317729295,0.059677579655496305,-0.37463804592007677,a,long_a_short_h
2020-05-19,3.33,1.605216,1.9127545941466373e-05,0.04156621517393825,0.059643293086472315,-0.6965927848376983,a,long_a_short_h
2020-05-20,3.31,1.582124,0.004989831873414063,0.04169612016861758,0.05954561757935865,-0.6164397950241037,a,long_a_short_h
2020-05-21,3.33,1.5764200000000002,0.013754513229673915,0.04184889620627476,0.05944933369527709,-0.4725769193748387,a,long_a_short_h
2020-05-22,3.27,1.48396,0.04143472838461448,0.0421214806188587,0.05937111640588822,-0.011567109999233742,a,long_a_short_h
2020-05-25,3.24,1.495552,0.026313850284958695,0.042394761372124695,0.05922081148545986,-0.2715415524340502,a,long_a_short_h
2020-05-26,3.25,1.53594,0.009176085094207809,0.04250163320543459,0.05914854976504822,-0.5634212206994694,a,long_a_short_h
2020-05-27,3.22,1.5301440000000002,0.0027711948041342915,0.042552062722321406,0.059111756754447034,-0.6729772570190846,a,long_a_short_h
2020-05-28,3.21,1.518644,0.0053850409466463245,0.042627342521068284,0.059058152999231756,-0.6306038994295405,a,long_a_short_h
2020-05-29,3.18,1.53594,-0.012597714455352793,0.042364040979064224,0.059234553767974825,-0.9278664552738153,a,long_a_short_h
2020-06-01,3.21,1.564828,-0.01734662900982198,0.04206116514910625,0.05944756583982254,-0.9993309788158279,a,long_a_short_h
2020-06-02,3.22,1.553328,-0.00863928404140929,0.04175885701391927,0.059613537545217476,-0.8454143661093935,a,long_a_short_h
2020-06-03,3.24,1.599512,-0.02467877484929748,0.04138423346365626,0.05989028456336459,-1.1030671968682724,a,long_a_short_h
2020-06-04,3.23,1.582124,-0.019476220280992385,0.041018928561411976,0.060128214908252264,-1.0061025249911708,a,long_a_short_h
2020-06-05,3.21,1.6226040000000002,-0.04485731629294509,0.04048420293882267,0.06060631985248116,-1.4081290439593317,a,long_a_short_h
2020-06-08,3.24,1.634104,-0.04091373106862928,0.039900777464387985,0.06105219637466693,-1.323695351385434,a,long_a_short_h
2020-06-09,3.25,1.657196,-0.04847958619357862,0.03927666534655191,0.06157181782058586,-1.425266536645767,a,long_a_short_h
2020-06-10,3.23,1.634104,-0.04400492363830233,0.03863475582752245,0.06203731903767248,-1.332096240581277,a,long_a_short_h
2020-06-11,3.2,1.582124,-0.02880754770987659,0.03804817620307794,0.06234124943745906,-1.0724155277000726,a,long_a_short_h
2020-06-12,3.18,1.53594,-0.012597714455352793,0.03755288141426316,0.06250671544222551,-0.8023233266187179,a,long_a_short_h
2020-06-15,3.16,1.495552,0.001312548079541287,0.03718929172423898,0.06259020563877761,-0.573200603489795,a,long_a_short_h
2020-06-16,3.19,1.58792,-0.03471210790110174,0.03661296875142231,0.06293313502363244,-1.1333469503106797,a,long_a_short_h
2020-06-17,3.18,1.611012,-0.048806803421102773,0.035901959062668035,0.06341439158592131,-1.3357971331948737,a,long_a_short_h
2020-06-18,3.21,1.611012,-0.039417063071263914,0.03528642813010001,0.06378602583540899,-1.1711576355944473,a,long_a_short_h
2020-06-19,3.21,1.611012,-0.039417063071263914,0.03481162111217959,0.0641302193112233,-1.1574681169140004,a,long_a_short_h
2020-06-22,3.19,1.5946360000000002,-0.03791455972352098,0.03448889931044446,0.06439962860040205,-1.124283798020435,a,long_a_short_h
2020-06-23,3.18,1.600616,-0.0438944468961347,0.033949609990763206,0.06478486473307384,-1.2015778254323826,a,long_a_short_h
2020-06-24,3.18,1.57688,-0.0325579747290321,0.03347228749581711,0.0650638413831732,-1.014853424284997,a,long_a_short_h
2020-06-29,3.17,1.52352,-0.009586673460389106,0.0332410831405612,0.06516793036711002,-0.6571906819763804,a,long_a_short_h
2020-06-30,3.18,1.52352,-0.006437064557492711,0.032986866613840746,0.06526344224393468,-0.6040737327948306,a,long_a_short_h
2020-07-02,3.28,1.565012,0.004136640189627339,0.0328892023472373,0.06529805270577113,-0.4403280184658366,a,long_a_short_h
2020-07-03,3.36,1.600616,0.011165330286892539,0.032952643332476925,0.06527300413283645,-0.3337875027361272,a,long_a_short_h
2020-07-06,3.58,1.7192040000000002,0.02035481497808178,0.03304028957213743,0.06524876160008676,-0.1944170936424145,a,long_a_short_h
2020-07-07,3.57,1.659864,0.0442103948385662,0.033412445825172186,0.06518347523611634,0.16565469966552465,h,short_a_long_h
2020-07-08,3.55,1.665844,0.035863645527182686,0.033625167486343935,0.06514918059100921,0.03435926623377467,h,short_a_long_h
2020-07-09,3.6,1.701356,0.03384437264273821,0.033818180103895326,0.06511494039898247,0.0004022508303377117,h,short_a_long_h
2020-07-10,3.49,1.636128,0.032475429400818545,0.033974767298109915,0.0650887057573978,-0.023035300515573075,a,long_a_short_h
2020-07-13,3.52,1.642108,0.03826641068487613,0.03424119242739527,0.06503986929318305,0.06188847396565649,h,short_a_long_h
2020-07-14,3.46,1.600616,0.040492945381412626,0.03438744531065184,0.06503398119799832,0.09388169013015471,h,short_a_long_h
2020-07-15,3.41,1.600616,0.0259366476072051,0.03446872521595777,0.06501713090829205,-0.1312281469446466,a,long_a_short_h
2020-07-16,3.35,1.553144,0.031029589409189595,0.03444503329402256,0.065017867940433,-0.0525308502573796,a,long_a_short_h
2020-07-17,3.33,1.5709920000000002,0.01637169568498692,0.0344735938984597,0.06500909609539716,-0.2784517752240282,a,long_a_short_h
2020-07-20,3.41,1.5887480000000003,0.0315837125385382,0.03458103182261695,0.06499344553501837,-0.04611725473861515,a,long_a_short_h
2020-07-21,3.39,1.582768,0.02856276599985158,0.034669097716463336,0.06497794035837871,-0.09397545817754382,a,long_a_short_h
2020-07-22,3.5,1.647996,0.029852538405869322,0.03472292175751052,0.06497119666995597,-0.07496219249865482,a,long_a_short_h
2020-07-23,3.45,1.659864,0.010019030090286984,0.034708501901157145,0.06497653011384678,-0.37997522748000245,a,long_a_short_h
2020-07-24,3.42,1.695468,-0.01481839623353609,0.03454424657315638,0.0650773717391533,-0.7585223786318619,a,long_a_short_h
2020-07-27,3.39,1.647996,-0.0020805086971397158,0.03446704904340428,0.06511558460128482,-0.5612720512966548,a,long_a_short_h
2020-07-28,3.39,1.6183720000000001,0.011683274456270376,0.03442374602721307,0.06512910525978366,-0.3491598952609077,a,long_a_short_h
2020-07-29,3.42,1.612484,0.023259559163708587,0.034389034069066945,0.0651339765878094,-0.1708704962970336,a,long_a_short_h
2020-07-30,3.39,1.5946360000000002,0.022894444872084807,0.03447839619662564,0.06511058980328456,-0.177911939663561,a,long_a_short_h
2020-07-31,3.38,1.5946360000000002,0.019940232974653083,0.03452944543472838,0.06509665220341816,-0.22411617135833645,a,long_a_short_h
2020-08-03,3.4,1.5591240000000002,0.04292877900663894,0.034957035555079466,0.06498083329951969,0.12267838140540431,h,short_a_long_h
2020-08-04,3.44,1.582768,0.04320431599279956,0.035377987127680845,0.06486824377034743,0.1206496185225271,h,short_a_long_h
2020-08-05,3.42,1.6539760000000001,0.00398174845190824,0.03540756751949467,0.06485298181648269,-0.4845701490875692,a,long_a_short_h
2020-08-06,3.44,1.647996,0.012561041295808262,0.03562085069547904,0.06473431305071274,-0.356222354311627,a,long_a_short_h
2020-08-07,3.38,1.6065040000000002,0.014313942032312954,0.03577344674862751,0.06466167885352457,-0.3318736088638509,a,long_a_short_h
2020-08-10,3.39,1.5887480000000003,0.025701342635471858,0.035930192900875936,0.0646138590148673,-0.1583073727735481,a,long_a_short_h
2020-08-11,3.38,1.6065040000000002,0.014313942032312954,0.03598905242201749,0.06459072710983602,-0.33557619428631275,a,long_a_short_h
2020-08-12,3.39,1.6183720000000001,0.011683274456270376,0.036077638613815036,0.06454968628843984,-0.37791607612992273,a,long_a_short_h
2020-08-13,3.39,1.6183720000000001,0.011683274456270376,0.03611756753123678,0.06453296068488419,-0.3786327609278547,a,long_a_short_h
2020-08-14,3.4,1.6065040000000002,0.02021366415950132,0.036228583029518785,0.06449370816377611,-0.24831753865584813,a,long_a_short_h
2020-08-17,3.45,1.642108,0.018179652118138878,0.036194341156671056,0.06450226176448262,-0.2792877109380953,a,long_a_short_h
2020-08-18,3.44,1.6302400000000001,0.02078075129026047,0.03614982701246083,0.06451111355672089,-0.23823919437830238,a,long_a_short_h
2020-08-19,3.43,1.612484,0.02617926926704328,0.03619207169992001,0.06450284128810178,-0.15523040896996415,a,long_a_short_h
2020-08-20,3.39,1.5887480000000003,0.025701342635471858,0.03614699963766122,0.06450831173326231,-0.16192730396327032,a,long_a_short_h
2020-08-21,3.39,1.5946360000000002,0.022894444872084807,0.03602491665584167,0.0645195065676612,-0.20351165844684538,a,long_a_short_h
2020-08-24,3.39,1.6065040000000002,0.01726815392974468,0.03567500619912615,0.06450630974158525,-0.28534964010683644,a,long_a_short_h
2020-08-25,3.38,1.6183720000000001,0.008729062558838652,0.035343844547775574,0.06454207583489145,-0.4123632784452366,a,long_a_short_h
2020-08-26,3.36,1.6065040000000002,0.00837920651249846,0.03490695046185447,0.06454571090076651,-0.41099158378068124,a,long_a_short_h
2020-08-27,3.36,1.5709920000000002,0.025340365667747167,0.03469731078271763,0.0645355024933452,-0.14498911069818252,a,long_a_short_h
2020-08-28,3.38,1.582768,0.025608554102419856,0.03435610512733577,0.06447387158513283,-0.13567590730712428,a,long_a_short_h
2020-08-31,3.36,1.5887480000000003,0.01681239521822564,0.03395437122315728,0.0644313748666687,-0.26605013536346933,a,long_a_short_h
2020-09-01,3.35,1.5946360000000002,0.01102486931670088,0.03344083439202907,0.06436592246388217,-0.3482582742118941,a,long_a_short_h
2020-09-02,3.3,1.5591240000000002,0.013075815856957829,0.03286268030773373,0.06423342196002789,-0.30804624519442797,a,long_a_short_h
2020-09-03,3.27,1.5295,0.018499240302369047,0.03232595906675951,0.06408066046323324,-0.21577054082211974,a,long_a_short_h
2020-09-04,3.27,1.52352,0.021471723559583822,0.0317122025313877,0.06382635309951182,-0.1604428026122364,a,long_a_short_h
2020-09-07,3.25,1.505764,0.024231970402345204,0.03056704975749664,0.06269824207206295,-0.10104078114136182,a,long_a_short_h
2020-09-08,3.27,1.511652,0.0274056720338392,0.02960888745705776,0.06184786265664501,-0.035623145709172584,a,long_a_short_h
2020-09-09,3.25,1.4997840000000002,0.027251403531830143,0.02855559071624071,0.0607848378449793,-0.021455797706274402,a,long_a_short_h
2020-09-10,3.22,1.47614,0.030035219817961034,0.02720644281955702,0.05889546236583915,0.04803047441639197,h,short_a_long_h
2020-09-11,3.22,1.47614,0.030035219817961034,0.025950387228662487,0.05717522736666222,0.07144409873707534,h,short_a_long_h
2020-09-14,3.23,1.47614,0.03313599749620916,0.024441210719186184,0.05449062766040335,0.15956481234187003,h,short_a_long_h
2020-09-15,3.22,1.4701600000000001,0.03311537176783952,0.022924494032675047,0.05159461054515942,0.1975182606765616,h,short_a_long_h
2020-09-16,3.23,1.47614,0.03313599749620916,0.021151318710432885,0.047348143771031914,0.25311823930695726,h,short_a_long_h
2020-09-17,3.21,1.487916,0.020895579161120115,0.01916669666891324,0.041979515687718086,0.041183955171562196,h,short_a_long_h
2020-09-18,3.24,1.493896,0.027154503155768672,0.017757755655301192,0.03869579467999775,0.24283640065220716,h,short_a_long_h
2020-09-21,3.23,1.464272,0.03926118004548873,0.016236849512212572,0.033899286713242015,0.6791980824859718,h,short_a_long_h
2020-09-22,3.21,1.434648,0.04855848421240244,0.015146548135344488,0.030545709605726983,1.0938340116607925,h,short_a_long_h
2020-09-23,3.19,1.428668,0.04547788436525513,0.014455974237709272,0.02885493729796133,1.0750988576827587,h,short_a_long_h
2020-09-24,3.18,1.3871760000000002,0.06470139488046062,0.01389508966264593,0.027154825492734767,1.8709862536736919,h,short_a_long_h
2020-09-25,3.17,1.381288,0.06477936513798008,0.013379296160622174,0.02553409828319351,2.0129972246245065,h,short_a_long_h
2020-09-28,3.18,1.404932,0.05505053289370315,0.013168135465130654,0.02507594554211343,1.6702220603499764,h,short_a_long_h
2020-09-29,3.17,1.4036440000000001,0.05259687238985333,0.013446437671302807,0.025327518938754935,1.5457666743126757,h,short_a_long_h
2020-09-30,3.19,1.4036440000000001,0.058886201297417395,0.013786427420373558,0.025661969505223182,1.7574556726000443,h,short_a_long_h
2020-10-09,3.2,1.4036440000000001,0.062016094306345027,0.014447674596889162,0.025874786041594093,1.838408233907285,h,short_a_long_h
2020-10-12,3.24,1.416064,0.0677541348153205,0.014938585393198917,0.026322548326719986,2.0064755420548925,h,short_a_long_h
2020-10-14,3.19,1.3789879999999999,0.07233320546069685,0.01561058935281568,0.026749992761244443,2.120472204017238,h,short_a_long_h
2020-10-15,3.19,1.360404,0.08262850538935088,0.016288301011044184,0.027406598181955885,2.4205924404723875,h,short_a_long_h
2020-10-16,3.19,1.360404,0.08262850538935088,0.01704908572298652,0.02796942216668273,2.344682677945445,h,short_a_long_h
2020-10-19,3.19,1.366568,0.07919822186025863,0.017729856825735302,0.028479285920254494,2.1583534505268958,h,short_a_long_h
2020-10-20,3.18,1.348076,0.0863962285290569,0.018276306603679904,0.029160087296982773,2.336067146562536,h,short_a_long_h
2020-10-21,3.19,1.35424,0.08607436690228695,0.018776118855411427,0.029802206523323212,2.258163267012055,h,short_a_long_h
2020-10-22,3.18,1.335656,0.09341939364308172,0.019335631727348153,0.03056473857882531,2.4238310340745866,h,short_a_long_h
2020-10-23,3.19,1.422228,0.04890597707448341,0.019569662743171307,0.03068350347784929,0.9560940246764932,h,short_a_long_h
2020-10-27,3.18,1.39748,0.05908595726867166,0.019801252568639204,0.030877015826233086,1.2722960314920138,h,short_a_long_h
2020-10-28,3.17,1.372732,0.06949404719179869,0.02014880101226561,0.031200693515908876,1.5815432485297964,h,short_a_long_h
2020-10-29,3.14,1.348076,0.0737378316571333,0.02040516999120778,0.03151462747886531,1.6923145197160288,h,short_a_long_h
2020-10-30,3.16,1.34182,0.08361652824848403,0.020844143541284738,0.03202533311582815,1.9600853012259465,h,short_a_long_h
2020-11-02,3.15,1.360404,0.07001004143013936,0.02131293960962195,0.032330964899320566,1.506206263010133,h,short_a_long_h
2020-11-03,3.19,1.4036440000000001,0.058886201297417395,0.021912039864760754,0.03235576465027742,1.1427379891125404,h,short_a_long_h
2020-11-04,3.19,1.39748,0.06222567727333933,0.022604737302905468,0.03232132191570421,1.225845281754486,h,short_a_long_h
2020-11-05,3.19,1.422228,0.04890597707448341,0.022779369083602136,0.032406944514281104,0.8062039906097223,h,short_a_long_h
2020-11-06,3.2,1.422228,0.05203587008341104,0.022933889728089612,0.032502525258020054,0.8953759784600264,h,short_a_long_h
2020-11-09,3.24,1.4408120000000002,0.05460773284454751,0.023179213088872785,0.03263038468242431,0.9631673074514212,h,short_a_long_h
2020-11-10,3.26,1.5335480000000001,0.01343089713572826,0.02319748904591424,0.03262425379569434,-0.2993659861570519,a,long_a_short_h
2020-11-11,3.31,1.56446,0.013509086822258431,0.023104970296571235,0.032635950862782606,-0.29402800349401675,a,long_a_short_h
2020-11-12,3.27,1.5335480000000001,0.01649368666627421,0.022965985482870863,0.032628231584075164,-0.1983649895312004,a,long_a_short_h
2020-11-13,3.24,1.490216,0.02902596185305306,0.02283641471462409,0.03257252551984974,0.1900235563452719,h,short_a_long_h
2020-11-16,3.29,1.496472,0.04116145800993465,0.022733681724722676,0.03249438154631081,0.5671065399090242,h,short_a_long_h
2020-11-17,3.32,1.56446,0.016525680361683948,0.022711704848650423,0.032497708503214415,-0.1903526362898665,a,long_a_short_h
2020-11-18,3.3,1.56446,0.010483365905721465,0.022798906834981925,0.03245031012055728,-0.37951997634249296,a,long_a_short_h
2020-11-19,3.29,1.5582960000000001,0.01044398390789164,0.022844358101935903,0.032428969007384706,-0.3823857055468047,a,long_a_short_h
2020-11-20,3.29,1.545876,0.016515895830050087,0.022867369623605707,0.03242344393631312,-0.19589139901459365,a,long_a_short_h
2020-11-23,3.34,1.595372,0.007685197200696381,0.02258612353040639,0.03240740473412741,-0.45980005038842936,a,long_a_short_h
2020-11-24,3.36,1.595372,0.013655364187200147,0.0224806361462584,0.03241576972744262,-0.2722524263117199,a,long_a_short_h
2020-11-25,3.34,1.62012,-0.003994957003201904,0.022370877462113317,0.03248342478856871,-0.8116704022721664,a,long_a_short_h
2020-11-26,3.33,1.638704,-0.01564772771264933,0.022217386441140123,0.032620045014533916,-1.1607928234592744,a,long_a_short_h
2020-11-27,3.33,1.626284,-0.009874888942258131,0.022090220358732583,0.032715819781386636,-0.9770535940895776,a,long_a_short_h
2020-11-30,3.34,1.527384,0.040730533462758456,0.022534622424716846,0.03260267144794974,0.5581110451973678,h,short_a_long_h
2020-12-01,3.33,1.5149640000000002,0.04392733195881321,0.023045238766122137,0.03245229393285996,0.6434704811898261,h,short_a_long_h
2020-12-02,3.33,1.527384,0.037732030466501976,0.023431666387021398,0.03234775434222795,0.4420821281189327,h,short_a_long_h
2020-12-03,3.33,1.5335480000000001,0.03467600574946467,0.023926289558677753,0.03205842230860961,0.33531644468667343,h,short_a_long_h
2020-12-04,3.33,1.5149640000000002,0.04392733195881321,0.024454652494009462,0.031858947824138374,0.6112153977053191,h,short_a_long_h
2020-12-07,3.29,1.4840520000000001,0.0474852680156409,0.025224174029914347,0.03128069112662441,0.7116560786848833,h,short_a_long_h
2020-12-08,3.26,1.4593040000000002,0.05108502205409754,0.02599083030593707,0.0307693157744339,0.8155589786956241,h,short_a_long_h
2020-12-09,3.24,1.4531399999999999,0.04814298996781208,0.026796018440615323,0.030060222507409192,0.7101401701845417,h,short_a_long_h
2020-12-10,3.25,1.434648,0.060942543412124184,0.02767058066603555,0.029504571496553163,1.1276883905931525,h,short_a_long_h
2020-12-11,3.27,1.471724,0.04771721071382351,0.02830828698623305,0.02909779757664527,0.6670238074364989,h,short_a_long_h
2020-12-14,3.25,1.490216,0.03210762839046111,0.028680831509948164,0.02885484046078543,0.11875986232431471,h,short_a_long_h
2020-12-15,3.22,1.477888,0.029137224239034976,0.028912703811277276,0.028744652396893423,0.007810859030668421,h,short_a_long_h
2020-12-16,3.22,1.477888,0.029137224239034976,0.029444781579111748,0.028141645156652975,-0.01092890406245715,a,long_a_short_h
2020-12-17,3.27,1.4840520000000001,0.04138768814752247,0.030196402342183626,0.027223605870164373,0.4110875634444848,h,short_a_long_h
2020-12-18,3.3,1.496472,0.04419636170508867,0.030893180881986566,0.026486962946214377,0.5022539145056436,h,short_a_long_h
2020-12-21,3.29,1.4840520000000001,0.0474852680156409,0.03161736697437744,0.025725502995253627,0.6168159683482612,h,short_a_long_h
2020-12-22,3.21,1.446976,0.042066083903410045,0.0322838723379352,0.024932776569094237,0.39234344952982575,h,short_a_long_h
2020-12-23,3.21,1.4531399999999999,0.03884059730549838,0.03297333103961547,0.02393239256822117,0.24516003776713108,h,short_a_long_h
2020-12-24,3.22,1.471724,0.03230858536097836,0.033513885707032225,0.02315991106787465,-0.05204252911513767,a,long_a_short_h
2020-12-28,3.21,1.4840520000000001,0.0228686403802848,0.03378434665570451,0.02283964586262839,-0.4779280003321177,a,long_a_short_h
2020-12-29,3.2,1.490216,0.016603441854495804,0.03397635087580442,0.022594205966557198,-0.7689099164194181,a,long_a_short_h
2020-12-30,3.2,1.490216,0.016603441854495804,0.03408024088967832,0.022484241634897,-0.777291016480511,a,long_a_short_h
2020-12-31,3.22,1.4840520000000001,0.02597906279467732,0.03420368866057652,0.022397872937351678,-0.3672056667570183,a,long_a_short_h
2021-01-04,3.25,1.4840520000000001,0.03525269958000654,0.034327837698925896,0.02236172455910212,0.04135914824620219,h,short_a_long_h
2021-01-05,3.24,1.471724,0.038500555608899534,0.03428025570534534,0.022346589095318392,0.1888565581777465,h,short_a_long_h
2021-01-06,3.29,1.5149640000000002,0.03184259274374118,0.03424674693215,0.022347209627110818,-0.10758185153873452,a,long_a_short_h
2021-01-07,3.29,1.5149640000000002,0.03184259274374118,0.03423006543299169,0.022348259619725783,-0.1068303630741426,a,long_a_short_h
2021-01-08,3.33,1.490216,0.056424936041167495,0.03442964465499459,0.022439212745042285,0.9802167141996789,h,short_a_long_h
2021-01-11,3.27,1.5149640000000002,0.025745012875622753,0.03432529967325082,0.022450331635738882,-0.38218975723142695,a,long_a_short_h
2021-01-12,3.34,1.5335480000000001,0.03767450874572115,0.034301812701286724,0.022445298702463017,0.15026291648612913,h,short_a_long_h
2021-01-13,3.38,1.601536,0.016664059046352264,0.03422454112994629,0.02249025531029428,-0.7808040345169496,a,long_a_short_h
2021-01-14,3.36,1.601536,0.01072932352653777,0.034055372247590844,0.022590613401187367,-1.032554907067156,a,long_a_short_h
2021-01-15,3.32,1.595372,0.0016791731404843802,0.03393293455972,0.022726667558706164,-1.4192032921641344,a,long_a_short_h
2021-01-18,3.29,1.607792,-0.013282305964680885,0.03355905107219317,0.023131094102442958,-2.025038540305232,a,long_a_short_h
2021-01-19,3.3,1.6324480000000001,-0.021795252741497573,0.03313940091601526,0.023672956869503107,-2.3205657814669904,a,long_a_short_h
2021-01-20,3.31,1.626284,-0.015899003545639168,0.032758138066419355,0.02409106948280644,-2.019716959713418,a,long_a_short_h
2021-01-21,3.29,1.6324480000000001,-0.024830156436651596,0.03246772817869487,0.02457271834114212,-2.331768256970275,a,long_a_short_h
2021-01-22,3.24,1.56446,-0.007865772762474965,0.03252566670762038,0.024468262898915936,-1.6507685746618688,a,long_a_short_h
2021-01-25,3.22,1.5149640000000002,0.010336387522777601,0.032629140842786356,0.024346639326448063,-0.9156398557147826,a,long_a_short_h
2021-01-26,3.22,1.490216,0.022833991605131887,0.03272206348569354,0.024287231179976294,-0.4071304714517607,a,long_a_short_h
2021-01-27,3.22,1.52122,0.007209468789146467,0.032588312732572185,0.024383781804697982,-1.0408083596998075,a,long_a_short_h
2021-01-28,3.2,1.477888,0.022906674488398893,0.032588414646041466,0.024383740973651126,-0.3970572098885312,a,long_a_short_h
2021-01-29,3.17,1.4531399999999999,0.026301248052763126,0.03264142310502572,0.024362918995731387,-0.2602387281004157,a,long_a_short_h
2021-02-01,3.16,1.4531399999999999,0.02314168776239467,0.03247653067799035,0.02435966830571152,-0.38320895007453665,a,long_a_short_h
2021-02-02,3.17,1.446976,0.02952673465067479,0.03236255083347264,0.024341042613507412,-0.11650348047228637,a,long_a_short_h
2021-02-03,3.17,1.46556,0.019843485293928043,0.032494731973822806,0.02422843609225397,-0.5221652207234073,a,long_a_short_h
2021-02-04,3.17,1.471724,0.016658813693850583,0.032528880077139825,0.024202979380154126,-0.655707139770665,a,long_a_short_h
2021-02-05,3.17,1.477888,0.0134874525719072,0.03252199266496978,0.02420832334732536,-0.7862808101150714,a,long_a_short_h
2021-02-08,3.19,1.477888,0.01977678147947126,0.032472621322003105,0.02422838359666453,-0.5240068860507745,a,long_a_short_h
2021-02-09,3.23,1.5088,0.01653075456909081,0.03249109475980959,0.024215263358493208,-0.6591024823655648,a,long_a_short_h
2021-02-10,3.26,1.5088,0.025775812713141888,0.03260853257861685,0.02414758077087892,-0.2829567040403057,a,long_a_short_h
2021-02-18,3.4,1.669616,-0.009024708799642789,0.03243596605148424,0.024371332527140733,-1.7012067274103715,a,long_a_short_h
2021-02-19,3.35,1.651032,-0.015346655881752602,0.03213963005114046,0.024734678907964363,-1.9198262532368218,a,long_a_short_h
2021-02-22,3.45,1.7314399999999999,-0.022015069951756616,0.03180467403389133,0.025193220314074574,-2.1362788605306138,a,long_a_short_h
2021-02-23,3.47,1.7871,-0.040243164999218206,0.03129614139814567,0.026019939866664503,-2.749403217838201,a,long_a_short_h
2021-02-24,3.38,1.7376040000000001,-0.045210092625200315,0.030701230049043644,0.0269378348046498,-2.8180187169735236,a,long_a_short_h
2021-02-25,3.43,1.780844,-0.04917661046746963,0.03007724710651913,0.02790450918313909,-2.840181027870463,a,long_a_short_h
2021-02-26,3.38,1.7190200000000002,-0.03705106192430596,0.02957770121654921,0.028562978623146423,-2.332696600727124,a,long_a_short_h
2021-03-01,3.39,1.7376040000000001,-0.04225588072776859,0.029081667594403265,0.02928624574769922,-2.4358720792260056,a,long_a_short_h
2021-03-02,3.31,1.681944,-0.041434016334894685,0.028663641936955486,0.02993012623315939,-2.3420435224957203,a,long_a_short_h
2021-03-03,3.34,1.7314399999999999,-0.05441849400641596,0.028140327765964535,0.030823433512909636,-2.6784433907339613,a,long_a_short_h
2021-03-04,3.36,1.756188,-0.059217059000913064,0.027435682560392364,0.031837810170851334,-2.721692889564344,a,long_a_short_h
2021-03-05,3.43,1.8118480000000001,-0.062273128633054786,0.02670333520426341,0.0328740741135401,-2.7065846335325614,a,long_a_short_h
2021-03-08,3.5,1.886,-0.07250584575085445,0.025959016529521078,0.034088615952231636,-2.8884969227954076,a,long_a_short_h
2021-03-09,3.47,1.8365040000000001,-0.06093483871027622,0.025359352295962933,0.03497494618653963,-2.4673144755101903,a,long_a_short_h
2021-03-10,3.4,1.83034,-0.07876295714770898,0.024594029187590714,0.03622834446179105,-2.8529315338797003,a,long_a_short_h
2021-03-11,3.44,1.879836,-0.0873133580144046,0.023712257534950928,0.037638201858717926,-2.949811895002611,a,long_a_short_h
2021-03-12,3.45,1.879836,-0.08441059835644321,0.02282990485231737,0.03891075555900937,-2.756063244419066,a,long_a_short_h
2021-03-15,3.5,1.8921640000000002,-0.0749817254384535,0.02200312405364405,0.039921635647120306,-2.429380658382253,a,long_a_short_h
2021-03-16,3.47,1.873672,-0.07613809219430318,0.021140259351742862,0.04091062904344601,-2.377825856521028,a,long_a_short_h
2021-03-17,3.44,1.861252,-0.0797747324638719,0.02024837488511201,0.04193020443392926,-2.385466722600732,a,long_a_short_h
2021-03-18,3.42,1.867416,-0.08811439845162611,0.01926379473286545,0.04307012883668287,-2.493101276563572,a,long_a_short_h
2021-03-19,3.35,1.7623520000000001,-0.06485625596987482,0.018473032434633486,0.043736645644281286,-1.9052510126689126,a,long_a_short_h
2021-03-22,3.38,1.780844,-0.0638611621503909,0.017664722770911818,0.044355318554594764,-1.8380182484983516,a,long_a_short_h
2021-03-23,3.35,1.7376040000000001,-0.05412545628315252,0.016937715870486883,0.04481255098569971,-1.5857872535825202,a,long_a_short_h
2021-03-24,3.31,1.7190200000000002,-0.05797858203026174,0.016178427707766296,0.045304987715612866,-1.6368398597418066,a,long_a_short_h
2021-03-25,3.32,1.712856,-0.05223628358092025,0.015568995518249291,0.04573087512362654,-1.4827024174776489,a,long_a_short_h
2021-03-26,3.33,1.743768,-0.0628004505647543,0.014819370903911602,0.04627342499703599,-1.6774168212886291,a,long_a_short_h
2021-03-29,3.33,1.7623520000000001,-0.07084429781449736,0.013901825255078383,0.0468724524242945,-1.8080155546896648,a,long_a_short_h
2021-03-30,3.33,1.780844,-0.07876456765296563,0.012840799822866983,0.04751798174669506,-1.9278042565897464,a,long_a_short_h
2021-03-31,3.33,1.7376040000000001,-0.060113498127775056,0.011960871635425065,0.047884780269406145,-1.505162378478091,a,long_a_short_h
2021-04-01,3.32,1.7314399999999999,-0.060424518066627964,0.010918155694199325,0.04808858428262386,-1.483567770295246,a,long_a_short_h
2021-04-07,3.31,1.7190200000000002,-0.05797858203026174,0.009895172801130643,0.048238646242425284,-1.4070410369787338,a,long_a_short_h
2021-04-08,3.3,1.712856,-0.058278598036882734,0.008950763376709097,0.0484560529776696,-1.3874295837627073,a,long_a_short_h
2021-04-09,3.31,1.688108,-0.04420972473223467,0.00814404173402503,0.04852909185859142,-1.0788119962931302,a,long_a_short_h
2021-04-12,3.32,1.681944,-0.03841742279546917,0.00733317819991764,0.04848702168025789,-0.943563852964282,a,long_a_short_h
2021-04-13,3.29,1.694364,-0.05307714213279208,0.006374067896258164,0.04853455493267612,-1.2249254188385363,a,long_a_short_h
2021-04-14,3.29,1.7190200000000002,-0.06403920664195273,0.005275790050780887,0.04862500399327219,-1.4255011002636444,a,long_a_short_h
2021-04-15,3.31,1.7376040000000001,-0.06613761273115609,0.00412186656584878,0.048663302394655675,-1.4437877381852522,a,long_a_short_h
2021-04-16,3.34,1.749932,-0.06247941870527807,0.0029126338650602057,0.048498712848547135,-1.3483255272061763,a,long_a_short_h
2021-04-19,3.33,1.756188,-0.06818572898367331,0.0016558485786183367,0.04836952548868635,-1.4439169468103965,a,long_a_short_h
2021-04-20,3.31,1.7376040000000001,-0.06613761273115609,0.00044471662368988083,0.04823095883201622,-1.3804894401279852,a,long_a_short_h
2021-04-21,3.28,1.694364,-0.056121284514020264,-0.0007429293183357622,0.04784987123896528,-1.1573355112936772,a,long_a_short_h
2021-04-22,3.23,1.681944,-0.06590006848930113,-0.0020093829465989963,0.04754293525436263,-1.3438523557890634,a,long_a_short_h
2021-04-23,3.23,1.681944,-0.06590006848930113,-0.00333704513103552,0.04707790774250957,-1.3289253146178703,a,long_a_short_h
2021-04-26,3.23,1.67578,-0.06311416895955663,-0.004270546347985854,0.047143852670850764,-1.248171697430109,a,long_a_short_h
2021-04-27,3.21,1.669616,-0.06652920327983403,-0.005317339352556735,0.04711983643151145,-1.2990678356078031,a,long_a_short_h
2021-04-28,3.23,1.688108,-0.06867577688664112,-0.0064687545532103995,0.046964286133269965,-1.324560159541372,a,long_a_short_h
2021-04-29,3.26,1.706692,-0.0677383396113071,-0.007647722647114069,0.046708979771012314,-1.286489605612953,a,long_a_short_h
2021-04-30,3.29,1.749932,-0.07756266091660657,-0.008990882556823157,0.04637879947380496,-1.4785155963019954,a,long_a_short_h
2021-05-06,3.4,1.873672,-0.09651725453095544,-0.010378610023165615,0.04648635809042156,-1.852987587030152,a,long_a_short_h
2021-05-07,3.44,1.9045839999999998,-0.09723753032669741,-0.01167964112003324,0.046715708517433806,-1.831458666087337,a,long_a_short_h
2021-05-10,3.55,1.991156,-0.09949061972090334,-0.013027276928318595,0.04689800935154893,-1.8436463293026544,a,long_a_short_h
2021-05-11,3.54,1.935496,-0.08079868290257264,-0.01410814909479406,0.0469532587010374,-1.420360069839095,a,long_a_short_h
2021-05-12,3.64,1.9416600000000002,-0.055354393529825074,-0.015003067958237696,0.04670473386199271,-0.8639665026423458,a,long_a_short_h
2021-05-13,3.64,1.9293320000000003,-0.050521367354825986,-0.015879143793232475,0.04637283258099463,-0.7470370394365606,a,long_a_short_h
2021-05-14,3.6,1.9169120000000002,-0.05667078019100069,-0.01646332443762188,0.046441997768095857,-0.865756377538953,a,long_a_short_h
2021-05-17,3.61,1.9416600000000002,-0.06363030283368487,-0.017106152684754742,0.0465573677641447,-0.9992865229111997,a,long_a_short_h
2021-05-18,3.78,2.034396,-0.05301558995007449,-0.017685396656557648,0.04656822106201519,-0.7586760345959406,a,long_a_short_h
2021-05-20,3.61,1.9416600000000002,-0.06363030283368487,-0.018457532195613798,0.04655535663407072,-0.9703023218817354,a,long_a_short_h
2021-05-21,3.64,1.935496,-0.052941728399606314,-0.019241725415693304,0.0463347055111389,-0.72731665416135,a,long_a_short_h
2021-05-24,3.58,1.9416600000000002,-0.07197527476586552,-0.019979233375089552,0.04646476364356896,-1.119042416520988,a,long_a_short_h
2021-05-25,3.66,1.9664080000000002,-0.05948509904152344,-0.020562303916316593,0.04651826097660895,-0.8367207696087052,a,long_a_short_h
2021-05-26,3.63,1.947824,-0.06051044490300728,-0.021153590823074084,0.04657174762720371,-0.8450800342511494,a,long_a_short_h
2021-05-27,3.6,1.947824,-0.06880924771770236,-0.02186463368597202,0.04664309284830223,-1.0064644337460371,a,long_a_short_h
2021-05-28,3.62,1.960244,-0.06809196752003122,-0.022496110058644752,0.04675249667921413,-0.9752603753813665,a,long_a_short_h
2021-05-31,3.58,1.960244,-0.07920319294510192,-0.0232699313680806,0.046917290515816945,-1.1921673430430701,a,long_a_short_h
2021-06-01,3.65,2.0096480000000003,-0.07872539909488707,-0.023892685052177974,0.04715465983710596,-1.1628270510725067,a,long_a_short_h
2021-06-02,3.65,2.077728,-0.10400454812130577,-0.02462899188891678,0.047711382371660824,-1.6636607930173026,a,long_a_short_h
2021-06-03,3.68,2.077728,-0.09581896353486619,-0.02534519251052185,0.04813125613505974,-1.464199704794529,a,long_a_short_h
2021-06-04,3.64,2.090056,-0.11123689360768718,-0.026611587736108895,0.048376712587311896,-1.749298398869988,a,long_a_short_h
2021-06-07,3.68,2.077728,-0.09581896353486619,-0.02777614019855622,0.04834640688208615,-1.4074018675733677,a,long_a_short_h
2021-06-08,3.66,2.071564,-0.09901414077943826,-0.028915691625605724,0.048400928437417,-1.448287283258847,a,long_a_short_h
2021-06-09,3.79,2.10864,-0.07757154966952051,-0.029851087920763932,0.04824602805598943,-0.9891065372962322,a,long_a_short_h
2021-06-10,3.81,2.127132,-0.07893361627622975,-0.030874929156055962,0.0479700428929625,-1.001847908024787,a,long_a_short_h
2021-06-11,4.02,2.2075400000000003,-0.05343490676688745,-0.03171593061257703,0.04746671853756418,-0.45756219986267793,a,long_a_short_h
2021-06-15,4.05,2.195212,-0.0417506334512221,-0.03248956107512136,0.04685849535862489,-0.19763913256758298,a,long_a_short_h
2021-06-16,4.12,2.2261240000000004,-0.035224659132635616,-0.03318429148429176,0.04626726035574782,-0.04409959942852727,a,long_a_short_h
2021-06-17,4.05,2.269364,-0.0669581415359104,-0.03425013052552538,0.04554828970164326,-0.7180952616362454,a,long_a_short_h
2021-06-18,3.99,2.2137040000000003,-0.06304133534303946,-0.03517311840933257,0.04499215770353869,-0.6194016547802734,a,long_a_short_h
2021-06-21,3.96,2.179388,-0.05873406062519193,-0.03593013248446301,0.04461324623304244,-0.5111470261906065,a,long_a_short_h
2021-06-22,4.17,2.306808,-0.050176565413943774,-0.03659108073157117,0.044227016024425275,-0.3071761539342772,a,long_a_short_h
2021-06-23,4.17,2.364216,-0.06882874178870446,-0.03740746378180233,0.04390655887782222,-0.7156397315111257,a,long_a_short_h
2021-06-24,4.18,2.415184,-0.08261761058678585,-0.0384408412712549,0.04349380915173581,-1.0157024683998708,a,long_a_short_h
2021-06-25,4.19,2.491636,-0.1038748589404842,-0.039674768109968,0.04322927492050644,-1.485106815892069,a,long_a_short_h
2021-06-28,4.15,2.459804,-0.10371094583832818,-0.040934736558751086,0.04286944345842569,-1.4643579252540744,a,long_a_short_h
2021-06-29,4.13,2.3577760000000003,-0.07639766673279191,-0.04192193448071944,0.0423022784574658,-0.8149852326923057,a,long_a_short_h
2021-06-30,4.17,2.408744,-0.08298685306135933,-0.042937163233776575,0.041806728884985066,-0.9579723383229499,a,long_a_short_h
2021-07-02,4.12,2.415184,-0.09707569376201575,-0.04401536555980153,0.041517239752459904,-1.2780312110963585,a,long_a_short_h
2021-07-05,4.09,2.453364,-0.11628514035688953,-0.04517498039927799,0.04157671331431233,-1.7103362504879058,a,long_a_short_h
2021-07-06,4.14,2.421532,-0.09422481507245217,-0.04609854920700255,0.041423525063798844,-1.1618100050955946,a,long_a_short_h
2021-07-07,4.04,2.3705640000000003,-0.10253471214604659,-0.047091367157007076,0.041335715255158875,-1.341293954799051,a,long_a_short_h
2021-07-08,3.93,2.230356,-0.08387951996235499,-0.048006855346649016,0.040918224201168515,-0.8766916286333253,a,long_a_short_h
2021-07-09,3.93,2.2240080000000004,-0.08171680723781649,-0.04898160123679753,0.04030680858361555,-0.8121507792687314,a,long_a_short_h
2021-07-12,3.89,2.192084,-0.08097638198238499,-0.04997724238339157,0.039597088578018615,-0.7828641122923836,a,long_a_short_h
2021-07-13,3.9,2.217568,-0.08717930650838335,-0.05096909154382594,0.039016809329778766,-0.9280670456289905,a,long_a_short_h
2021-07-14,3.85,2.179388,-0.08690493759188833,-0.05195865429662285,0.03839983802339357,-0.910063299589333,a,long_a_short_h
2021-07-15,3.83,2.192084,-0.09652073642018522,-0.05323320156713412,0.0372945351264908,-1.1606937774189707,a,long_a_short_h
2021-07-16,3.8,2.147556,-0.08881255680523004,-0.05418784798114123,0.03671763364925701,-0.9429994632780331,a,long_a_short_h
2021-07-19,3.74,2.1411160000000002,-0.10244918861642816,-0.05535554545915914,0.03599262438494894,-1.3084248220855546,a,long_a_short_h
2021-07-20,3.7,2.064664,-0.08561288449475624,-0.05620785332200171,0.03548017838067573,-0.8287734874740643,a,long_a_short_h
2021-07-21,3.69,2.051968,-0.08363894738034994,-0.0569942555795591,0.03502699939992582,-0.7606901035561517,a,long_a_short_h
2021-07-22,3.74,2.12842,-0.09793650546983756,-0.05782438623464513,0.03480449530372519,-1.152498230046139,a,long_a_short_h
2021-07-23,3.71,2.096496,-0.09452310816478593,-0.058501392919646,0.03472083057455433,-1.03746698016893,a,long_a_short_h
2021-07-26,3.65,2.051968,-0.09453823783838555,-0.05910758446212007,0.034709600820030946,-1.0207738648442888,a,long_a_short_h
2021-07-27,3.7,2.064664,-0.08561288449475624,-0.05968853347002938,0.03456343085652135,-0.7500514382482232,a,long_a_short_h
2021-07-28,3.66,2.096496,-0.10809183737085482,-0.06038238081114774,0.034693261162353384,-1.3751793564877643,a,long_a_short_h
2021-07-29,3.66,2.077452,-0.10116776690152984,-0.061159897428973195,0.03455162643000988,-1.157915664363856,a,long_a_short_h
2021-07-30,3.69,2.064664,-0.08831924609249941,-0.06198202770910051,0.03400553284941452,-0.7744980353646291,a,long_a_short_h
2021-08-02,3.68,2.102936,-0.10496948229567449,-0.06304705665827388,0.03332130632638934,-1.2581267140838193,a,long_a_short_h
2021-08-03,3.61,2.090148,-0.11954620223563484,-0.06410335391681374,0.033083686552879424,-1.675836464905561,a,long_a_short_h
2021-08-04,3.63,2.096496,-0.11632233650737045,-0.06526359567511181,0.03244175716971152,-1.5738586712537395,a,long_a_short_h
2021-08-05,3.59,2.045528,-0.10872805668324947,-0.06638883988124525,0.03156915088225593,-1.3411579221727443,a,long_a_short_h
2021-08-06,3.59,2.045528,-0.10872805668324947,-0.06748775441829229,0.030709909101253183,-1.3428988711423535,a,long_a_short_h
2021-08-09,3.58,2.051968,-0.11390260502017668,-0.06868299891554938,0.029676097058998444,-1.5237720113506545,a,long_a_short_h
2021-08-10,3.59,2.058316,-0.11345696089193447,-0.06979383596709823,0.028816940607609556,-1.5151894685623328,a,long_a_short_h
2021-08-11,3.63,2.12842,-0.1277894686195189,-0.07099757165304298,0.028185321150293822,-2.014945888451723,a,long_a_short_h
2021-08-12,3.63,2.1730400000000003,-0.14353207302577176,-0.07230606769969031,0.027873233782185515,-2.555354928770546,a,long_a_short_h
2021-08-13,3.59,2.1539040000000003,-0.14790101182154136,-0.0737033826438654,0.027417437252386188,-2.7062204426571053,a,long_a_short_h
2021-08-16,3.63,2.1347679999999998,-0.13004916495488095,-0.07492488197323184,0.026617077412094785,-2.0710118593486397,a,long_a_short_h
2021-08-17,3.57,2.051968,-0.11669980964123805,-0.076112178826185,0.02522889203406543,-1.6087757940479277,a,long_a_short_h
2021-08-18,3.58,2.064664,-0.11858290373232616,-0.07702516378395738,0.024758692736127335,-1.678511074525702,a,long_a_short_h
2021-08-19,3.5,1.9563800000000002,-0.10030584938576437,-0.07773315706315746,0.02418829366513641,-0.9332073041242203,a,long_a_short_h
2021-08-20,3.47,1.8989719999999999,-0.08631529744280614,-0.07826899229224955,0.02364983452183096,-0.3402266998159801,a,long_a_short_h
2021-08-23,3.49,1.9563800000000002,-0.10316708166679656,-0.07879335826447936,0.0234967192826609,-1.037324534932137,a,long_a_short_h
2021-08-24,3.55,1.9754240000000003,-0.09347171700019885,-0.07919553846760435,0.023329501437798685,-0.6119367175787175,a,long_a_short_h
2021-08-25,3.63,2.0009080000000004,-0.0809127610336472,-0.07946000638898917,0.023165649458327126,-0.06271158713988978,a,long_a_short_h
2021-08-26,3.66,2.0009080000000004,-0.07268226189713156,-0.07975693305542939,0.022843617033325613,0.3097001297113709,h,short_a_long_h
2021-08-27,3.73,2.020044,-0.06095943167125706,-0.07991279597995844,0.022648570512169498,0.8368459412711009,h,short_a_long_h
2021-08-30,3.83,2.102936,-0.06501743128395943,-0.08010932443786732,0.022412967509529206,0.6733554201375321,h,short_a_long_h
2021-08-31,3.89,2.1730400000000003,-0.0743555636721761,-0.080275466685082,0.022294508311726666,0.26553189377996217,h,short_a_long_h
2021-09-01,3.89,2.179388,-0.07656892826122619,-0.08042006559558461,0.022212900300993033,0.1733739080522616,h,short_a_long_h
2021-09-02,3.91,2.192084,-0.07584816561546548,-0.08053319090377137,0.022154195137773825,0.2114735046419143,h,short_a_long_h
2021-09-03,3.98,2.243144,-0.07557526787082547,-0.08055876942143778,0.02214661977383916,0.22502312323522622,h,short_a_long_h
2021-09-06,3.95,2.243144,-0.08314150825414113,-0.08074382500097,0.02207392502148693,-0.10862061236672729,a,long_a_short_h
2021-09-07,4.04,2.25584,-0.06489493043009598,-0.08062825811165657,0.022120636145367113,0.7112511402551024,h,short_a_long_h
2021-09-08,4.07,2.236704,-0.05103251237772677,-0.0803259177313509,0.0222758925188367,1.3150272353331454,h,short_a_long_h
2021-09-09,4.15,2.234404,-0.03078652098033363,-0.07987905041988332,0.02272656896269871,2.1601381854043002,h,short_a_long_h
2021-09-10,4.09,2.2744240000000002,-0.05882002636630024,-0.07974436959428204,0.022803592801157863,0.917589759229491,h,short_a_long_h
2021-09-13,4.33,2.38786,-0.03872795763616077,-0.07943261847296419,0.023107010045176166,1.7615719540183847,h,short_a_long_h
2021-09-14,4.5,2.48124,-0.029325659795010117,-0.079012209534057,0.023555319600973842,2.1093557880230462,h,short_a_long_h
2021-09-15,4.72,2.5145440000000003,0.008288865190371086,-0.07820884900370703,0.024850595232700216,3.480709954192894,h,short_a_long_h
2021-09-16,4.69,2.5346,-0.004115392640190896,-0.07770267514262634,0.025727972715316603,2.860205244956079,h,short_a_long_h
2021-09-17,4.59,2.5346,-0.02566795102592523,-0.07738439838325578,0.026133685086089594,1.9789190535879733,h,short_a_long_h
2021-09-23,4.83,2.5278840000000002,0.027311728185670625,-0.07670575517934893,0.02775014630659061,3.748358016415776,h,short_a_long_h
2021-09-24,4.81,2.5346,0.02114910901929079,-0.07604635775393599,0.029105876651387218,3.3393760283318707,h,short_a_long_h
2021-09-27,5.0,2.567904,0.04998466231202259,-0.07519451653816146,0.03122713173267905,4.008667203948949,h,short_a_long_h
2021-09-28,5.23,2.6212640000000005,0.0793524188372533,-0.07400990929314474,0.03425113186344773,4.477584236977112,h,short_a_long_h
2021-09-29,4.87,2.447844,0.0599729895728468,-0.07291976523158354,0.036369075704094964,3.6540041843699465,h,short_a_long_h
2021-09-30,4.84,2.461184,0.04966986759666503,-0.07184947827116996,0.03804674757255943,3.193948329908724,h,short_a_long_h
2021-10-08,5.06,2.70802,0.021600832519750757,-0.07116852551577389,0.03897840695697686,2.380019228028497,h,short_a_long_h
2021-10-11,4.96,2.741324,-0.007634717610672914,-0.07072861051197427,0.03939633955665494,1.6015166284818803,h,short_a_long_h
2021-10-12,4.83,2.687964,-0.01927861309663359,-0.0704061107708607,0.03965911206061346,1.2891740388964283,h,short_a_long_h
2021-10-15,4.79,2.687964,-0.027594669338291133,-0.07015041136503909,0.039836480077728116,1.0682605979171371,h,short_a_long_h
2021-10-18,4.84,2.727984,-0.028424289753300247,-0.07001886607354799,0.039948764008933615,1.0411980783922645,h,short_a_long_h
2021-10-19,4.8,2.727984,-0.03672309256799533,-0.07000474665498571,0.039960324771799206,0.8328674573355296,h,short_a_long_h
2021-10-20,4.71,2.70802,-0.05007774275129706,-0.06997975166013991,0.0399719382521068,0.4978995209919267,h,short_a_long_h
2021-10-21,4.74,2.701304,-0.041844366079134665,-0.06979479465544976,0.04005092877818632,0.697872169984189,h,short_a_long_h
2021-10-22,4.59,2.6013,-0.045377696684977376,-0.06962179535506494,0.040111648684888195,0.604415412104997,h,short_a_long_h
2021-10-25,4.76,2.6346040000000004,-0.01866295472967272,-0.06925665815526823,0.04037577376409567,1.253070807291529,h,short_a_long_h
2021-10-26,4.71,2.64132,-0.03115450407550946,-0.06894806461436685,0.04052526646222556,0.9325925240759503,h,short_a_long_h
2021-10-27,4.68,2.5879600000000003,-0.02205840663436709,-0.06858073789689363,0.040750101233456855,1.1416494647706676,h,short_a_long_h
2021-10-28,4.39,2.49458,-0.058142378342705636,-0.068597580345466,0.040745325725143264,0.25659880775744115,h,short_a_long_h
2021-10-29,4.42,2.50792,-0.05537875916828949,-0.0685099027677909,0.04076249561734138,0.32213787209620914,h,short_a_long_h
2021-11-01,4.33,2.5012040000000004,-0.07391623148270354,-0.06857670412606925,0.040764751053925685,-0.1309839314257283,a,long_a_short_h
2021-11-02,4.25,2.461184,-0.08032587019554993,-0.06872013496970254,0.04077564784601343,-0.2846241773932247,a,long_a_short_h
2021-11-03,4.17,2.41454,-0.08481046773670209,-0.06887247884017643,0.04080153595338496,-0.3906222774244218,a,long_a_short_h
2021-11-04,4.09,2.41454,-0.10418153349270187,-0.06916836014522693,0.0409286384666878,-0.8554688027546407,a,long_a_short_h
2021-11-05,3.95,2.2944800000000005,-0.10031107660797323,-0.06943979962019915,0.04102696822280042,-0.7524630340737096,a,long_a_short_h
2021-11-08,3.97,2.341124,-0.11053099700257174,-0.06971453575424885,0.04119187430052913,-0.9908862352446676,a,long_a_short_h
2021-11-09,3.91,2.341124,-0.12575971770439642,-0.06995822294736088,0.04143753435637062,-1.346641290891783,a,long_a_short_h
2021-11-10,3.91,2.34784,-0.1279333266514493,-0.07021402125006714,0.041701252553233134,-1.3841144298412,a,long_a_short_h
2021-11-11,3.88,2.354464,-0.13777329859112586,-0.07053304357398565,0.04207189374825394,-1.5982226856600863,a,long_a_short_h
2021-11-12,3.88,2.367804,-0.14206030054219299,-0.07104355705431584,0.042566285949152724,-1.6683800783725817,a,long_a_short_h
2021-11-15,3.88,2.36118,-0.1399346097554478,-0.07174839218952936,0.04300234187712422,-1.5856396323892115,a,long_a_short_h
2021-11-16,3.84,2.38786,-0.15882313305092377,-0.0726509069036635,0.04368418433866199,-1.972618407595971,a,long_a_short_h
2021-11-17,3.89,2.42788,-0.15849797657079157,-0.0734994668734951,0.04435500368131455,-1.9163229093159522,a,long_a_short_h
2021-11-18,3.84,2.36118,-0.1502973967909943,-0.07422169265647267,0.044895258519625676,-1.6945153373215485,a,long_a_short_h
2021-11-19,3.89,2.36118,-0.13736060576027487,-0.07492456778822434,0.0452195450983751,-1.3807312266459326,a,long_a_short_h
2021-11-22,3.91,2.3211600000000003,-0.1192614317578854,-0.07538816052925935,0.04538763674144489,-0.9666348454878676,a,long_a_short_h
2021-11-23,3.92,2.3345000000000002,-0.12105548788826825,-0.07595577519166485,0.04553025319942036,-0.9905438588067759,a,long_a_short_h
2021-11-24,3.99,2.3811440000000004,-0.11836714035241214,-0.07634237407155274,0.04569283775954415,-0.9197232726496927,a,long_a_short_h
2021-11-25,3.92,2.354464,-0.12751679842393682,-0.07690930489973953,0.04590348845228229,-1.1024759823385737,a,long_a_short_h
2021-11-26,3.84,2.2744240000000002,-0.12189262982137505,-0.0774208231073926,0.04606094599833939,-0.965499204371221,a,long_a_short_h
2021-11-29,3.82,2.2744240000000002,-0.1271145738025269,-0.07790670082476613,0.04627635830092539,-1.0633479985130279,a,long_a_short_h
2021-11-30,3.8,2.2610840000000003,-0.12790039954922916,-0.07840510442500945,0.046491337528577724,-1.064613275404165,a,long_a_short_h
2021-12-01,3.92,2.287764,-0.10571076956704273,-0.07862600089685895,0.04655808681814546,-0.5817414443161314,a,long_a_short_h
2021-12-02,3.94,2.2944800000000005,-0.10284593221116134,-0.07882700533949456,0.04661055757260835,-0.5153108678060954,a,long_a_short_h
2021-12-03,3.96,2.341124,-0.11305306643528168,-0.07890240965877772,0.04665892490220667,-0.7319212101024825,a,long_a_short_h
2021-12-06,3.94,2.341124,-0.11811636839182837,-0.07908822136591905,0.04677112151602579,-0.8344496723803515,a,long_a_short_h
2021-12-07,4.0,2.34784,-0.10517633952883321,-0.07903771674859526,0.04673937625504456,-0.5592420112242472,a,long_a_short_h
2021-12-08,4.04,2.367804,-0.10165076220431635,-0.07908631507084068,0.046759998885603386,-0.4825587611470811,a,long_a_short_h
2021-12-09,4.09,2.38786,-0.09575052959584895,-0.07905911831097745,0.046749258839820125,-0.35704119592702677,a,long_a_short_h
2021-12-10,4.0,2.354464,-0.10731409110641732,-0.0793069728229516,0.04682009640439847,-0.5981858311772852,a,long_a_short_h
2021-12-13,4.0,2.367804,-0.11160109305748445,-0.0795792017961287,0.04691278584596485,-0.6825834510552748,a,long_a_short_h
2021-12-14,3.92,2.3345000000000002,-0.12105548788826825,-0.08014270663880689,0.0470021438134518,-0.870445003781983,a,long_a_short_h
2021-12-15,3.89,2.301104,-0.1178048930305664,-0.08077649213530141,0.04699287163515737,-0.7879578243854855,a,long_a_short_h
2021-12-16,3.98,2.354464,-0.11232663292996159,-0.08141900858361246,0.046891809211624266,-0.65912629233097,a,long_a_short_h
2021-12-17,3.98,2.341124,-0.1080152724053246,-0.08176115134085758,0.04693517502844378,-0.559369834000969,a,long_a_short_h
2021-12-20,3.91,2.287764,-0.10826504937213932,-0.08213801562443342,0.04696515334668151,-0.5563067910125753,a,long_a_short_h
2021-12-21,3.95,2.247744,-0.08469594511556366,-0.08235436466185318,0.046916207346460764,-0.049909841100724106,a,long_a_short_h
2021-12-22,3.94,2.2678,-0.09397118140296357,-0.08271931979509502,0.04683406139454022,-0.24024953789679787,a,long_a_short_h
2021-12-23,4.05,2.314444,-0.0818832954474662,-0.08282810774225137,0.04681668327389939,0.020181102733347854,h,short_a_long_h
2021-12-24,3.98,2.3211600000000003,-0.10151698645881357,-0.08298560254118491,0.04684774834052583,-0.3955661600409943,a,long_a_short_h
2021-12-28,3.97,2.3345000000000002,-0.10838104699154016,-0.08302315410827706,0.0468664354440194,-0.5410672401905278,a,long_a_short_h
2021-12-29,3.96,2.341124,-0.11305306643528168,-0.08310100511325166,0.04690882927322901,-0.6385164964908586,a,long_a_short_h
2021-12-30,3.95,2.314444,-0.10688459765288338,-0.08335506287091911,0.04695475495003739,-0.5011107992577339,a,long_a_short_h
2021-12-31,3.96,2.314444,-0.1043561512995248,-0.08353314035623716,0.04699385238031326,-0.44310074379028463,a,long_a_short_h
2022-01-04,3.98,2.3078200000000004,-0.09714358793000832,-0.08353370614097042,0.04699401720508747,-0.2896088182809052,a,long_a_short_h
2022-01-05,4.0,2.341124,-0.10300273058178033,-0.08342301939284451,0.04693182942770448,-0.4171947147105598,a,long_a_short_h
2022-01-06,4.01,2.327784,-0.09616985289354296,-0.0834392280413536,0.046935927043658,-0.2712341196616361,a,long_a_short_h
2022-01-07,4.25,2.474524,-0.08442748389973775,-0.08328833447263434,0.046903116246153474,-0.02428728660852755,a,long_a_short_h
2022-01-10,4.27,2.48124,-0.08178922933075128,-0.08327091538403766,0.04690328299446519,0.03159024184855527,h,short_a_long_h
2022-01-11,4.22,2.4679,-0.0894774466809708,-0.08333558737939728,0.04690647234603563,-0.13093841839702117,a,long_a_short_h
2022-01-12,4.29,2.54794,-0.09724436177298157,-0.08347115387765226,0.046923102063841766,-0.29352722410786075,a,long_a_short_h
2022-01-13,4.42,2.594584,-0.08115647725660002,-0.08342096363388739,0.0469223234765938,0.04826032066414944,h,short_a_long_h
2022-01-14,4.26,2.581244,-0.11411568465429123,-0.08364771985940742,0.047004977926113314,-0.6481859185802857,a,long_a_short_h
2022-01-17,4.29,2.6013,-0.11297098781750547,-0.08378480528771841,0.04706678345122562,-0.6201014896212768,a,long_a_short_h
2022-01-18,4.42,2.6479440000000003,-0.09660323684291594,-0.0838497276213658,0.04707914831679937,-0.2708950709076287,a,long_a_short_h
2022-01-19,4.43,2.68134,-0.10385330689233507,-0.08386142860699836,0.047083984087328744,-0.4246003959277723,a,long_a_short_h
2022-01-20,4.35,2.6346040000000004,-0.1087347778724087,-0.08405411105181212,0.04713849129884036,-0.523577784111299,a,long_a_short_h
2022-01-21,4.17,2.6013,-0.14134168494672095,-0.08453496719819854,0.04742764441497461,-1.1977554114112081,a,long_a_short_h
2022-01-24,4.27,2.61464,-0.12152514261450253,-0.0847315391744041,0.04753242397112323,-0.774073787241551,a,long_a_short_h
2022-01-25,4.14,2.581244,-0.14268905709834745,-0.08513292208218376,0.04781830933153823,-1.2036421994159243,a,long_a_short_h
2022-01-26,4.25,2.62798,-0.130081484027034,-0.0854291158004225,0.04798683991007491,-0.9305127887205733,a,long_a_short_h
2022-01-27,4.22,2.6212640000000005,-0.13522373119165787,-0.0858425395228967,0.04820166315623023,-1.024470701533843,a,long_a_short_h
2022-01-28,4.04,2.6013,-0.1730130287843724,-0.08638354945134268,0.04881393065788053,-1.7746876386616952,a,long_a_short_h
2022-02-07,4.42,2.7347,-0.12106505882634833,-0.08654936021738283,0.04889829215866886,-0.7058671598788433,a,long_a_short_h
2022-02-08,4.46,2.7546640000000004,-0.11757517161615816,-0.08679315959674665,0.04898005511151906,-0.6284601344225977,a,long_a_short_h
2022-02-09,4.42,2.74804,-0.12475743859026645,-0.08695805923253493,0.0490749807719601,-0.7702372729064603,a,long_a_short_h
2022-02-10,4.45,2.727984,-0.11243491430369179,-0.08689879849976871,0.049039578977984076,-0.5207246133860022,a,long_a_short_h
2022-02-11,4.67,2.7613800000000004,-0.07341256191925316,-0.08654121704486775,0.04897963448354071,0.26804314209462693,h,short_a_long_h
2022-02-14,4.69,2.834704,-0.0890244408341383,-0.08637702024612515,0.04893764013186295,-0.054097839227221604,a,long_a_short_h
2022-02-15,4.55,2.7347,-0.09207752195309593,-0.08623826579004053,0.04889732326998999,-0.11941872831798056,a,long_a_short_h
2022-02-16,4.54,2.727984,-0.09241199842858405,-0.08605917740177725,0.048834464782876744,-0.13008888405047794,a,long_a_short_h
2022-02-17,4.59,2.74804,-0.08701711060741946,-0.08583884531607297,0.04876941480872455,-0.02415992268858846,a,long_a_short_h
2022-02-18,4.54,2.727984,-0.09241199842858405,-0.08554403306448186,0.048620392418117594,-0.14125688877704248,a,long_a_short_h
2022-02-21,4.49,2.7347,-0.10535205316179208,-0.08522586623228201,0.048361972158298766,-0.4161572829088294,a,long_a_short_h
2022-02-22,4.67,2.7813440000000003,-0.07887861082226677,-0.08465067955728807,0.048019531634135054,0.12020252048685497,h,short_a_long_h
2022-02-23,4.57,2.74804,-0.09138392977375986,-0.08432846926411205,0.04784174108632647,-0.1474749946269057,a,long_a_short_h
2022-02-24,4.76,2.84142,-0.07600494159527427,-0.08398934536372903,0.0477545024022792,0.16719687917999715,h,short_a_long_h
2022-02-25,4.62,2.7347,-0.07681004982230755,-0.08364123824781221,0.04765235575218445,0.14335468452032427,h,short_a_long_h
2022-02-28,4.65,2.7813440000000003,-0.0831704629038077,-0.08349844336046257,0.047627666519996524,0.00688634318284666,h,short_a_long_h
2022-03-01,4.62,2.7546640000000004,-0.08232923255448332,-0.08346522615305987,0.047627075445167644,0.02385184452243775,h,short_a_long_h
2022-03-02,4.71,2.834704,-0.084769115264,-0.08331190976636992,0.04759272028279975,-0.030618243482853,a,long_a_short_h
2022-03-03,4.78,2.8681,-0.07890354059838744,-0.08319050829635481,0.04758516639886946,0.09009042149885636,h,short_a_long_h
2022-03-04,4.68,2.85476,-0.09650852300682744,-0.08332047297946463,0.047600188348679004,-0.27705877822915814,a,long_a_short_h
2022-03-07,4.79,2.981444,-0.10622253711026952,-0.08359997527290745,0.04763565610653526,-0.474908160953375,a,long_a_short_h
2022-03-08,4.75,2.8814400000000004,-0.0887205080609873,-0.08383131757615521,0.04759216935813664,-0.10273098601663569,a,long_a_short_h
2022-03-09,4.63,2.7813440000000003,-0.08748081440492994,-0.08401851243549663,0.047561714618898666,-0.07279598721736506,a,long_a_short_h
2022-03-10,4.56,2.674624,-0.07302734715046855,-0.0840074439644824,0.047564136747129074,0.23084823072451954,h,short_a_long_h
2022-03-11,4.5,2.6346040000000004,-0.07483322619672717,-0.08399297978061157,0.0475666816416808,0.1925665879508836,h,short_a_long_h
2022-03-14,4.4,2.5278840000000002,-0.06593019855459514,-0.08391033005510432,0.04758956363207791,0.37781669190153283,h,short_a_long_h
2022-03-15,4.03,2.36118,-0.10200338743203818,-0.0841305643847811,0.04761181324711783,-0.37538631336077105,a,long_a_short_h
2022-03-16,4.09,2.421164,-0.10626031197717623,-0.08432322108247306,0.04765453235517202,-0.4603358759499462,a,long_a_short_h
2022-03-17,4.13,2.5278840000000002,-0.12925733250586935,-0.08485957443310449,0.047796019218804504,-0.9289007494435298,a,long_a_short_h
2022-03-18,4.23,2.567904,-0.11725125706389106,-0.08541139730548922,0.04778444992354626,-0.6663226176997893,a,long_a_short_h
2022-03-21,4.19,2.541224,-0.11882767958215179,-0.08614507362717103,0.04761428198099047,-0.686403419209996,a,long_a_short_h
2022-03-22,4.31,2.661284,-0.1256180805224304,-0.08670172407847213,0.04768255841630708,-0.8161549576301503,a,long_a_short_h
2022-03-23,4.29,2.6212640000000005,-0.11877212629965272,-0.08736875881733454,0.04756553860476848,-0.6602125909527696,a,long_a_short_h
2022-03-24,4.31,2.668,-0.12753052739683635,-0.08818713271401643,0.04740304329128617,-0.8299761355206531,a,long_a_short_h
2022-03-25,4.33,2.68134,-0.12668534893498085,-0.08931191783172769,0.04669060065676187,-0.8004487108229271,a,long_a_short_h
2022-03-28,4.48,2.741324,-0.10941741192061516,-0.09018943465906457,0.04606123338265074,-0.41744382096361615,a,long_a_short_h
2022-03-29,4.53,2.7546640000000004,-0.10200199815318811,-0.09082555171845842,0.045688273938631646,-0.24462395864947445,a,long_a_short_h
2022-03-30,4.46,2.74804,-0.1157483686479005,-0.09201771919207151,0.04442886534162991,-0.5341268401377187,a,long_a_short_h
2022-03-31,4.45,2.70802,-0.10686155460147462,-0.09308447472224456,0.04320889432916456,-0.3188482393063919,a,long_a_short_h
2022-04-01,4.41,2.661284,-0.102681295179332,-0.09435669103467251,0.041159978340146994,-0.20224996417308033,a,long_a_short_h
2022-04-06,4.52,2.7546640000000004,-0.10421194380399101,-0.09588639405668288,0.03793455071465306,-0.21947142092003755,a,long_a_short_h
2022-04-07,4.48,2.7213600000000002,-0.10387127300659327,-0.09725176291151154,0.03512193518266786,-0.18847224848670516,a,long_a_short_h
2022-04-08,4.5,2.727984,-0.10126161370556641,-0.09850952525569681,0.03241443381739386,-0.08490317817591513,a,long_a_short_h
2022-04-11,4.43,2.68134,-0.10385330689233507,-0.09955497641746419,0.030472975853390864,-0.1410538470397727,a,long_a_short_h
2022-04-12,4.4,2.6346040000000004,-0.09730608204878577,-0.10030223778778179,0.02927590919242139,0.10234202187550259,h,short_a_long_h
2022-04-13,4.45,2.687964,-0.10122098458296613,-0.10098509088350123,0.02830987682290629,-0.008332558313147996,a,long_a_short_h
2022-04-14,4.51,2.7213600000000002,-0.09719716591890004,-0.10156511168833965,0.027494884087391994,0.15886394558188244,h,short_a_long_h
2022-04-19,4.51,2.74804,-0.10459998116528613,-0.10219990911677286,0.026658680446219992,-0.09002966419718568,a,long_a_short_h
2022-04-20,4.36,2.668,-0.11599637415154951,-0.10286051979663582,0.025996493638575435,-0.5052933113803384,a,long_a_short_h
2022-04-21,4.16,2.62798,-0.15148539269018746,-0.10370558354612656,0.025914365258112027,-1.84375764824509,a,long_a_short_h
2022-04-22,4.25,2.607924,-0.12426846028325367,-0.10439245099782757,0.02534706522163584,-0.7841542644732008,a,long_a_short_h
2022-04-25,4.07,2.49458,-0.1338286059752819,-0.1051295419085801,0.024898604759701272,-1.152637440679071,a,long_a_short_h
2022-04-26,4.02,2.461184,-0.13596295050094576,-0.1061070418733407,0.023751601344320156,-1.2570061359144802,a,long_a_short_h
2022-04-27,4.09,2.487864,-0.1268810582836044,-0.10690476315840816,0.022801629591174617,-0.8760906778754131,a,long_a_short_h
2022-04-28,4.17,2.5145440000000003,-0.11560389859638265,-0.10768430892475829,0.021434608565679827,-0.36947675752310516,a,long_a_short_h
2022-04-29,4.33,2.5346,-0.0839804330839804,-0.10789962604760224,0.021059251813777977,1.135804499377929,h,short_a_long_h
2022-05-05,4.39,2.668,-0.1091392044254127,-0.10834762975807827,0.02049688817653114,-0.038619260666152094,a,long_a_short_h
2022-05-06,4.26,2.6346040000000004,-0.12964146269172228,-0.10881200668482009,0.020340917323088743,-1.0240175345120206,a,long_a_short_h
2022-05-10,4.17,2.52126,-0.11762780047497368,-0.1091228561038153,0.02018637117249475,-0.4213211130659742,a,long_a_short_h
2022-05-11,4.18,2.487864,-0.10511478180164979,-0.10929205872102318,0.0200656060601871,0.20818094937394777,h,short_a_long_h
2022-05-12,4.13,2.474524,-0.11306905986312177,-0.10936612144077669,0.02006298633821791,-0.18456566534620844,a,long_a_short_h
2022-05-13,4.16,2.5012040000000004,-0.11396869922393016,-0.10947993496257634,0.02004992142302993,-0.22387939417048752,a,long_a_short_h
2022-05-16,4.17,2.474524,-0.10343043102535299,-0.10942076357943285,0.02005726971781659,0.29866141495613124,h,short_a_long_h
2022-05-17,4.21,2.54794,-0.11606844701861718,-0.10934000299038467,0.020010384227711456,-0.3362476178200818,a,long_a_short_h
2022-05-18,4.17,2.56128,-0.12957737884171505,-0.10935370342530355,0.020023779755578397,-1.00998291347953,a,long_a_short_h
2022-05-19,4.14,2.554564,-0.1348053899549272,-0.10932897085333523,0.019990186769421988,-1.274446276838293,a,long_a_short_h
2022-05-20,4.21,2.607924,-0.13372479552528904,-0.1092595083115277,0.019889724933762388,-1.2300465338377826,a,long_a_short_h
2022-05-23,4.21,2.62798,-0.13953781926906939,-0.10925620172414122,0.019884614792644553,-1.522866691696212,a,long_a_short_h
2022-05-24,4.17,2.62798,-0.14908443115264924,-0.10917504587498893,0.019699628366243564,-2.0258953385154883,a,long_a_short_h
2022-05-25,4.29,2.68134,-0.13596615800945377,-0.10898728072031112,0.019329463094915435,-1.395738575699983,a,long_a_short_h
2022-05-26,4.32,2.69468,-0.13276316661654808,-0.10884116213552406,0.019079214363012735,-1.2538254472049748,a,long_a_short_h
2022-05-27,4.47,2.7546640000000004,-0.11533552902265343,-0.10865761982937722,0.018907721438094095,-0.35318423825633355,a,long_a_short_h
2022-05-30,4.46,2.74804,-0.1157483686479005,-0.10862834430346067,0.018893879830818784,-0.3768428934763302,a,long_a_short_h
2022-05-31,4.56,2.808024,-0.10995898066348664,-0.10853587340992084,0.018859670925735303,-0.07545769272272262,a,long_a_short_h
2022-06-01,4.47,2.78806,-0.124479267189881,-0.10858680780023307,0.018894666443625988,-0.8411082268673322,a,long_a_short_h
2022-06-02,4.41,2.7680040000000004,-0.13251493253818536,-0.10862845891785182,0.01894219522042627,-1.2610192927679058,a,long_a_short_h
2022-06-06,4.43,2.794684,-0.13526870376244915,-0.10873992620069409,0.019059896265707678,-1.3918636907528872,a,long_a_short_h
2022-06-07,4.43,2.821364,-0.14247821143676132,-0.10886795651431272,0.019235155804136435,-1.7473346857539287,a,long_a_short_h
2022-06-08,4.54,2.8880640000000004,-0.13568043983513767,-0.10893279018336195,0.019312800214677607,-1.384970038236489,a,long_a_short_h
2022-06-09,4.67,2.9081200000000003,-0.11269949143595914,-0.10899102953226958,0.01931353981597721,-0.1920135790240649,a,long_a_short_h
2022-06-10,4.75,2.874724,-0.08694988933677295,-0.10885856250831635,0.01941031293612471,1.1287130322751766,h,short_a_long_h
2022-06-13,4.75,2.874724,-0.08694988933677295,-0.10864103603249543,0.01950892653041764,1.111857521319915,h,short_a_long_h
2022-06-14,5.0,2.8814400000000004,-0.03742721367343693,-0.10796862640984219,0.020542752697304358,3.433883169204572,h,short_a_long_h
2022-06-15,4.94,2.82808,-0.03531653066482909,-0.10738646133597547,0.0215859466668251,3.3387431083534014,h,short_a_long_h
2022-06-16,4.77,2.727984,-0.04299270558159085,-0.10689764419745278,0.022366955405464767,2.8571138743473536,h,short_a_long_h
2022-06-17,4.7,2.6546600000000002,-0.03710249355886519,-0.10640891056381124,0.023236425371259514,2.9826626039764803,h,short_a_long_h
2022-06-20,4.39,2.6086600000000004,-0.09207232711248636,-0.10628189586386182,0.02327306420209422,0.6105585679644544,h,short_a_long_h
2022-06-21,4.38,2.643068,-0.10429567656852534,-0.10622101739312048,0.023268587587716643,0.08274420685557711,h,short_a_long_h
2022-06-22,4.29,2.53322,-0.09284799940838206,-0.10598595498912143,0.02325994476138833,0.564831761877116,h,short_a_long_h
2022-06-23,4.35,2.540028,-0.08099537143360858,-0.10567920897581345,0.023345330341564063,1.0573351150340218,h,short_a_long_h
2022-06-24,4.3,2.51942,-0.08637485660287159,-0.1054629441730877,0.023403365900558984,0.8156129187280792,h,short_a_long_h
2022-06-27,4.34,2.560636,-0.0894282567099548,-0.1053080523756263,0.02344779729633342,0.6772404019440517,h,short_a_long_h
2022-06-28,4.4,2.62246,-0.09380044787464559,-0.10518751402981384,0.023469637485236044,0.48518287350332845,h,short_a_long_h
2022-06-29,4.36,2.594952,-0.09493172945079198,-0.10527281223260741,0.02341306928458977,0.44167992910787746,h,short_a_long_h
2022-06-30,4.35,2.567536,-0.08916865797089868,-0.10523279120400687,0.023436642736604084,0.6854280885554792,h,short_a_long_h
2022-07-04,4.36,2.5469280000000003,-0.08075760149737632,-0.10522341042108946,0.023446290475088186,1.0434831450078723,h,short_a_long_h
2022-07-05,4.43,2.5469280000000003,-0.06483007480127512,-0.10491768615727665,0.023732466117269115,1.6891464695627,h,short_a_long_h
2022-07-06,4.28,2.43708,-0.06582395610773972,-0.10456304373324497,0.023996777816597585,1.6143453892676798,h,short_a_long_h
2022-07-07,4.23,2.423372,-0.07329495148731535,-0.10423172610867858,0.02415253290942045,1.2808915212903675,h,short_a_long_h
2022-07-08,4.26,2.44398,-0.07265307839049051,-0.10394646344815864,0.024322491053896274,1.2866027985507336,h,short_a_long_h
2022-07-11,4.21,2.4301800000000005,-0.08016296259895017,-0.1037448535423205,0.024419143619656133,0.9657132662256078,h,short_a_long_h
2022-07-12,4.2,2.43708,-0.08469244041212243,-0.10364109397967147,0.02447382073308529,0.7742417407647769,h,short_a_long_h
2022-07-13,4.18,2.423372,-0.08518569800883702,-0.10349261870823027,0.024531702862648726,0.7462556024705017,h,short_a_long_h
2022-07-14,4.16,2.4095720000000003,-0.08564859946761738,-0.10340494159634755,0.024576854699920936,0.722482284471792,h,short_a_long_h
2022-07-15,4.11,2.375256,-0.08685673123220594,-0.10342518532411814,0.024562087823999466,0.6745539797200489,h,short_a_long_h
2022-07-18,4.23,2.4782960000000003,-0.09030023082535954,-0.1034961103365732,0.024511322890381836,0.5383585198655958,h,short_a_long_h
2022-07-19,4.27,2.492004,-0.08507382508321992,-0.10345941348992528,0.02453577136400674,0.7493381045144756,h,short_a_long_h
2022-07-20,4.3,2.505712,-0.08223509791960404,-0.10333433629114712,0.02460587695081113,0.85748776252608,h,short_a_long_h
2022-07-21,4.26,2.4782960000000003,-0.08323306360226712,-0.10335164117736102,0.02459087421750594,0.8181318564417582,h,short_a_long_h
2022-07-22,4.27,2.4713960000000004,-0.0787728698804504,-0.10305711772091233,0.024672384854988523,0.9842683625110479,h,short_a_long_h
2022-07-25,4.26,2.450788,-0.07476381985640579,-0.10273872465456985,0.024789622955000857,1.1284925490373636,h,short_a_long_h
2022-07-26,4.31,2.5126120000000003,-0.08199881069470871,-0.1026170211033348,0.02485575965136611,0.8295143941614709,h,short_a_long_h
2022-07-27,4.27,2.53322,-0.09752090510777467,-0.10256425108846345,0.02485983456688988,0.2028712607527114,h,short_a_long_h
2022-07-28,4.31,2.52632,-0.08612723186596394,-0.10237585487174307,0.024898313299234774,0.6525993472127494,h,short_a_long_h
2022-07-29,4.27,2.505712,-0.08923629337858774,-0.10194164327534197,0.024666324815751317,0.5150888910958029,h,short_a_long_h
2022-08-01,4.28,2.492004,-0.08273464273004749,-0.10161838910963818,0.024661700692226767,0.7657114412041639,h,short_a_long_h
2022-08-02,4.2,2.457688,-0.09108174550860626,-0.10118832817972367,0.024387930105325733,0.4144092027273107,h,short_a_long_h
2022-08-03,4.17,2.450788,-0.09611694432697471,-0.10090529034888984,0.02424646838592526,0.1974863285530978,h,short_a_long_h
2022-08-04,4.16,2.4095720000000003,-0.08564859946761738,-0.10049216425118951,0.024078580517297086,0.6164634486202003,h,short_a_long_h
2022-08-05,4.14,2.35474,-0.07300160680161594,-0.09965873573466652,0.023264408079746633,1.1458331044432444,h,short_a_long_h
2022-08-08,4.15,2.35474,-0.0705890603962318,-0.09923810241441555,0.023330341045384534,1.227973562943325,h,short_a_long_h
2022-08-09,4.18,2.368448,-0.06779055475292262,-0.09882323060722192,0.02344389309580643,1.3236997681008167,h,short_a_long_h
2022-08-10,4.21,2.361548,-0.05842536598592618,-0.09827046333551909,0.023608689615591868,1.6877301535311828,h,short_a_long_h
2022-08-11,4.26,2.389056,-0.05540629327334168,-0.09779522482693286,0.02389343639445384,1.774082674999002,h,short_a_long_h
2022-08-12,4.3,2.4164719999999997,-0.05471837975581928,-0.0976394399755709,0.024113674785210915,1.7799468808493428,h,short_a_long_h
2022-08-15,4.26,2.3341320000000003,-0.03775836093945306,-0.09721222264311519,0.024714244479755162,2.4056515970926866,h,short_a_long_h
2022-08-16,4.22,2.279208,-0.02912420758487888,-0.09668761169004672,0.02548043546544776,2.6515796481102476,h,short_a_long_h
2022-08-17,4.23,2.3066240000000002,-0.03583008229843643,-0.09621609572229549,0.026076767264893108,2.315701666945356,h,short_a_long_h
2022-08-18,4.19,2.320332,-0.04982735199514554,-0.0959061810671932,0.02640593033941692,1.745018201584226,h,short_a_long_h
2022-08-19,4.25,2.35474,-0.0467784117025134,-0.09552590117780928,0.026782579401583264,1.8201192926329623,h,short_a_long_h
2022-08-22,4.29,2.35474,-0.03741066169891316,-0.09495972291561863,0.027286503794012627,2.1090668724416517,h,short_a_long_h
2022-08-23,4.35,2.4095720000000003,-0.04098782864019668,-0.0946439663974347,0.027690401269105356,1.9377161506540925,h,short_a_long_h
2022-08-24,4.37,2.464496,-0.05350224655357738,-0.09432828570393317,0.027942662651068272,1.4610647403279937,h,short_a_long_h
2022-08-25,4.5,2.505712,-0.03677272384284658,-0.09400135055599627,0.02838486496025885,2.0161669535252145,h,short_a_long_h
2022-08-26,4.46,2.5881440000000002,-0.07026169689322281,-0.0939467809482539,0.028424459743386588,0.8332641770101472,h,short_a_long_h
2022-08-29,4.5,2.601852,-0.06534132176325202,-0.09379820477208262,0.02852767103862609,0.9975186186878119,h,short_a_long_h
2022-08-30,4.49,2.594952,-0.06555108505757212,-0.09365838687627502,0.02862530324742519,0.9819040719238884,h,short_a_long_h
2022-08-31,4.38,2.5469280000000003,-0.07618093446996466,-0.09358681870299138,0.0286584315085714,0.6073564852221875,h,short_a_long_h
2022-09-01,4.4,2.51942,-0.06338533837817273,-0.09345750035115627,0.028760077058490135,1.0456217454433443,h,short_a_long_h
2022-09-02,4.45,2.51942,-0.052085783124239504,-0.0930873108521347,0.0290053265569064,1.4135861441674549,h,short_a_long_h
2022-09-05,4.56,2.567536,-0.04202187954519665,-0.09255230537242576,0.029351043053942757,1.7215887603844902,h,short_a_long_h
2022-09-06,4.6,2.581244,-0.03732854144052111,-0.09212403898392188,0.029779234721953922,1.8400572766567536,h,short_a_long_h
2022-09-07,4.58,2.567536,-0.037645504945397756,-0.09170874473842577,0.030189205939222898,1.790813574291039,h,short_a_long_h
2022-09-08,4.54,2.51942,-0.032062867249131766,-0.0913673740725813,0.030630605127604592,1.9361193347761763,h,short_a_long_h
2022-09-09,4.59,2.5658800000000004,-0.034974924310024025,-0.09103522155685878,0.03102497419015889,1.8069409793293902,h,short_a_long_h
2022-09-13,4.55,2.57324,-0.04590110049068841,-0.09086831240632623,0.03121446786148834,1.440588771693183,h,short_a_long_h
2022-09-14,4.53,2.558612,-0.04598066472199536,-0.09040145638374253,0.031464475624752464,1.4117760038817313,h,short_a_long_h
2022-09-15,4.55,2.5658800000000004,-0.04372771541961862,-0.08988035141242955,0.03171643301794774,1.4551647711044304,h,short_a_long_h
2022-09-16,4.41,2.514636,-0.05967300613170046,-0.08930048202597814,0.03162643160219219,0.9367947755517271,h,short_a_long_h
2022-09-19,4.39,2.477928,-0.05306031747577089,-0.08876555752941047,0.03169249259325529,1.1266150792203158,h,short_a_long_h
2022-09-20,4.4,2.470568,-0.048527896168791274,-0.0881797260009658,0.03178174396772104,1.2476291380500293,h,short_a_long_h
2022-09-21,4.46,2.499916,-0.04394417023727015,-0.08749911008192278,0.031847720146742295,1.367599930041079,h,short_a_long_h
2022-09-22,4.55,2.485288,-0.019512724887930988,-0.08667194840349178,0.032314244797383276,2.078316356661356,h,short_a_long_h
2022-09-23,4.64,2.521904,-0.011023259486491188,-0.0857010545042389,0.032822571663756996,2.2751963430156104,h,short_a_long_h
2022-09-26,4.36,2.397336,-0.034828641151831596,-0.08493558193937933,0.032929667899000765,1.5216351692714218,h,short_a_long_h
2022-09-27,4.35,2.397336,-0.03712485341218208,-0.08433314395180905,0.03313863853421812,1.4245694038057986,h,short_a_long_h
2022-09-28,4.32,2.346,-0.027620408088483872,-0.0837132973679365,0.033499052429856596,1.6744619686453848,h,short_a_long_h
2022-09-29,4.36,2.346,-0.018403752983559674,-0.08290209223740035,0.03389309930436634,1.902993251653783,h,short_a_long_h
2022-09-30,4.37,2.360628,-0.020829344288362805,-0.08218515715145776,0.03428962287169626,1.789340556257327,h,short_a_long_h
2022-10-10,4.49,2.499916,-0.03724023451507985,-0.08163981497925565,0.034480767601451794,1.2876621825062382,h,short_a_long_h
2022-10-11,4.44,2.485288,-0.04398558140665654,-0.08113792862594453,0.034587605288152676,1.0741520527301096,h,short_a_long_h
2022-10-12,4.43,2.44858,-0.03494947441117302,-0.08056358030431603,0.03477864861579726,1.311554867960684,h,short_a_long_h
2022-10-13,4.37,2.419324,-0.039465405489321426,-0.08004861190251397,0.03492679040089434,1.1619506386751577,h,short_a_long_h
2022-10-14,4.41,2.419324,-0.030353725138065557,-0.07943611538789506,0.035149584535189446,1.3963860710982645,h,short_a_long_h
2022-10-17,4.42,2.426592,-0.030364794141270357,-0.07887827132199911,0.03539394359325037,1.3706717097774965,h,short_a_long_h
2022-10-18,4.4,2.44858,-0.04174451754400177,-0.07838263409667441,0.03549473366186348,1.0322127474374498,h,short_a_long_h
2022-10-19,4.36,2.433952,-0.046330382973225226,-0.07795874423879377,0.03557180645125567,0.8891412728478983,h,short_a_long_h
2022-10-20,4.4,2.470568,-0.048527896168791274,-0.07749147686382299,0.03558718433138092,0.8138767154301533,h,short_a_long_h
2022-10-21,4.43,2.492648,-0.048484132489913234,-0.07692887484997603,0.03550690444598448,0.8011045401982275,h,short_a_long_h
2022-10-24,4.41,2.433952,-0.034927750875413666,-0.07595756116818624,0.035041427747028175,1.1708943650634287,h,short_a_long_h
2022-10-25,4.37,2.426592,-0.04174148112337828,-0.07526983634185394,0.034894840662126614,0.9608399001765876,h,short_a_long_h
2022-10-26,4.33,2.426592,-0.05093694821647854,-0.07457907252719725,0.0345445808737245,0.6843945913583662,h,short_a_long_h
2022-10-27,4.36,2.419324,-0.04175635723587712,-0.07379401758332167,0.03420666710696311,0.9365911109452394,h,short_a_long_h
2022-10-28,4.32,2.397336,-0.044045296256755795,-0.07310371956643127,0.03396129829468667,0.8556334642313054,h,short_a_long_h
2022-10-31,4.08,2.199352,-0.03580018364051929,-0.07243868860846575,0.03390337489403016,1.0806742715869833,h,short_a_long_h
2022-11-01,4.14,2.2287,-0.03125956609316616,-0.07199934805020897,0.03409361389792457,1.1949387964272928,h,short_a_long_h
2022-11-02,4.17,2.272676,-0.03886557693607273,-0.07141373448779781,0.03405382432566727,0.9557856774163443,h,short_a_long_h
2022-11-03,4.17,2.280036,-0.04131890338859179,-0.0706777131602717,0.03373775712372014,0.8702063288919256,h,short_a_long_h
2022-11-04,4.22,2.33128,-0.046264694574903786,-0.07008302061110445,0.03353154292028608,0.7103259785218812,h,short_a_long_h
2022-11-07,4.31,2.426592,-0.055566586115220806,-0.06967011898038421,0.03340135409004096,0.42224434455992754,h,short_a_long_h
2022-11-08,4.31,2.441312,-0.06015554805610246,-0.06922917304865907,0.03317209153286555,0.2735318930241957,h,short_a_long_h
2022-11-09,4.28,2.419324,-0.06027540500311479,-0.06878172893015226,0.03292474882713173,0.2583565320938094,h,short_a_long_h
2022-11-10,4.22,2.382616,-0.06279217024732497,-0.06844307675700202,0.032774020144477486,0.17242030378837248,h,short_a_long_h
2022-11-11,4.31,2.426592,-0.055566586115220806,-0.06793889458280705,0.03249943184172572,0.380693069584729,h,short_a_long_h
2022-11-14,4.29,2.4633000000000003,-0.07161020230340476,-0.06745583477832115,0.0320025641672034,-0.1298135831672217,a,long_a_short_h
2022-11-15,4.29,2.485288,-0.0783532249108645,-0.06698540006962062,0.03141371575292153,-0.36187456876019675,a,long_a_short_h
2022-11-16,4.31,2.507276,-0.08038568100710286,-0.06654090744863574,0.03083344723404732,-0.44901802427006166,a,long_a_short_h
2022-11-17,4.3,2.477928,-0.07377452186333411,-0.0659928799702546,0.03010084041931959,-0.2585190906525328,a,long_a_short_h
2022-11-18,4.26,2.4633000000000003,-0.07862777496205131,-0.06540574116866629,0.02913822138854413,-0.4537694191102324,a,long_a_short_h
2022-11-21,4.24,2.433952,-0.07423917109030198,-0.06489134961100669,0.028418064848062453,-0.32893940981813985,a,long_a_short_h
2022-11-22,4.32,2.492648,-0.07362831429093863,-0.06439855917495994,0.027735756837398866,-0.33277459021898037,a,long_a_short_h
2022-11-23,4.38,2.514636,-0.06649897120210035,-0.06399158785978867,0.02733750377868572,-0.09171954259651963,a,long_a_short_h
2022-11-24,4.36,2.507276,-0.06885152776181602,-0.06360078085240463,0.02692346473910304,-0.19502493309434005,a,long_a_short_h
2022-11-25,4.42,2.5292640000000004,-0.06180915819736943,-0.06319953233185366,0.026583416933970802,0.05230231079539958,h,short_a_long_h
2022-11-28,4.36,2.485288,-0.062167900489846994,-0.0626802709426867,0.025978043593331616,0.0197232116806221,h,short_a_long_h
2022-11-29,4.43,2.551252,-0.06611719157930351,-0.062126956434696026,0.02517274515757902,-0.15851410402913907,a,long_a_short_h
2022-11-30,4.47,2.595228,-0.07009607827079711,-0.06158385122226559,0.024268245472881363,-0.3507557667505688,a,long_a_short_h
2022-12-01,4.43,2.5658800000000004,-0.07045536432543342,-0.060983660829671195,0.0231139594895486,-0.409782819773697,a,long_a_short_h
2022-12-02,4.43,2.6172160000000004,-0.08548658678812804,-0.06056537872094611,0.02218640454829487,-1.1232648360365916,a,long_a_short_h
2022-12-05,4.54,2.6392040000000003,-0.06730728466301672,-0.06018711033117159,0.021671044503932056,-0.3285570444264107,a,long_a_short_h
2022-12-06,4.5,2.624576,-0.07193958856711136,-0.06006202449142441,0.02155829755941711,-0.5509509293556709,a,long_a_short_h
2022-12-07,4.43,2.558612,-0.06830302015989376,-0.059906633914950415,0.021429682201476893,-0.39181104815285966,a,long_a_short_h
2022-12-08,4.39,2.536624,-0.07082443056483656,-0.06018494405571208,0.021352011968383048,-0.4982896471245371,a,long_a_short_h
2022-12-09,4.38,2.543892,-0.0752759077445273,-0.06051793886470957,0.021272362298247,-0.6937625766666217,a,long_a_short_h
2022-12-12,4.34,2.5658800000000004,-0.09098060027016419,-0.060917837987114344,0.02139086900802534,-1.405401635238429,a,long_a_short_h
2022-12-13,4.35,2.551252,-0.0843409305357552,-0.06131149162858843,0.02138357553268316,-1.0769685767456445,a,long_a_short_h
2022-12-14,4.38,2.595228,-0.09043576250791974,-0.061297853590217034,0.02136430519511425,-1.363859421197848,a,long_a_short_h
2022-12-15,4.34,2.609948,-0.10390175498486354,-0.06129457091035319,0.02135767218533678,-1.9949357638217957,a,long_a_short_h
2022-12-16,4.36,2.602588,-0.09716127176347977,-0.061330514846645666,0.021414774512691546,-1.6731792760927215,a,long_a_short_h
2022-12-19,4.28,2.57324,-0.10707532385984209,-0.06154784778353095,0.021745805827330385,-2.0936210153726136,a,long_a_short_h
2022-12-20,4.26,2.558612,-0.10743344393565901,-0.06172333601130418,0.022030944717375177,-2.0748137908178115,a,long_a_short_h
2022-12-21,4.25,2.5658800000000004,-0.11193596544615236,-0.06191090025077249,0.02236211990188294,-2.2370448515110435,a,long_a_short_h
2022-12-22,4.26,2.602588,-0.12036416884314383,-0.06213226459217664,0.022807492774999282,-2.5531918315369944,a,long_a_short_h
2022-12-23,4.25,2.5806000000000004,-0.11627652812515699,-0.062310137914463014,0.02314616057665205,-2.3315482510361067,a,long_a_short_h
2022-12-28,4.31,2.646564,-0.12140947934006363,-0.06257881142587272,0.02364234823647028,-2.488359757066759,a,long_a_short_h
2022-12-29,4.23,2.609948,-0.12957411003899044,-0.0629856156637195,0.024366659590316708,-2.732770740628443,a,long_a_short_h
2022-12-30,4.24,2.6172160000000004,-0.129322901601306,-0.0635230558870531,0.0251076556485997,-2.620708465783131,a,long_a_short_h
2023-01-03,4.27,2.6392040000000003,-0.12862046947574024,-0.06404636016511978,0.0258008611214003,-2.5027889188186836,a,long_a_short_h
2023-01-04,4.25,2.6392040000000003,-0.13331531377994787,-0.06454652985089171,0.02655248154156279,-2.589919281985448,a,long_a_short_h
2023-01-05,4.25,2.624576,-0.12909800240706015,-0.06501690421769646,0.027189608908697094,-2.356823093871945,a,long_a_short_h
2023-01-06,4.24,2.631936,-0.13357856359328824,-0.06546203422598261,0.02786842227404187,-2.4442190769713212,a,long_a_short_h
2023-01-09,4.25,2.6392040000000003,-0.13331531377994787,-0.06586722483738115,0.02849676138721585,-2.366868572399428,a,long_a_short_h
2023-01-10,4.23,2.624576,-0.13381499228519889,-0.06627246895635083,0.02911290289726749,-2.320020218086446,a,long_a_short_h
2023-01-11,4.24,2.646564,-0.13778411421185355,-0.06670693157921948,0.029785733816381593,-2.386282744309726,a,long_a_short_h
2023-01-12,4.3,2.7492360000000002,-0.1526122769337417,-0.06725489446006559,0.030748817709707017,-2.7759565678107303,a,long_a_short_h
2023-01-13,4.34,2.80784,-0.15935753407986353,-0.06783037198718647,0.031811597806522346,-2.877163311611817,a,long_a_short_h
2023-01-16,4.36,2.844548,-0.1646154048854085,-0.06849321848553803,0.032981104203867566,-2.914462348067733,a,long_a_short_h
2023-01-17,4.33,2.837188,-0.1695540975859301,-0.06922087681609075,0.03422657556856094,-2.93144198924771,a,long_a_short_h
2023-01-18,4.34,2.8738040000000002,-0.17697728667941937,-0.07000207867506703,0.03559168865656369,-3.005623280103187,a,long_a_short_h
2023-01-19,4.35,2.844548,-0.16691161714575897,-0.07073656823561127,0.036667392464593884,-2.622903960324273,a,long_a_short_h
2023-01-20,4.43,2.9471279999999997,-0.17556923481184872,-0.07157661336023996,0.03789461402459071,-2.744258626941694,a,long_a_short_h
2023-01-30,4.44,3.0644280000000004,-0.20292956729239386,-0.07258436966522067,0.039737301069010064,-3.2801723851554057,a,long_a_short_h
2023-01-31,4.41,3.057068,-0.20788465381537624,-0.07350406757111734,0.04155487950155991,-3.233810032807687,a,long_a_short_h
2023-02-01,4.43,3.093776,-0.2124166367184649,-0.07455647927822152,0.043433964402119205,-3.174017369538503,a,long_a_short_h
2023-02-02,4.42,3.0864160000000003,-0.2128692532725851,-0.07558675394400484,0.04521490727811189,-3.0362220690660893,a,long_a_short_h
2023-02-03,4.41,3.005824,-0.19505777890618126,-0.07652278007880595,0.046508267005292515,-2.548686641320915,a,long_a_short_h
2023-02-06,4.39,2.983836,-0.1940322454190464,-0.07738070091139294,0.04771302842282494,-2.4448572719783543,a,long_a_short_h
2023-02-07,4.41,3.005824,-0.19505777890618126,-0.07820520786621966,0.048880123225119004,-2.390594853899882,a,long_a_short_h
2023-02-08,4.39,3.020452,-0.2032869400848729,-0.07918552737136347,0.05019268918192302,-2.4724997750908466,a,long_a_short_h
2023-02-09,4.41,3.020452,-0.19874147771319817,-0.08023335962895997,0.05136138641532225,-2.3073387685828624,a,long_a_short_h
2023-02-10,4.38,3.005824,-0.20188374397658115,-0.08132748199212955,0.05253915712847861,-2.2945983257714775,a,long_a_short_h
2023-02-13,4.39,3.0278120000000004,-0.2051336327165566,-0.08247200764182651,0.05372437616026334,-2.283165182017608,a,long_a_short_h
2023-02-14,4.41,3.0278120000000004,-0.20058817034488186,-0.08365669767815113,0.05474735638621541,-2.1358377898986984,a,long_a_short_h
2023-02-15,4.39,3.005824,-0.199603241277856,-0.08485833891152209,0.055696335542258744,-2.0601876451866925,a,long_a_short_h
2023-02-16,4.39,3.020452,-0.2032869400848729,-0.08609641024759755,0.05666358866072082,-2.068180512515117,a,long_a_short_h
2023-02-17,4.39,3.0278120000000004,-0.2051336327165566,-0.08749120417907341,0.05751730105943987,-2.0453398607126654,a,long_a_short_h
2023-02-20,4.47,3.057068,-0.19437093464865351,-0.08886826023793819,0.05808350748036841,-1.8163964090215123,a,long_a_short_h
2023-02-21,4.49,3.071788,-0.1935514654566305,-0.09018260509758981,0.05865493681729943,-1.7623215703226796,a,long_a_short_h
2023-02-22,4.47,3.04244,-0.19073146328943924,-0.09135680602504224,0.05924765489416308,-1.6772757916227181,a,long_a_short_h
2023-02-23,4.48,3.0278120000000004,-0.1848398133767427,-0.09250731770566084,0.05971338171973156,-1.5462613741162765,a,long_a_short_h
2023-02-24,4.46,3.020452,-0.18746740113998017,-0.09375779053433639,0.0601196985908326,-1.5587172391435304,a,long_a_short_h
2023-02-27,4.44,2.991104,-0.18455308422289185,-0.09495416766419217,0.060488095861212704,-1.4812652850617167,a,long_a_short_h
2023-02-28,4.46,2.9471279999999997,-0.16882005283692036,-0.09591514938322004,0.06073952156363877,-1.2002877463780395,a,long_a_short_h
2023-03-01,4.5,3.0130920000000003,-0.17668757239493327,-0.09708110645448742,0.060937264282302395,-1.3063675712722376,a,long_a_short_h
2023-03-02,4.57,3.04244,-0.16860666700880333,-0.09790064787211726,0.06123413521269163,-1.1546830683750926,a,long_a_short_h
2023-03-03,4.69,3.130392,-0.164311386462059,-0.09872539841127398,0.06145800980839712,-1.0671674571834882,a,long_a_short_h
2023-03-06,4.7,3.15974,-0.16926204665216427,-0.09958965642456226,0.0617162523051406,-1.128914793515398,a,long_a_short_h
2023-03-07,4.81,3.2990280000000003,-0.17885993424034907,-0.10044531475598213,0.06209957783941879,-1.2627238736974455,a,long_a_short_h
2023-03-08,4.75,3.2844,-0.18804045204309738,-0.10148410736985651,0.06251564684733324,-1.3845548920675232,a,long_a_short_h
2023-03-09,4.75,3.2404240000000004,-0.17781221403229752,-0.10253182762742366,0.0627339711549768,-1.1999939589174522,a,long_a_short_h
2023-03-10,4.64,3.1671,-0.18387557028213164,-0.10371394171689811,0.0629204011412712,-1.274016489266362,a,long_a_short_h
2023-03-13,4.84,3.291668,-0.170947592898274,-0.10482743381237938,0.0629180344092804,-1.0508935904733523,a,long_a_short_h
2023-03-14,4.73,3.1671,-0.16466473401645387,-0.10588592738797152,0.06284671557096236,-0.9352725292718472,a,long_a_short_h
2023-03-15,4.82,3.196448,-0.1528149052965827,-0.10689219437170028,0.06262107098857721,-0.7333427902128862,a,long_a_short_h
2023-03-16,4.67,3.071788,-0.15424509552998755,-0.10788611246519997,0.06241620157134697,-0.7427395755859216,a,long_a_short_h
2023-03-17,4.97,3.218436,-0.12737070100430004,-0.10856502580281341,0.06217894214426927,-0.3024444378267676,a,long_a_short_h
2023-03-20,4.92,3.130392,-0.11643543841603032,-0.10915214891693036,0.06191509883677444,-0.11763349547903915,a,long_a_short_h
2023-03-21,4.84,3.115764,-0.12927522509392697,-0.10986504483088293,0.06164738787860895,-0.3148581137170808,a,long_a_short_h
2023-03-22,4.86,3.1671,-0.13755149860789306,-0.11051403226818454,0.061524362070191414,-0.43945951538452743,a,long_a_short_h
2023-03-23,4.92,3.196448,-0.13228030285487502,-0.11117419881301041,0.06132740014774492,-0.3441545539353947,a,long_a_short_h
2023-03-24,4.81,3.115764,-0.13549286170479757,-0.11189890685914379,0.061094276573626045,-0.38618928267724384,a,long_a_short_h
2023-03-27,4.76,3.123124,-0.14773254601023156,-0.11276380999058513,0.06085836992150038,-0.5745920579987878,a,long_a_short_h
2023-03-28,4.83,3.15238,-0.14020858964092198,-0.11376960886352672,0.060299062581956046,-0.438464208982693,a,long_a_short_h
2023-03-29,4.78,3.181728,-0.15764593794582538,-0.11499146451735451,0.05968195996159479,-0.7146962575612283,a,long_a_short_h
2023-03-30,5.12,3.430956,-0.14615524710744676,-0.1159191862336513,0.05928936645796769,-0.5099744301574021,a,long_a_short_h
2023-03-31,5.05,3.408968,-0.15504297695508218,-0.11690183726317546,0.05894866729832678,-0.6470229343588456,a,long_a_short_h
2023-04-03,5.12,3.4603040000000003,-0.15261818269117522,-0.11794348538486457,0.05846012645361429,-0.5931341481757415,a,long_a_short_h
2023-04-04,5.26,3.533628,-0.1415522472022802,-0.11896972283668723,0.057774962993771016,-0.39087042544757156,a,long_a_short_h
2023-04-06,5.27,3.5116400000000003,-0.1349166360003342,-0.11992045026762034,0.057080947957165715,-0.2627178816996383,a,long_a_short_h
2023-04-11,5.59,3.577604,-0.09008875908005343,-0.12036085463899512,0.05663984379755316,0.5344664379220878,h,short_a_long_h
2023-04-12,5.82,3.650928,-0.06516202489225087,-0.12053732500137507,0.05643249467495165,0.9812662089117832,h,short_a_long_h
2023-04-13,5.78,3.6729160000000003,-0.07661472522009138,-0.12088453542478272,0.05602820389459752,0.7901343810337641,h,short_a_long_h
2023-04-14,5.88,3.724252,-0.06999364582594614,-0.12113893742758793,0.05572388695037527,0.9178342430991768,h,short_a_long_h
2023-04-17,6.26,3.907516,-0.0438189883860034,-0.12125114795465407,0.05555283248466037,1.3938471920406896,h,short_a_long_h
2023-04-18,6.22,3.892888,-0.047383392592893925,-0.1213929696084176,0.05534017405120453,1.337357142155804,h,short_a_long_h
2023-04-19,6.13,3.804936,-0.044618754005225636,-0.1214169215789278,0.05530602290963873,1.3886040531096984,h,short_a_long_h
2023-04-20,6.24,3.8341920000000003,-0.03264525472563684,-0.12130287884353125,0.05547600314787967,1.5981256595137923,h,short_a_long_h
2023-04-21,6.22,3.8341920000000003,-0.03585553035588518,-0.12119727579509035,0.05562755477099175,1.5341631641106857,h,short_a_long_h
2023-04-24,6.24,3.826924,-0.031205560251497122,-0.12105328769310356,0.055839308529893585,1.6090408317557592,h,short_a_long_h
2023-04-25,6.5,3.907516,-0.0061969965964192575,-0.1208138647407786,0.05627161452769306,2.036850534792328,h,short_a_long_h
2023-04-26,6.43,3.907516,-0.017024635248482634,-0.12060789102515446,0.05660771162774955,1.8298435460142233,h,short_a_long_h
2023-04-27,6.4,3.9148760000000005,-0.023129043350344825,-0.12037615848460334,0.05695119319454768,1.7075518471063156,h,short_a_long_h
2023-04-28,6.73,3.98084,0.014469463373978586,-0.11990760997952123,0.057827989966876076,2.3237375781255944,h,short_a_long_h
2023-05-04,6.83,3.885528,0.04760730700233706,-0.11914383828569546,0.0594216700359515,2.806234580535084,h,short_a_long_h
2023-05-05,6.8,3.86354,0.04751135192527256,-0.11844957548931384,0.060872590254343134,2.7263654581011596,h,short_a_long_h
2023-05-08,7.32,4.017456,0.09155722395569565,-0.11742610223890668,0.06333360090607214,3.2997227886116605,h,short_a_long_h
2023-05-09,6.9,4.0248159999999995,0.031079485848706234,-0.11684322671570017,0.06437597284807203,2.2977938199630095,h,short_a_long_h
2023-05-10,6.63,4.032176,-0.010223405936434116,-0.11658409757026553,0.06474406268845945,1.642786801094428,h,short_a_long_h
2023-05-11,6.51,3.9734800000000003,-0.017362045925309877,-0.11634324216485224,0.06506084291983572,1.5213635698126657,h,short_a_long_h
2023-05-12,6.4,3.9368640000000004,-0.027378841279188437,-0.11610834429121865,0.06533243509350192,1.3581233101910724,h,short_a_long_h
2023-05-15,6.37,3.9734800000000003,-0.03910203256171574,-0.11593289832876542,0.06551197753337731,1.172775859619038,h,short_a_long_h
2023-05-16,6.41,4.0248159999999995,-0.0425826548219288,-0.11578545874392221,0.06565803808703527,1.1149100103319705,h,short_a_long_h
2023-05-17,6.37,3.9148760000000005,-0.02782756413189902,-0.11549408702629366,0.065972014233994,1.3288441153767578,h,short_a_long_h
2023-05-18,6.57,4.046804,-0.022062121334406326,-0.11521488315312019,0.06629786142158547,1.4050643538312517,h,short_a_long_h
2023-05-19,6.42,3.958852,-0.028484842063671634,-0.11485550515112243,0.0666521509918868,1.295842096648377,h,short_a_long_h
2023-05-22,6.39,3.9734800000000003,-0.03596723375634436,-0.11450228855816809,0.06695882153962843,1.1728858572480119,h,short_a_long_h
2023-05-23,6.27,3.958852,-0.0521266051207121,-0.11426679625911483,0.06712929317343715,0.9256792109795581,h,short_a_long_h
2023-05-24,6.16,3.907516,-0.059922395952582086,-0.11415136187652525,0.06721136788483964,0.8068421701647167,h,short_a_long_h
2023-05-25,6.11,3.826924,-0.052258969449329395,-0.11393162183058587,0.06737139865879029,0.9154129735914238,h,short_a_long_h
2023-05-29,6.5,3.9148760000000005,-0.0076248568143797435,-0.1133765025449532,0.06797295534017683,1.5557900226837238,h,short_a_long_h
2023-05-30,6.54,3.9222360000000003,-0.0029150465949243642,-0.11278722531415307,0.06862384017027866,1.6010788444161554,h,short_a_long_h
2023-05-31,6.4,3.709624,0.0177337732467876,-0.11208528577707902,0.06952615997776244,1.86719731199578,h,short_a_long_h
2023-06-01,6.51,3.797576,0.016995109111541673,-0.11136989713646768,0.07041078271802238,1.823087335388376,h,short_a_long_h
2023-06-02,6.52,3.907516,-0.003124797559449055,-0.11088086079781836,0.07095955507911977,1.5185560720923559,h,short_a_long_h
2023-06-05,6.58,3.9368640000000004,0.00035791369241122695,-0.11035981234629956,0.07154738042615989,1.5474742105055328,h,short_a_long_h
2023-06-06,6.53,4.039536,-0.02680502312280253,-0.11003221094249536,0.07184105965581125,1.1584905375621162,h,short_a_long_h
2023-06-07,6.53,4.039536,-0.02680502312280253,-0.10967145214959541,0.07215131490818993,1.1485089236729442,h,short_a_long_h
2023-06-08,6.67,4.120128,-0.02058139805832737,-0.1092558357640362,0.07252180574253926,1.2227279340025436,h,short_a_long_h
2023-06-09,6.7,4.230068,-0.03607538798629939,-0.10884407577402096,0.07279764285685664,0.9996022526554602,h,short_a_long_h
2023-06-12,6.63,4.171464,-0.035992323343710275,-0.10858311776302675,0.073003627214051,0.9943450372195333,h,short_a_long_h
2023-06-13,6.49,4.083512000000001,-0.04116520572598392,-0.108326664572684,0.07318725581451256,0.9176660348751919,h,short_a_long_h
2023-06-14,6.48,4.120128,-0.04948074762167631,-0.10816981230153219,0.07329384584085029,0.8007365967300021,h,short_a_long_h
2023-06-15,6.45,4.1788240000000005,-0.06485458915486841,-0.1081200636231158,0.07332142812006873,0.5900795385135882,h,short_a_long_h
2023-06-16,6.46,4.2520560000000005,-0.07648755179924516,-0.10813016065690512,0.07331695046089197,0.4315865384299973,h,short_a_long_h
2023-06-19,6.41,4.200812,-0.07505751910386449,-0.10799746831385262,0.07336264425557237,0.44900166214341614,h,short_a_long_h
2023-06-20,6.28,4.149292000000001,-0.08618333989097549,-0.10801282172514612,0.07335784442024074,0.2975752900960036,h,short_a_long_h
2023-06-21,6.41,4.202928,-0.0754396308534877,-0.10788785396135919,0.07340079985710792,0.44206906697256243,h,short_a_long_h
2023-06-26,6.36,4.149292000000001,-0.0735249430190521,-0.10763471386164408,0.07346701334979241,0.464286885873364,h,short_a_long_h
2023-06-27,6.59,4.2182,-0.050497711823006775,-0.10724585086214014,0.07364619270509624,0.7705508859958548,h,short_a_long_h
2023-06-28,6.62,4.2412,-0.050081761154567195,-0.10677090450626285,0.07383084672699088,0.7678246405776543,h,short_a_long_h
2023-06-29,6.56,4.149292000000001,-0.04256271741508533,-0.10623031511859142,0.0740630813000465,0.8596401416999392,h,short_a_long_h
2023-06-30,6.56,4.149292000000001,-0.04256271741508533,-0.10565220471833252,0.07428857906401548,0.8492488091457789,h,short_a_long_h
2023-07-03,6.86,4.333016000000001,-0.030720980726766323,-0.10490517815069604,0.07458950098129763,0.9945662117049217,h,short_a_long_h
2023-07-04,6.84,4.34838,-0.036326421829979694,-0.1042389272649029,0.07484370922909546,0.9073909635750956,h,short_a_long_h
2023-07-05,6.84,4.279472,-0.02420583855459668,-0.10342889692502401,0.07518156432236106,1.0537564505938888,h,short_a_long_h
2023-07-06,6.8,4.179928,-0.01221254342773137,-0.10245088386993019,0.07560078230294054,1.193616490377097,h,short_a_long_h
2023-07-07,6.78,4.126384,-0.005375417198748567,-0.10141798816657552,0.07607578220651104,1.2624591976867907,h,short_a_long_h
2023-07-10,6.7,4.118656,-0.015822592567234173,-0.10047800585900464,0.07643286727092767,1.1075786675867694,h,short_a_long_h
2023-07-11,6.71,4.164656,-0.022758800754956177,-0.09955670158379638,0.07669957383630266,1.0012819757349292,h,short_a_long_h
2023-07-12,6.83,4.2412,-0.01885245752078535,-0.09863798870974409,0.07700241910026448,1.0361431773340832,h,short_a_long_h
2023-07-13,7.23,4.440196,0.0032700018088385185,-0.0974975839980597,0.07749240489416216,1.3003543501395385,h,short_a_long_h
2023-07-14,7.23,4.486196,-0.0045504716831579195,-0.09642454364725311,0.07788279015014583,1.1796453592247576,h,short_a_long_h
2023-07-18,7.07,4.424924000000001,-0.016494232599171266,-0.09544687064986954,0.07814540738900028,1.0103298541612264,h,short_a_long_h
2023-07-19,7.14,4.493832,-0.018367165096477622,-0.09445172940724142,0.07836179081497095,0.9709395806231104,h,short_a_long_h
2023-07-20,7.04,4.45556,-0.025981877313243196,-0.0933964760770706,0.07842459875596582,0.8596103752293554,h,short_a_long_h
2023-07-21,7.03,4.4784679999999994,-0.03129458279317565,-0.0923292848163482,0.07839079120952763,0.7785953054107505,h,short_a_long_h
2023-07-24,6.99,4.40956,-0.02523496493812738,-0.09116778115012085,0.07834331336552207,0.8415883038335942,h,short_a_long_h
2023-07-25,7.05,4.401924,-0.015372787642056185,-0.08988293690058859,0.0783112547911392,0.9514615677817374,h,short_a_long_h
2023-07-26,6.9,4.371288000000001,-0.03157964377366773,-0.08867128987637397,0.07807684967756817,0.7312237409485148,h,short_a_long_h
2023-07-27,6.91,4.363652,-0.028804776548086553,-0.08752039953806004,0.077931603549923,0.7534250588384243,h,short_a_long_h
2023-07-28,7.0,4.3406519999999995,-0.011854286040615003,-0.08615610829829976,0.07781016834567724,0.9549114702797402,h,short_a_long_h
2023-07-31,6.95,4.356016,-0.021703790164607106,-0.08464589348890154,0.07728157749505786,0.8144515855453335,h,short_a_long_h
2023-08-01,7.09,4.417288,-0.01235882547420264,-0.08301651158605843,0.0767205814258397,0.9209743304690087,h,short_a_long_h
2023-08-02,6.7,4.287108000000001,-0.04623875748693673,-0.0816316959257957,0.0758602070810222,0.4665547300847422,h,short_a_long_h
2023-08-03,6.65,4.1952,-0.03728557562931023,-0.08016849861210175,0.07499602900121817,0.5718025814686131,h,short_a_long_h
2023-08-04,6.69,4.2412,-0.03956325696334706,-0.07887271092924478,0.07433468888278838,0.5288170914104615,h,short_a_long_h
2023-08-07,6.75,4.317744,-0.04420681446013486,-0.07762416567125387,0.07363918467016775,0.45379849547216455,h,short_a_long_h
2023-08-08,6.84,4.386652,-0.04297558152630554,-0.07635681402642154,0.07290617557446095,0.45786563671856423,h,short_a_long_h
2023-08-09,6.85,4.43256,-0.049414347088490906,-0.07507454241811837,0.07200252535000486,0.3563791020508384,h,short_a_long_h
2023-08-10,6.95,4.524468000000001,-0.05049361080142889,-0.07383914352718697,0.07112935554563196,0.32821234702149255,h,short_a_long_h
2023-08-11,6.84,4.493832,-0.06129220981351158,-0.07266754740916138,0.07015374056797748,0.16214869661336656,h,short_a_long_h
2023-08-14,6.88,4.417288,-0.04242551407298656,-0.07131164642046497,0.06913698685957557,0.41781011379840954,h,short_a_long_h
2023-08-15,6.88,4.3942879999999995,-0.038464352494076426,-0.06996061460504159,0.06816677040676011,0.46204715175770855,h,short_a_long_h
2023-08-16,6.71,4.32538,-0.051491102339749295,-0.06872634678055738,0.06713271842672366,0.2567338973412882,h,short_a_long_h
2023-08-17,6.75,4.294744,-0.04015408544524113,-0.0673669063252271,0.0660275900802758,0.41214317903925995,h,short_a_long_h
2023-08-18,6.74,4.294744,-0.04163666540546407,-0.06600443159763467,0.06483703484920912,0.3758309776016513,h,short_a_long_h
2023-08-21,6.64,4.225836,-0.04431144180039692,-0.06475393582389918,0.06377890298270839,0.3205212549523561,h,short_a_long_h
2023-08-22,6.78,4.2412,-0.026200029151179915,-0.06335934052135377,0.06276046767081954,0.5920814925260836,h,short_a_long_h
2023-08-23,6.8,4.310108,-0.03548359997428352,-0.062065608327060796,0.06170401224051051,0.4307987015360632,h,short_a_long_h
2023-08-24,6.72,4.30238,-0.04595634354398537,-0.06090824607845449,0.06067575309085886,0.24642302357713483,h,short_a_long_h
2023-08-25,6.77,4.271836,-0.033137353722750174,-0.05962216234997757,0.05959665660448726,0.4444009133430692,h,short_a_long_h
2023-08-28,6.87,4.317744,-0.026585213110315475,-0.05830576342403944,0.0585493666567393,0.5417744396740247,h,short_a_long_h
2023-08-29,6.8,4.3406519999999995,-0.040841822913867176,-0.05723927817468066,0.057678511074442586,0.28429054348594684,h,short_a_long_h
2023-08-30,6.81,4.30238,-0.032652377917622655,-0.05603898488736973,0.05666162295022348,0.4127415656676816,h,short_a_long_h
2023-08-31,6.8,4.333016000000001,-0.03950581028249922,-0.05496314441465054,0.05572419877800596,0.27738997547062527,h,short_a_long_h
2023-09-04,6.98,4.493832,-0.041031024673689354,-0.05393580806641412,0.054820378098571085,0.23540121101538214,h,short_a_long_h
2023-09-05,6.98,4.470832000000001,-0.037137507458027796,-0.052834770239796325,0.05380201459873993,0.2917597584187148,h,short_a_long_h
2023-09-06,7.09,4.4784679999999994,-0.022795948071713035,-0.051534237021724355,0.052602934599481524,0.5463248232978731,h,short_a_long_h
2023-09-07,7.23,4.6086480000000005,-0.024984039341358066,-0.05017543358254319,0.05113259935769305,0.4926679761566827,h,short_a_long_h
2023-09-11,7.14,4.593376,-0.034991692894364546,-0.04898526257306042,0.049781033203127684,0.28110243557212217,h,short_a_long_h
2023-09-12,7.11,4.369724,-0.001327278720513414,-0.04746402681004693,0.04839423103225403,0.9533522303264632,h,short_a_long_h
2023-09-13,7.26,4.369724,0.01955030630104182,-0.045876544316719295,0.04742428797794944,1.3796063875156588,h,short_a_long_h
2023-09-14,7.32,4.624472000000001,-0.015213598981143273,-0.04463111819142505,0.04622578490247411,0.6363876626940148,h,short_a_long_h
2023-09-15,7.28,4.624472000000001,-0.02069306474576882,-0.0435301028535016,0.045189218431316826,0.5053647507190865,h,short_a_long_h
2023-09-18,7.22,4.576632,-0.021078511334463146,-0.04242038131853889,0.044068727508474265,0.4842860502375925,h,short_a_long_h
2023-09-19,7.3,4.568720000000001,-0.008746211127830694,-0.04143184390290165,0.04347358946527031,0.7518503343548958,h,short_a_long_h
2023-09-20,7.31,4.624472000000001,-0.01658065319267621,-0.04059972069270703,0.04297872795547154,0.5588594321571352,h,short_a_long_h
2023-09-21,7.19,4.592548000000001,-0.027876507365656833,-0.039754731378304785,0.04221057754919556,0.28140396796997447,h,short_a_long_h
2023-09-22,7.3,4.624472000000001,-0.017949578800017907,-0.03875804871323915,0.041283836321149556,0.5040343090053659,h,short_a_long_h
2023-09-25,7.2,4.600552,-0.02780792599174764,-0.03788744557271309,0.040386868759356445,0.2495741782068788,h,short_a_long_h
2023-09-26,7.19,4.568720000000001,-0.023929387549220804,-0.03695774995474995,0.03939298780181238,0.3307279577541905,h,short_a_long_h
2023-09-27,7.2,4.632384,-0.033039991208228425,-0.036001978664733265,0.03805124415283923,0.07784206594158968,h,short_a_long_h
2023-09-28,7.19,4.696048,-0.04478697345010252,-0.03520679852980976,0.036832809359981226,-0.26009894674777634,a,long_a_short_h
2023-10-09,7.12,4.48914,-0.020379558978956824,-0.034062912038419185,0.03508854736805629,0.389966358992659,h,short_a_long_h
2023-10-10,7.01,4.536888,-0.04397762999809873,-0.03321143189584129,0.033551683504286764,-0.32088399084003905,a,long_a_short_h
2023-10-11,6.9,4.552804,-0.06245117016349577,-0.03243983350591141,0.0317422303977246,-0.9454703176666402,a,long_a_short_h
2023-10-12,6.91,4.473224,-0.047622644351858145,-0.0315648706864171,0.029788688370321958,-0.539056082826365,a,long_a_short_h
2023-10-13,6.91,4.481136,-0.04896355292641408,-0.03079329823411821,0.028065140447022838,-0.6474314542125648,a,long_a_short_h
2023-10-16,7.02,4.505056,-0.037209530541991276,-0.029979072355298685,0.026386039058222836,-0.2740259032717273,a,long_a_short_h
2023-10-17,7.14,4.536888,-0.025602554693104462,-0.02944168731874078,0.02580174402158017,0.14879353203509535,h,short_a_long_h
2023-10-18,7.19,4.584636,-0.02656815635583043,-0.029120071747603945,0.025592437766137382,0.09971365037956954,h,short_a_long_h
2023-10-19,6.97,4.48914,-0.041672059630408764,-0.028828882867689924,0.02524392047661076,-0.5087631604060242,a,long_a_short_h
2023-10-20,6.92,4.473224,-0.0461765125018585,-0.028630406756655857,0.025010095846355208,-0.7015609157595327,a,long_a_short_h
2023-10-24,6.99,4.401556,-0.023856411494034502,-0.028464051949222784,0.02497458532781185,0.1844931715465636,h,short_a_long_h
2023-10-25,6.6,4.2264800000000005,-0.05046938278035373,-0.028489768534118283,0.02499581029375245,-0.8793319355495797,a,long_a_short_h
2023-10-26,6.71,4.234392,-0.03535919915155672,-0.028412605577004375,0.02495986757714357,-0.2783105139914095,a,long_a_short_h
2023-10-27,6.68,4.250308,-0.042686886015416814,-0.02849628583775254,0.024990990515012336,-0.5678286408511836,a,long_a_short_h
2023-10-30,6.42,4.107064,-0.05637338894027999,-0.028667267992622494,0.025111661463509013,-1.1033169186323502,a,long_a_short_h
2023-10-31,6.41,4.059316,-0.049059084622541826,-0.028816047362381202,0.02517962302319932,-0.8039452076589726,a,long_a_short_h
2023-11-01,6.45,4.107064,-0.05171137583446872,-0.029195333856031614,0.025178840668914747,-0.8942445871320408,a,long_a_short_h
2023-11-02,6.53,4.130984,-0.043790978432693306,-0.02941838671590004,0.025188673708643056,-0.5705973995709652,a,long_a_short_h
2023-11-03,6.6,4.170728,-0.04039358948953575,-0.02956225793372663,0.02520175065039744,-0.429784887012931,a,long_a_short_h
2023-11-06,6.38,4.027484,-0.04777664918241009,-0.0300809755383632,0.02492694257635274,-0.7099014887142283,a,long_a_short_h
2023-11-07,6.38,4.051312,-0.052252643598154735,-0.0309131417933673,0.02395969252087387,-0.8906417219752004,a,long_a_short_h
2023-11-08,6.33,3.9638200000000006,-0.043554329879034626,-0.03167202247506986,0.022872361849468274,-0.519505046403461,a,long_a_short_h
2023-11-09,6.38,3.9479040000000003,-0.032633581781885246,-0.03270694585621637,0.01986111375350145,0.0036938549993547126,h,short_a_long_h
2023-11-10,6.37,3.9319880000000005,-0.03113699003216497,-0.03322541648855696,0.01897426283818795,0.11006627631344844,h,short_a_long_h
2023-11-13,6.43,4.01948,-0.03846074522092757,-0.03346072764926108,0.018861362176780354,-0.26509313191715617,a,long_a_short_h
2023-11-14,6.39,4.0434,-0.0492031611390622,-0.03372607027604234,0.018856952633106463,-0.8207630980547355,a,long_a_short_h
2023-11-15,6.46,4.1469000000000005,-0.05748645052957446,-0.03397696701979556,0.018971736896379914,-1.2391845637636298,a,long_a_short_h
2023-11-16,6.42,4.138896,-0.06223169674823836,-0.034169714221349914,0.019140983918793892,-1.4660679224193551,a,long_a_short_h
2023-11-17,6.34,4.067228,-0.06151708833808378,-0.03432750116731787,0.0192883925288423,-1.4096346872923082,a,long_a_short_h
2023-11-20,6.39,4.12298,-0.06399204589855745,-0.03462887184870669,0.019467673138397052,-1.5083042457671187,a,long_a_short_h
2023-11-21,6.42,4.12298,-0.05930819658613107,-0.03493925580913773,0.019562318146399225,-1.2457082332790326,a,long_a_short_h
2023-11-22,6.41,4.1469000000000005,-0.06525649739150619,-0.03524568627020302,0.019747489657526904,-1.519727906775448,a,long_a_short_h
2023-11-23,6.4,4.130984,-0.06389993135540672,-0.0354784587501952,0.01991994093011577,-1.4267849841985623,a,long_a_short_h
2023-11-24,6.41,4.09906,-0.056452049105164104,-0.03551450411673231,0.019954203102879917,-1.0492799376894164,a,long_a_short_h
2023-11-27,6.42,4.09906,-0.054893202335873026,-0.0354725941699264,0.01990773557319284,-0.975530747560151,a,long_a_short_h
2023-11-28,6.37,4.067228,-0.05679638720314628,-0.03551040598454154,0.019944162501594642,-1.0672787697604658,a,long_a_short_h
2023-11-29,6.36,4.035396,-0.05240553668465231,-0.035883578316793806,0.01983666819556608,-0.8328998703296109,a,long_a_short_h
2023-11-30,6.46,4.083144,-0.045730035216985154,-0.03624036988864432,0.01962258769834276,-0.4836092708171355,a,long_a_short_h
2023-12-01,6.46,4.067228,-0.04276653899270788,-0.03674453915730678,0.01899122932624344,-0.3170937347946966,a,long_a_short_h
2023-12-04,6.48,4.075232,-0.04116710626949027,-0.037229224285482046,0.018339186842282057,-0.2147250048693114,a,long_a_short_h
2023-12-05,6.36,4.003564,-0.0463963782401402,-0.03758982079115447,0.01808664680351767,-0.4869093505642485,a,long_a_short_h
2023-12-06,6.13,3.9558160000000004,-0.07412608459951442,-0.03821052077692052,0.018051449375638528,-1.9896221669083274,a,long_a_short_h
2023-12-07,6.1,3.868324,-0.0620614647642479,-0.0385043244572659,0.018150895943538435,-1.2978500003669593,a,long_a_short_h
2023-12-08,6.19,3.868324,-0.047415149247008515,-0.03867607550830095,0.018136767322122663,-0.4818429648180973,a,long_a_short_h
2023-12-11,6.18,3.8603199999999998,-0.047460331039957726,-0.038900066616481196,0.018077299542220985,-0.4735366808235569,a,long_a_short_h
2023-12-12,6.22,3.8762360000000005,-0.0441307050893347,-0.0389671942590065,0.018081677974160052,-0.28556591029367995,a,long_a_short_h
2023-12-13,6.09,3.8364000000000003,-0.05741419048310914,-0.03914570981850149,0.018157647647110465,-1.0061039304017347,a,long_a_short_h
2023-12-14,6.08,3.8444040000000004,-0.06063899860967914,-0.039307991425865614,0.018262567415033213,-1.1680179844951297,a,long_a_short_h
2023-12-15,6.06,3.9239840000000004,-0.07948049883460429,-0.03955798935264001,0.018605115490942587,-2.145781331021541,a,long_a_short_h
2023-12-18,6.09,3.9160719999999998,-0.07301072570275857,-0.03962595715720576,0.01871289081197966,-1.7840519073718144,a,long_a_short_h
2023-12-19,6.1,3.8921520000000003,-0.06672105710890408,-0.039544569701452925,0.018571930123754254,-1.4633098028239575,a,long_a_short_h
2023-12-20,6.1,3.8921520000000003,-0.06672105710890408,-0.03947509918482825,0.018453185552758385,-1.4764907579874793,a,long_a_short_h
2023-12-21,6.1,3.9001560000000004,-0.06827985011848181,-0.03932590343672414,0.018142125543763463,-1.5959511806879145,a,long_a_short_h
2023-12-22,6.15,3.9398999999999997,-0.06780967630588419,-0.03926232048216078,0.01802750197419235,-1.5835447342949112,a,long_a_short_h
2023-12-27,6.41,4.083144,-0.05350008207891688,-0.03909544664099298,0.01779891257910315,-0.8092986228178731,a,long_a_short_h
2023-12-28,6.36,4.107064,-0.06576312929011907,-0.039222658453218914,0.01793512236512794,-1.4798042799252924,a,long_a_short_h
2023-12-29,6.36,4.107064,-0.06576312929011907,-0.03935333652101518,0.01807151813712659,-1.4614042145605322,a,long_a_short_h
2024-01-02,6.43,4.138896,-0.06067527620058022,-0.03950427451089431,0.018173899346798524,-1.1649124541572498,a,long_a_short_h
2024-01-03,6.55,4.162816,-0.04655738786781627,-0.03953756343133373,0.01818320465126874,-0.3860609046157729,a,long_a_short_h
2024-01-04,6.69,4.274228,-0.04544932529471235,-0.03966029963606662,0.018172897895388382,-0.31855269819761517,a,long_a_short_h
2024-01-05,6.74,4.329888,-0.047820535355537874,-0.039756083915446265,0.01818546508034366,-0.4434558810821027,a,long_a_short_h
2024-01-08,6.73,4.313972,-0.04651101023189397,-0.03994196034609041,0.018139121233447075,-0.3621481879558067,a,long_a_short_h
2024-01-09,6.72,4.28214,-0.04237832470275338,-0.040193341856715595,0.017959742742178163,-0.12166003029132409,a,long_a_short_h
2024-01-10,6.67,4.250308,-0.044185013636438786,-0.04051675516036301,0.017674656591762997,-0.20754340866714843,a,long_a_short_h
2024-01-11,6.51,4.170728,-0.05412378230143755,-0.040835931741481375,0.017570494143561686,-0.75625935453985,a,long_a_short_h
2024-01-12,6.51,4.210564,-0.06133677262506798,-0.04115741484039897,0.017589877034293593,-1.1472142610961358,a,long_a_short_h
2024-01-15,6.6,4.20256,-0.04616281235749997,-0.04138500113070493,0.017475162815662797,-0.27340582043176964,a,long_a_short_h
2024-01-16,6.61,4.154812,-0.03597844006348416,-0.04171207147964095,0.01699300428231183,0.3374112853090359,h,short_a_long_h
2024-01-17,6.48,4.01948,-0.030714773106272242,-0.04193010732483357,0.016677099597348474,0.6724990849334784,h,short_a_long_h
2024-01-18,6.47,3.9638200000000006,-0.021678457522310346,-0.04197330919919306,0.016617261981343646,1.2213114109693841,h,short_a_long_h
2024-01-19,6.43,3.9558160000000004,-0.026346296298106475,-0.04203980195920663,0.016537783841804796,0.9489485296953487,h,short_a_long_h
2024-01-22,6.35,3.9001560000000004,-0.028113808393147144,-0.042057568051539165,0.01652152543219035,0.8439753166632035,h,short_a_long_h
2024-01-23,6.31,3.9398999999999997,-0.04212608157118902,-0.04214783054135594,0.016491790846733887,0.0013187755271119195,h,short_a_long_h
2024-01-24,6.54,4.178732,-0.05098084913267242,-0.042362379576310484,0.016437294680820422,-0.5243240888306427,a,long_a_short_h
2024-01-25,7.19,4.512968000000001,-0.014613019085066181,-0.04235604817166891,0.016447920927838897,1.6867195074878014,h,short_a_long_h
2024-01-26,7.65,4.5448,0.04206820817079637,-0.041742316072131705,0.01814036826995777,4.620111510179567,h,short_a_long_h
2024-01-29,7.56,4.608464,0.01967840963256795,-0.04133828952062625,0.0189526653805069,3.219425760344547,h,short_a_long_h
2024-01-30,7.56,4.536888,0.03155585914684411,-0.04097653831073076,0.01991025373562787,3.6429670068836795,h,short_a_long_h
2024-01-31,7.53,4.497052,0.03427159876895369,-0.040510076736284414,0.02099189503438859,3.5624070805771444,h,short_a_long_h
2024-02-01,7.34,4.449304,0.016814941549795348,-0.040266962011084435,0.02148383629274551,2.656969769414727,h,short_a_long_h
2024-02-02,7.29,4.560716,-0.008786526462734257,-0.03995486008588275,0.02166760699778945,1.438476045200945,h,short_a_long_h
2024-02-05,7.48,4.568720000000001,0.015612232704209639,-0.039514045016436745,0.02225256033590092,2.4773004494098156,h,short_a_long_h
2024-02-06,7.31,4.552804,-0.004729308005022359,-0.03922376210845071,0.022477974344644984,1.5345890859443079,h,short_a_long_h
2024-02-07,7.48,4.536888,0.02091746094178837,-0.038681059813434684,0.023133273564520232,2.576311588111334,h,short_a_long_h
2024-02-08,7.46,4.481136,0.027622223509676802,-0.038092744771468165,0.023907876741399242,2.7486743800779236,h,short_a_long_h
2024-02-19,7.79,4.632384,0.045719842652418796,-0.03729995985696058,0.02507798794495875,3.3104650457441607,h,short_a_long_h
2024-02-20,7.78,4.696048,0.03407819300724246,-0.03659519482522165,0.025879636892332393,2.7308492822557024,h,short_a_long_h
2024-02-21,7.84,4.727880000000001,0.03663466151732453,-0.03577913756413135,0.02662747561410805,2.7195142390099054,h,short_a_long_h
2024-02-22,8.29,4.998544000000001,0.050204545862920114,-0.03500722039799879,0.027752082095200623,3.0704639013609443,h,short_a_long_h
2024-02-23,8.17,4.982628,0.038043400445139985,-0.03436965579017199,0.028539645434450162,2.5372794627610293,h,short_a_long_h
2024-02-26,7.96,4.926876,0.020541575829890357,-0.033769383472091664,0.028931346180304733,1.8772358176321116,h,short_a_long_h
2024-02-27,8.0,4.93488,0.024322430960503905,-0.03323207916871045,0.029406590926428805,1.957197632095734,h,short_a_long_h
2024-02-28,7.96,4.903048,0.024220201600589242,-0.03268327194366001,0.029859467478120582,1.9057095906330235,h,short_a_long_h
2024-02-29,7.96,4.91096,0.022996748595434102,-0.03212237035702808,0.030268579967050558,1.8210011507795594,h,short_a_long_h
2024-03-01,7.91,4.863212000000001,0.024109076572149002,-0.031703127809333674,0.030696680196344486,1.818183726204017,h,short_a_long_h
2024-03-04,8.21,4.950796,0.04779052137923312,-0.031009176798054372,0.031540185779936926,2.4983904256966327,h,short_a_long_h
2024-03-05,8.15,4.83138,0.05898213473488845,-0.030134689479063757,0.03256054037527746,2.7369577773229077,h,short_a_long_h
2024-03-06,8.09,4.83138,0.05159293855251734,-0.029428603710103193,0.03340269051353429,2.425599286075227,h,short_a_long_h
2024-03-07,8.17,4.887132,0.052727234532698564,-0.028767666646411408,0.034233761978224586,2.3805417947039316,h,short_a_long_h
2024-03-08,8.27,4.926876,0.05874708500919845,-0.02793775908038586,0.03513389772613378,2.467270917826609,h,short_a_long_h
2024-03-11,8.1,4.982628,0.029438553251621924,-0.02742033465397549,0.035518983891304035,1.6008027729508878,h,short_a_long_h
2024-03-12,7.82,4.958708000000001,-0.0020895103447433616,-0.027108532154494193,0.035576183283673575,0.7032519933421982,h,short_a_long_h
2024-03-13,7.82,4.958708000000001,-0.0020895103447433616,-0.026784019535086308,0.03562569083729893,0.693165763525029,h,short_a_long_h
2024-03-14,7.91,5.062208,-0.006320855398747494,-0.026527214101258974,0.035661483159975985,0.5666157689478748,h,short_a_long_h
2024-03-15,7.97,5.125872,-0.008247336631947988,-0.026405975672594267,0.035698985707228126,0.5086598030982606,h,short_a_long_h
2024-03-18,7.98,5.0382880000000005,0.006083679451511337,-0.02614707801598702,0.03582182853015579,0.8997518772768853,h,short_a_long_h
2024-03-19,8.01,5.094040000000001,0.0014857128658458674,-0.02584309963465193,0.03590082746253101,0.7612307133873263,h,short_a_long_h
2024-03-20,8.23,5.1178680000000005,0.025039942940959792,-0.02562337278747299,0.03613207856234359,1.4021699759402568,h,short_a_long_h
2024-03-21,8.26,5.229372000000001,0.012324287200943917,-0.025683589613307137,0.03606211419382398,1.053955866535421,h,short_a_long_h
2024-03-22,8.18,5.101952000000001,0.02130948501989871,-0.02537923057996512,0.036304531949011974,1.2860299553079477,h,short_a_long_h
2024-03-25,8.36,5.141788,0.0371742033203335,-0.024897003346080936,0.03674890183396263,1.689062898991159,h,short_a_long_h
2024-03-26,8.29,5.1736200000000006,0.024082723116346738,-0.02452065972565752,0.037018592775109785,1.3129451769620952,h,short_a_long_h
2024-03-27,8.26,5.149792,0.023960118020192267,-0.024248106982757325,0.03725535407886348,1.2939945464187692,h,short_a_long_h
2024-03-28,8.33,5.3248679999999995,0.0070316744044063295,-0.024051337586114975,0.037358404518276246,0.832021934323107,h,short_a_long_h
2024-04-02,8.97,5.6830240000000005,0.03166051748647836,-0.02355519571234718,0.037700950242210145,1.4645708621159843,h,short_a_long_h
2024-04-03,9.17,5.706944,0.05052509412276196,-0.022984573437990683,0.0382999472845803,1.9193151106593795,h,short_a_long_h
2024-04-08,9.25,5.7387760000000005,0.0549908073785883,-0.02229458399323788,0.03895258856025129,1.9840887147277075,h,short_a_long_h
2024-04-09,9.11,5.706944,0.04396051912625554,-0.021728834770942246,0.03941887232553118,1.6664442695041657,h,short_a_long_h
2024-04-10,9.25,5.874016,0.03731678190750798,-0.021142528328311108,0.039770882038276285,1.4699022812608653,h,short_a_long_h
2024-04-11,9.21,5.889932,0.030929894026019866,-0.020511554432676757,0.03999261969015566,1.2862735388989568,h,short_a_long_h
2024-04-12,9.25,5.826268000000001,0.04350988799744515,-0.01997914237454007,0.040417408064972016,1.5708337919622402,h,short_a_long_h
2024-04-15,9.61,5.9536880000000005,0.06527490514578371,-0.019068704581674385,0.04109706849853126,2.0523023370991145,h,short_a_long_h
2024-04-16,9.81,5.993432,0.08082451483089192,-0.017874740540054487,0.041899526341590915,2.355617449378518,h,short_a_long_h
2024-04-17,9.84,5.913852,0.09402045230956269,-0.016694381401209313,0.043034212819703155,2.5727166005016677,h,short_a_long_h
2024-04-18,9.56,5.826268000000001,0.07647406353642117,-0.015649067930685687,0.04376111732547869,2.1051366394950506,h,short_a_long_h
2024-04-19,9.83,5.961600000000001,0.08690192127209517,-0.014614805832234967,0.04470375874137153,2.2708767665744514,h,short_a_long_h
2024-04-22,9.57,5.802440000000001,0.08062913859598253,-0.013729541721492575,0.04552857950403074,2.072515359481429,h,short_a_long_h
2024-04-23,9.32,5.7626040000000005,0.05938586247262023,-0.013013258231255487,0.0459986115525807,1.5739414356260901,h,short_a_long_h
2024-04-24,9.39,5.786524,0.06372541447473257,-0.012134945947045976,0.04645081654824706,1.6331329793306149,h,short_a_long_h
2024-04-25,9.49,5.8581,0.06499060041615956,-0.011208553339395825,0.046872817538756495,1.6256576360606143,h,short_a_long_h
2024-04-26,9.62,6.001436,0.06025385679079731,-0.010507634437022228,0.047308944836832165,1.4957317579556013,h,short_a_long_h
2024-04-29,9.2,5.810352,0.04016547316672936,-0.009752343970796534,0.04738901957597794,1.0533625211953073,h,short_a_long_h
2024-04-30,9.25,5.874016,0.03731678190750798,-0.009146710795304328,0.047523223741716684,0.977700775421636,h,short_a_long_h
2024-05-06,9.01,5.69894,0.033987820426241155,-0.008507754908290512,0.04758389418017554,0.8930663634553101,h,short_a_long_h
2024-05-07,9.11,5.7626040000000005,0.036595945046987044,-0.00773301045839662,0.047554851885955214,0.9321647265707438,h,short_a_long_h
2024-05-08,9.12,5.794436,0.03351313937081346,-0.007044908591785326,0.047549248328671134,0.8529692768695817,h,short_a_long_h
2024-05-09,9.07,5.8421840000000005,0.021788610431315414,-0.006432408706237125,0.04744231798580771,0.5948490785377478,h,short_a_long_h
2024-05-10,9.08,6.1128480000000005,-0.01147327032190093,-0.0061630944719805215,0.04732003454958726,-0.11221834262094227,a,long_a_short_h
2024-05-13,9.02,6.0651,-0.012152941755402491,-0.005927755740862744,0.047218480222327164,-0.13183791568954775,a,long_a_short_h
2024-05-14,8.94,6.001436,-0.013054818701395021,-0.005638407153520953,0.047066020008891866,-0.1575746482594648,a,long_a_short_h
2024-05-16,8.85,5.945684,-0.016091082863115558,-0.005337060814062293,0.046880457014259025,-0.2293924320273233,a,long_a_short_h
2024-05-17,8.93,6.025264,-0.01718070546098338,-0.005117280610578532,0.04676145512803223,-0.25797796106591114,a,long_a_short_h
2024-05-20,9.19,6.14468,-0.0033725528892805112,-0.00487343870314016,0.04669300514227792,0.03214369709737701,h,short_a_long_h
2024-05-21,9.12,6.14468,-0.011018685170635978,-0.004705786162627418,0.04663399306720037,-0.13537118725629105,a,long_a_short_h
2024-05-22,9.05,6.096932000000001,-0.012804489430127353,-0.004491984031037416,0.046536648085501384,-0.1786227788434062,a,long_a_short_h
2024-05-23,8.92,6.104844,-0.028257335715230925,-0.004317435485838822,0.046406637158231505,-0.5158723341181747,a,long_a_short_h
2024-05-24,8.98,6.104844,-0.021553399993040623,-0.004017993398034373,0.046176034668952974,-0.379751243707299,a,long_a_short_h
2024-05-27,9.22,6.319756,-0.021430637656473017,-0.0036779845722696622,0.04589313558401368,-0.38682589146049284,a,long_a_short_h
2024-05-28,9.36,6.455088,-0.0224375127063432,-0.0033523214420051574,0.04561707981663179,-0.41837818950830047,a,long_a_short_h
2024-05-29,9.45,6.455088,-0.012868061690192611,-0.0029262882402687836,0.045283498317464026,-0.21954517250911434,a,long_a_short_h
2024-05-30,9.18,6.335672,-0.027687025457747705,-0.002662778480865589,0.04504401891818359,-0.5555509383462275,a,long_a_short_h
2024-05-31,9.13,6.343676,-0.03410651791111019,-0.0024031953185289557,0.04476918604606294,-0.7081505247819725,a,long_a_short_h
2024-06-03,9.15,6.399336,-0.038546923864588356,-0.0021919202561054693,0.04453574585455822,-0.8163106491403234,a,long_a_short_h
2024-06-04,8.99,6.287924,-0.042861254672710736,-0.0020786636358350245,0.04441371394039442,-0.9182432050516678,a,long_a_short_h
2024-06-05,8.8,6.160596,-0.04869963145941769,-0.0020270505451978967,0.04435538296938136,-1.0522416399028276,a,long_a_short_h
2024-06-06,8.99,6.216348,-0.03417442947150029,-0.0018385342307675133,0.04416832860227252,-0.732105928931824,a,long_a_short_h
2024-06-07,8.99,6.1686000000000005,-0.0283236938165512,-0.001637852206866671,0.04399099583946848,-0.606620539054543,a,long_a_short_h
2024-06-11,8.84,6.104844,-0.03726640565759687,-0.001567321960538435,0.043926446768150496,-0.8127013752212384,a,long_a_short_h
2024-06-12,9.0,6.104844,-0.0193287049709292,-0.0013720066770236128,0.043793624860335244,-0.4100299610085331,a,long_a_short_h
2024-06-13,8.92,6.12076,-0.0302329910359318,-0.0012808890500772923,0.043721446192884976,-0.6621945179518338,a,long_a_short_h
2024-06-14,8.85,6.0570960000000005,-0.03017780424305072,-0.0011457342667682132,0.04360572492784278,-0.6657857431409236,a,long_a_short_h
2024-06-17,8.69,5.9536880000000005,-0.035356378559116663,-0.0008226533830982319,0.043202217616279494,-0.7993507528420347,a,long_a_short_h
2024-06-18,8.79,6.005484000000001,-0.030487326458804587,-0.0005595355638862043,0.04292135218366773,-0.6972704579961111,a,long_a_short_h
2024-06-19,8.9,6.277252000000001,-0.051633910248807036,-0.0005946919055678586,0.04296176228519361,-1.188015007494918,a,long_a_short_h
2024-06-20,9.06,6.425556,-0.05153429106103746,-0.0006286415724101898,0.04300070016435517,-1.1838330374635342,a,long_a_short_h
2024-06-21,8.98,6.326748,-0.048644824486613114,-0.0006662592340541765,0.04304103182250413,-1.1147168927180136,a,long_a_short_h
2024-06-24,9.03,6.334936,-0.044073711571243956,-0.0005550885764553001,0.0429102557885383,-1.0141776644084433,a,long_a_short_h
2024-06-25,9.05,6.384432,-0.047766786147929174,-0.00044782013927405033,0.04277466888902119,-1.1062380431611079,a,long_a_short_h
2024-06-26,8.94,6.359684000000001,-0.05704896737326437,-0.000260890710429551,0.04247434578980535,-1.336997088639445,a,long_a_short_h
2024-06-27,8.93,6.236128000000001,-0.04328144484512708,-1.3146703282621945e-05,0.04213176612671997,-1.0269756556538867,a,long_a_short_h
2024-06-28,9.51,6.507988,-0.012731873344246969,0.000436763161422854,0.04169947813672593,-0.3157985925505343,a,long_a_short_h
2024-07-02,9.82,6.779848,-0.011707300348956506,0.0008952111344224171,0.04125497833549198,-0.30547856263293405,a,long_a_short_h
2024-07-03,9.74,6.92806,-0.03629609056788574,0.0011617424640107178,0.040906153551488675,-0.9157016678370454,a,long_a_short_h
2024-07-04,9.8,7.0351479999999995,-0.04179370929224957,0.0013785421891243396,0.040605373695473124,-1.063215223806374,a,long_a_short_h
2024-07-05,9.71,6.952808000000001,-0.04208657376473357,0.0014736547584092005,0.04048894814618626,-1.075854783035301,a,long_a_short_h
2024-07-08,9.83,6.92806,-0.02709827406325438,0.0017958618852997395,0.04010137863172695,-0.7205272470531472,a,long_a_short_h
2024-07-09,9.8,6.796316,-0.015586857032729107,0.002213997487444656,0.03965007749037954,-0.4489487952323134,a,long_a_short_h
2024-07-10,9.52,6.598608,-0.02217362855789795,0.002534844551133675,0.03929105476625168,-0.6288574652939709,a,long_a_short_h
2024-07-11,9.64,6.656200000000001,-0.016241214426817363,0.002787479329808666,0.039069587278117,-0.4870461932748407,a,long_a_short_h
2024-07-12,9.52,6.606796,-0.02311459367609503,0.0029736020932971436,0.038890652181312796,-0.6708089040977234,a,long_a_short_h
2024-07-15,9.65,6.573860000000001,-0.005759407238446368,0.003324111494272906,0.03861759674833782,-0.23521709007203423,a,long_a_short_h
2024-07-16,9.68,6.524456000000001,0.0030685313936293923,0.003737274341152267,0.038344192661719824,-0.017440527524537015,a,long_a_short_h
2024-07-17,9.3,6.145508,0.00842367130314825,0.004160624307868114,0.03811049647121324,0.11186018000317126,h,short_a_long_h
2024-07-18,9.4,6.145508,0.019118960419896247,0.004688157425004239,0.03787305633927144,0.3810308538507989,h,short_a_long_h
2024-07-19,9.19,5.8571800000000005,0.03298709842699288,0.005414081431074493,0.037569944753928386,0.7339115661870995,h,short_a_long_h
2024-07-22,8.87,5.824244,0.0018247737203962444,0.005940427650620028,0.03706598146801181,-0.11103588161494175,a,long_a_short_h
2024-07-23,8.76,5.799496,-0.007423078627934343,0.006263258765033075,0.036775937530629355,-0.37215468352284864,a,long_a_short_h
2024-07-24,8.81,5.832432,-0.006028566213578834,0.00651284104711562,0.03658800063356811,-0.34277377947753135,a,long_a_short_h
2024-07-25,8.44,5.618256,-0.020545540312184363,0.006597584653733018,0.036512750394349,-0.7433875748269642,a,long_a_short_h
2024-07-26,8.39,5.610068,-0.025380678406089707,0.006566732813034857,0.03653839842183489,-0.8743517121438247,a,long_a_short_h
2024-07-29,8.42,5.692408,-0.03286722423778454,0.0065123917468708735,0.03659256797366125,-1.0761643187491035,a,long_a_short_h
2024-07-30,8.09,5.5111680000000005,-0.0482965628719747,0.006344202126213977,0.03679885832609642,-1.484849462284525,a,long_a_short_h
2024-07-31,8.27,5.610068,-0.03978668984960487,0.0063636970572271785,0.03677357542612498,-1.254987756073496,a,long_a_short_h
2024-08-01,8.32,5.717156,-0.048106488709088735,0.0063876500607570426,0.03673682710404347,-1.4833654146426771,a,long_a_short_h
2024-08-02,8.16,5.610068,-0.053177029909189155,0.006066283303889351,0.03708906736235108,-1.5973255038819358,a,long_a_short_h
2024-08-05,7.76,5.30518,-0.06103874948805621,0.005207058656732246,0.03744066746108393,-1.769354358162679,a,long_a_short_h
2024-08-06,7.82,5.272244,-0.04861111722133904,0.004637979266283021,0.03773667497090481,-1.4110701732115354,a,long_a_short_h
2024-08-07,7.92,5.412268,-0.0557937880400623,0.003910065539725467,0.03805420538390082,-1.5689160495529892,a,long_a_short_h
2024-08-08,7.88,5.379332000000001,-0.05622546179120724,0.0031559233683907933,0.03834307694879037,-1.5486859658891141,a,long_a_short_h
2024-08-09,8.05,5.494700000000001,-0.05098247924631094,0.002590944861756574,0.03863847607915786,-1.3865304624932084,a,long_a_short_h
2024-08-12,8.03,5.494700000000001,-0.05347004271811295,0.002218582226295085,0.0389629901117612,-1.4292697964060543,a,long_a_short_h
2024-08-13,8.1,5.544104000000001,-0.05158239389862018,0.0016586270046048365,0.03925066679220463,-1.3564360876997619,a,long_a_short_h
2024-08-14,8.09,5.535916,-0.05169626216221168,0.001267235719961592,0.03954794159248193,-1.339222618156229,a,long_a_short_h
2024-08-15,8.16,5.5605720000000005,-0.04645280522893458,0.0007058168352055675,0.03974434798750526,-1.1865491435150923,a,long_a_short_h
2024-08-16,8.3,5.66766,-0.04391550464286076,0.00010966910060108784,0.03987352829294692,-1.1041203432014641,a,long_a_short_h
2024-08-19,8.36,5.684128,-0.038914120372957495,-0.0005956139246103813,0.03980844575740978,-0.9625722813158226,a,long_a_short_h
2024-08-20,8.19,5.552384,-0.04166493772844282,-0.001226806680741092,0.039854501979491884,-1.0146439935069358,a,long_a_short_h
2024-08-21,8.23,5.552384,-0.03679282090444236,-0.0018387023675891492,0.0398319894529513,-0.8775388580111037,a,long_a_short_h
2024-08-22,8.2,5.593508000000001,-0.04604393079449509,-0.0026407730064009426,0.03974417172287609,-1.092063462555744,a,long_a_short_h
2024-08-23,8.23,5.568852,-0.03903998840818779,-0.0032831345801786743,0.039703998129859745,-0.9005857221496757,a,long_a_short_h
2024-08-26,8.34,5.659472,-0.038010806491015625,-0.0037710710995195575,0.039768480525823886,-0.860976706647424,a,long_a_short_h
2024-08-27,8.59,5.890116000000001,-0.03878492405135536,-0.004296965724618384,0.03981109283130787,-0.8662901687445083,a,long_a_short_h
2024-08-28,8.46,5.8489,-0.0487062528109361,-0.004904686178047762,0.039928558830947695,-1.0969984370920687,a,long_a_short_h
2024-08-29,8.2,5.799496,-0.07348482930602684,-0.005708699327226604,0.04033136495943092,-1.6804819288158446,a,long_a_short_h
2024-08-30,8.23,5.824244,-0.0730640079121132,-0.006518475031262122,0.04070147627775865,-1.634966074122843,a,long_a_short_h
2024-09-02,8.3,5.791216,-0.06027937307111686,-0.007419057485015038,0.04068531124567131,-1.2992481553579331,a,long_a_short_h
2024-09-03,8.03,5.708876,-0.08248449512669431,-0.008597946067194894,0.040794523008672666,-1.811187963732082,a,long_a_short_h
2024-09-04,7.6,5.362864,-0.09007865909981705,-0.009778542714297681,0.04108690183494483,-1.954396968359958,a,long_a_short_h
2024-09-05,7.49,5.206372,-0.0821868391595959,-0.01090282666173347,0.04120783500829742,-1.7298655093990989,a,long_a_short_h
2024-09-09,7.21,4.885108,-0.07195840904856121,-0.0119920391122148,0.04107857833406569,-1.4597966231615525,a,long_a_short_h
2024-09-10,7.28,4.885108,-0.06229649813682436,-0.012756497873785185,0.04115459878181538,-1.2037536928905497,a,long_a_short_h
2024-09-11,7.14,4.816660000000001,-0.07100766761547028,-0.013330815851041242,0.04148405103299033,-1.390337981181282,a,long_a_short_h
2024-09-12,7.22,4.808104,-0.05851644080852392,-0.013801040271572747,0.041674921701010205,-1.0729570377541287,a,long_a_short_h
2024-09-13,7.28,4.84242,-0.0556368170392858,-0.014212006618577234,0.04184335580791612,-0.9899973274340399,a,long_a_short_h
2024-09-19,7.44,4.936904,-0.048559406423465346,-0.014547940533506545,0.0419567333165324,-0.8106318867431251,a,long_a_short_h
2024-09-20,7.49,5.031296,-0.05623218520971118,-0.015067239405683398,0.0420846766414209,-0.9781457073977399,a,long_a_short_h
2024-09-23,7.59,5.108576,-0.05453558278024717,-0.015534083536067507,0.04221004675900827,-0.9239861653518816,a,long_a_short_h
2024-09-24,7.92,5.340416,-0.04565290510008846,-0.016123190603076244,0.042132257125857095,-0.7008813795283105,a,long_a_short_h
2024-09-25,7.96,5.469216,-0.058698209031368354,-0.01671504473834551,0.042228018697859714,-0.9942016127588463,a,long_a_short_h
2024-09-26,7.95,5.357620000000001,-0.0443126500512947,-0.01726189586393879,0.042156305730834,-0.6416775312351534,a,long_a_short_h
2024-09-27,7.94,5.409140000000001,-0.05283305630679802,-0.01801195636083155,0.04197997192566611,-0.829469348088754,a,long_a_short_h
2024-09-30,8.55,5.443456,0.016386381793394467,-0.018076092538522822,0.04192095774736004,0.8220822276916505,h,short_a_long_h
2024-10-08,8.85,5.460660000000001,0.04847821324795376,-0.017871775078291473,0.04218646685127907,1.5727789805235501,h,short_a_long_h
2024-10-09,8.01,5.288896,-0.02699769356001669,-0.018155353144661667,0.042131996551008084,-0.2098723331245372,a,long_a_short_h
2024-10-10,8.28,5.494976,-0.02284971513794387,-0.018609605083198522,0.041883508473153974,-0.10123578967753209,a,long_a_short_h
2024-10-14,8.29,5.503532,-0.022823264469338467,-0.01922084140479936,0.04139850205046833,-0.08701819839151291,a,long_a_short_h
2024-10-15,7.99,5.33186,-0.035636713790136776,-0.019976070747872065,0.04085639414471,-0.38330947627918405,a,long_a_short_h
2024-10-16,7.98,5.245932,-0.024560950396067316,-0.020547082993891422,0.04043192797329446,-0.09927469708659648,a,long_a_short_h
2024-10-17,7.91,5.142984,-0.018332917260709625,-0.021010830486959904,0.040080279043562476,0.06681373708350952,h,short_a_long_h
2024-10-18,8.09,5.237376,-0.009632062791597562,-0.021348846793773378,0.03980867587393243,0.294327398361125,h,short_a_long_h
2024-10-21,8.01,5.15154,-0.007031219189275406,-0.021770022686996054,0.03938177740428962,0.3742544006181711,h,short_a_long_h
2024-10-22,8.01,5.185856,-0.012068943860286563,-0.02241455476204664,0.03856974948538713,0.26823121850142445,h,short_a_long_h
2024-10-23,8.03,5.220264,-0.014593048182233392,-0.023209701120489347,0.03738898896638628,0.230459640029383,h,short_a_long_h
2024-10-24,8.01,5.20306,-0.01458202738559744,-0.02411472178461568,0.03580851072585545,0.26621309308279,h,short_a_long_h
2024-10-25,7.95,5.177300000000001,-0.01833484812713415,-0.024904796048478648,0.03459587585734537,0.18990552366517321,h,short_a_long_h
2024-10-28,7.93,5.10002,-0.009442240825023651,-0.02570766406595464,0.033063356225662664,0.4919471311356563,h,short_a_long_h
2024-10-29,7.77,4.988424,-0.013037478474220432,-0.026488219208206328,0.03160536380211976,0.4255841134498746,h,short_a_long_h
2024-10-30,7.68,4.971220000000001,-0.022066695195638086,-0.027166990522108476,0.030604400163827702,0.16665235388271354,h,short_a_long_h
2024-10-31,7.67,5.014184,-0.029899264516431767,-0.027947196180368183,0.029438995082967705,-0.06630893244018977,a,long_a_short_h
2024-11-01,7.86,5.065704,-0.013185870967988178,-0.02859866677523608,0.02820414928074204,0.546472636129885,h,short_a_long_h
2024-11-04,7.77,5.057056,-0.02340583794994977,-0.029295830898075637,0.026997553631912447,0.21816765431530072,h,short_a_long_h
2024-11-05,7.84,5.134336,-0.02594488721871202,-0.029846750567954317,0.026231870876821578,0.14874514164713942,h,short_a_long_h
2024-11-06,7.83,4.971220000000001,-0.0027237323525071133,-0.030180421520121112,0.02561783986132609,1.0717800297074978,h,short_a_long_h
2024-11-07,7.91,4.99698,0.003519811961203212,-0.030434321590663095,0.025122720509968253,1.351530919527362,h,short_a_long_h
2024-11-08,7.82,4.911144,0.00522387435931515,-0.03069575551306036,0.0245766213605044,1.461536528780143,h,short_a_long_h
2024-11-11,7.66,4.859624,-0.007446697220819809,-0.0310370874846573,0.023953909421055224,0.98482422427054,h,short_a_long_h
2024-11-12,7.58,4.748028,-0.0003176768983108591,-0.03122130654573752,0.02362701040073017,1.3079788396111092,h,short_a_long_h
2024-11-13,7.65,4.765140000000001,0.006145017979763967,-0.03107448747655698,0.023804827808101003,1.5635276069358839,h,short_a_long_h
2024-11-14,7.61,4.687860000000001,0.01330918993859731,-0.030862303045773646,0.024086711820114157,1.833853176567029,h,short_a_long_h
2024-11-15,7.61,4.696508,0.011910704009768125,-0.030654257023180625,0.02434821311175517,1.7481759682971825,h,short_a_long_h
2024-11-18,7.72,4.799548,0.009794423345271808,-0.03043854447144406,0.024591767461683744,1.6360340052581648,h,short_a_long_h
2024-11-19,7.7,4.84242,0.00045264961175783824,-0.030291599845837885,0.0247239809163263,1.2434991582319974,h,short_a_long_h
2024-11-20,7.7,4.859624,-0.0022383521136817297,-0.030282148172707895,0.024734572740325946,1.1337893867600566,h,short_a_long_h
2024-11-21,7.68,4.816660000000001,0.0018991031926176571,-0.030174499936347444,0.02484696909375935,1.2908456966294861,h,short_a_long_h
2024-11-22,7.59,4.765140000000001,-0.0017290384511419177,-0.03008220451152257,0.02493245627034859,1.1371990690744822,h,short_a_long_h
2024-11-25,7.61,4.756584,0.0022661911177945804,-0.029827841787914023,0.025106325529788302,1.2783245747223935,h,short_a_long_h
2024-11-26,7.6,4.765140000000001,-0.00041238256639530846,-0.02965166664269198,0.02523870253022566,1.1585097942843912,h,short_a_long_h
2024-11-27,7.61,4.7909,-0.0031883336372078297,-0.029499647442531432,0.025343358077618724,1.0381936649729027,h,short_a_long_h
2024-11-28,7.61,4.756584,0.0022661911177945804,-0.029293783243996955,0.025501049440197765,1.2375951207734601,h,short_a_long_h
2024-11-29,7.62,4.730824,0.007699858173303431,-0.029122383911801154,0.025680866080161784,1.4338395741859111,h,short_a_long_h
2024-12-02,7.6,4.696508,0.010595779428458574,-0.028803360537749435,0.025935371869692022,1.5191276286363835,h,short_a_long_h
2024-12-03,7.67,4.833864,-0.002109196445258421,-0.02853671619220067,0.026044645118408167,1.014700704378708,h,short_a_long_h
2024-12-04,8.0,4.988424,0.016133898826059312,-0.028081042669778608,0.026344652347074147,1.6783270059264404,h,short_a_long_h
2024-12-05,7.85,4.954016,0.002457777613626977,-0.027703384067392457,0.026455590491520964,1.1400676046405431,h,short_a_long_h
2024-12-06,7.88,4.971220000000001,0.0036416615145689057,-0.027267206625942567,0.026537864705013094,1.1647081814639246,h,short_a_long_h
2024-12-09,7.99,5.0485,0.00579962391207034,-0.026934089514412816,0.026700820310043755,1.2259441113189347,h,short_a_long_h
2024-12-10,7.92,4.954016,0.011335451645644756,-0.02660359663556118,0.02692795282180173,1.4089094901595816,h,short_a_long_h
2024-12-11,8.01,4.962664,0.0213115895652658,-0.02611544667537066,0.02726191317170245,1.7396811420361054,h,short_a_long_h
2024-12-12,8.01,4.954016,0.02263500689957798,-0.025765749076449764,0.027616535284838564,1.7526005879021216,h,short_a_long_h
2024-12-13,7.84,4.851068,0.017117266156632782,-0.025371163599845058,0.027889096471328912,1.5234781736352634,h,short_a_long_h
2024-12-16,8.01,4.94546,0.02394662077983356,-0.024920126724654358,0.028246087032755458,1.7300360027857946,h,short_a_long_h
2024-12-17,8.03,4.954016,0.025128773777980395,-0.024416083788511882,0.02859579513988215,1.7325924082241297,h,short_a_long_h
2024-12-18,8.06,5.005536,0.02100748429648358,-0.023986960365551147,0.028888799170299448,1.557504844586738,h,short_a_long_h
2024-12-19,7.98,4.979776,0.014947345941514145,-0.02343211656396514,0.028992544326330073,1.3237700725225527,h,short_a_long_h
2024-12-20,7.9,4.962664,0.007483587957973992,-0.022940300905473377,0.029012395237524656,1.0486513993197324,h,short_a_long_h
2024-12-23,8.13,5.0485,0.023169787693606336,-0.022341845803971545,0.029217671947509658,1.5576748749640548,h,short_a_long_h
2024-12-24,8.32,5.177300000000001,0.027155478039742498,-0.021748269223879995,0.029494685638539166,1.6580528391773237,h,short_a_long_h
2024-12-27,8.45,5.177300000000001,0.04265966457570736,-0.020994715467849694,0.02997558092327529,2.1235411652733314,h,short_a_long_h
2024-12-30,8.53,5.185856,0.050829656563033065,-0.02009572693504721,0.030498321822156234,2.3255503667272226,h,short_a_long_h
2024-12-31,8.47,5.245932,0.03503114680617836,-0.019443122004619662,0.030834044258137152,1.7666923078513184,h,short_a_long_h
