date,capital,spread,zscore,cheap_leg,position,gross_exposure,returns
2018-01-02,100000.0,0.09934823879265364,,flat,flat,0.0,0.0
2018-01-03,100000.0,0.11368102393680413,,flat,flat,0.0,0.0
2018-01-04,100000.0,0.10923559108395564,,flat,flat,0.0,0.0
2018-01-05,100000.0,0.11151784190248726,,flat,flat,0.0,0.0
2018-01-08,100000.0,0.10860159049565998,,flat,flat,0.0,0.0
2018-01-09,100000.0,0.1043215762815265,,flat,flat,0.0,0.0
2018-01-10,100000.0,0.12662477730310973,,flat,flat,0.0,0.0
2018-01-11,100000.0,0.1204334729607891,,flat,flat,0.0,0.0
2018-01-12,100000.0,0.11242287621097902,,flat,flat,0.0,0.0
2018-01-15,100000.0,0.12292882570874519,,flat,flat,0.0,0.0
2018-01-16,100000.0,0.11146999413605818,,flat,flat,0.0,0.0
2018-01-17,100000.0,0.13458026874422435,,flat,flat,0.0,0.0
2018-01-18,100000.0,0.1237300227721374,,flat,flat,0.0,0.0
2018-01-19,100000.0,0.15759430020032295,,flat,flat,0.0,0.0
2018-01-22,100000.0,0.14380137269563165,,flat,flat,0.0,0.0
2018-01-23,100000.0,0.16612840667392237,,flat,flat,0.0,0.0
2018-01-24,100000.0,0.14233752299362024,,flat,flat,0.0,0.0
2018-01-25,100000.0,0.11640170704917374,,flat,flat,0.0,0.0
2018-01-26,100000.0,0.11884718259998062,,flat,flat,0.0,0.0
2018-01-29,100000.0,0.1070455274898856,,flat,flat,0.0,0.0
2018-01-30,100000.0,0.11322595320310858,,flat,flat,0.0,0.0
2018-01-31,100000.0,0.10853729649757371,,flat,flat,0.0,0.0
2018-02-01,100000.0,0.11932493769034191,,flat,flat,0.0,0.0
2018-02-02,100000.0,0.12482784635001543,,flat,flat,0.0,0.0
2018-02-05,100000.0,0.14875389559156127,,flat,flat,0.0,0.0
2018-02-06,100000.0,0.1358785193798715,,flat,flat,0.0,0.0
2018-02-07,100000.0,0.126797687849603,,flat,flat,0.0,0.0
2018-02-08,100000.0,0.11417059120481265,,flat,flat,0.0,0.0
2018-02-09,100000.0,0.09080408524186911,,flat,flat,0.0,0.0
2018-02-12,100000.0,0.10712198910818016,,flat,flat,0.0,0.0
2018-02-13,100000.0,0.10774510715009622,,flat,flat,0.0,0.0
2018-02-14,100000.0,0.105211190011677,,flat,flat,0.0,0.0
2018-02-22,100000.0,0.10284928356655054,,flat,flat,0.0,0.0
2018-02-23,100000.0,0.09389962683119346,,flat,flat,0.0,0.0
2018-02-26,100000.0,0.09562605455781337,,flat,flat,0.0,0.0
2018-02-27,100000.0,0.08028048488315287,,flat,flat,0.0,0.0
2018-02-28,100000.0,0.07695346548890569,,flat,flat,0.0,0.0
2018-03-01,100000.0,0.08836178666247707,,flat,flat,0.0,0.0
2018-03-02,100000.0,0.09680574076323645,,flat,flat,0.0,0.0
2018-03-05,100000.0,0.1178126763227203,,flat,flat,0.0,0.0
2018-03-06,100000.0,0.10995175465600304,,flat,flat,0.0,0.0
2018-03-07,100000.0,0.11522178848456521,,flat,flat,0.0,0.0
2018-03-08,100000.0,0.10412963118713292,,flat,flat,0.0,0.0
2018-03-09,100000.0,0.10553942073199096,,flat,flat,0.0,0.0
2018-03-12,100000.0,0.09599947682470267,,flat,flat,0.0,0.0
2018-03-13,100000.0,0.09184053830503647,,flat,flat,0.0,0.0
2018-03-14,100000.0,0.09466071206461857,,flat,flat,0.0,0.0
2018-03-15,100000.0,0.09220861068156616,,flat,flat,0.0,0.0
2018-03-16,100000.0,0.09403307745557543,,flat,flat,0.0,0.0
2018-03-19,100000.0,0.09821815452070659,,flat,flat,0.0,0.0
2018-03-20,100000.0,0.11215566236448815,,flat,flat,0.0,0.0
2018-03-21,100000.0,0.08869721171998335,,flat,flat,0.0,0.0
2018-03-22,100000.0,0.0821754094700573,,flat,flat,0.0,0.0
2018-03-23,100000.0,0.07626496028442997,,flat,flat,0.0,0.0
2018-03-26,100000.0,0.05608444747808372,,flat,flat,0.0,0.0
2018-03-27,100000.0,0.05453335143410942,,flat,flat,0.0,0.0
2018-03-28,100000.0,0.030521178567566976,,flat,flat,0.0,0.0
2018-03-29,100000.0,0.057256529837735215,,flat,flat,0.0,0.0
2018-04-03,100000.0,0.03246233762603723,,flat,flat,0.0,0.0
2018-04-04,99981.0964,0.03725522939555137,-2.448647367002887,a,long_a_only,94518.0,-0.0001890360000000868
2018-04-09,100158.0964,0.030594923451241596,-2.5232700113345143,a,long_a_only,94695.0,0.0017703346569821754
2018-04-10,101574.0964,0.05110616138388169,-1.7452516761258536,a,long_a_only,96111.0,0.0141376488860665
2018-04-11,102813.0964,0.03598602700068265,-2.1595696428568423,a,long_a_only,97350.0,0.012197991849425938
2018-04-12,103344.0964,0.01977693178173634,-2.535815162094812,a,long_a_only,97881.0,0.0051647116816140315
2018-04-13,101928.0964,0.0038562654010219077,-2.821516245826517,a,long_a_only,96465.0,-0.01370179864478449
2018-04-16,101043.09640000001,0.009443118396954109,-2.5022370202004245,a,long_a_only,95580.0,-0.008682591270290696
2018-04-17,100689.0964,0.015292720990556452,-2.2272194836703396,a,long_a_only,95226.0,-0.003503455580959547
2018-04-18,102282.0964,0.01825883957369623,-2.0597477873136807,a,long_a_only,96819.0,0.01582097820871886
2018-04-19,103698.0964,-0.009253315300367548,-2.6356250619066226,a,long_a_only,98235.0,0.013844065088990387
2018-04-20,102282.0964,-0.01477928180305732,-2.6160983786476346,a,long_a_only,96819.0,-0.013655024047288133
2018-04-23,101397.0964,-0.017459592357342624,-2.5363073986798725,a,long_a_only,95934.0,-0.008652540680619047
2018-04-24,103167.0964,-0.004370663086065041,-2.138168759454199,a,long_a_only,97703.99999999999,0.01745612115969819
2018-04-25,102282.0964,-0.0004085642497156927,-1.976393199916636,a,long_a_only,96819.0,-0.00857831644857654
2018-04-26,101043.09640000001,0.005379176710035294,-1.7922766775234533,a,long_a_only,95580.0,-0.012113556952866533
2018-04-27,102439.69720000001,0.00404378134330996,-1.770587933091037,a,flat,0.0,0.013821832958001101
2018-05-02,102420.29520000001,0.0038562654010219077,-1.7272269762410877,a,long_a_only,97010.0,-0.00018939923223437738
2018-05-03,103488.29520000001,0.02823622556721961,-1.1830987452501813,a,long_a_only,98078.0,0.010427620794438042
2018-05-04,103488.29520000001,0.033694612883527486,-1.0513461774985091,a,long_a_only,98078.0,0.0
2018-05-07,105268.29520000001,0.031468103703025,-1.0838872175326904,a,long_a_only,99858.0,0.017200012779802654
2018-05-08,105268.29520000001,0.032791376260474125,-1.0416633069534174,a,long_a_only,99858.0,0.0
2018-05-09,105980.29520000001,0.007334446144613649,-1.5531193432871195,a,long_a_only,100570.0,0.006763669903148584
2018-05-10,107404.29520000001,0.008746859268005114,-1.4927060441453626,a,long_a_only,101994.00000000001,0.013436460026014396
2018-05-11,107048.29520000001,0.007771692132140573,-1.4836367568851905,a,long_a_only,101638.0,-0.003314578800941659
2018-05-14,107226.2952,-0.001727255658057314,-1.6444550100902877,a,long_a_only,101816.0,0.0016628008850343434
2018-05-15,107404.29520000001,-0.003693351980604387,-1.6476666598891465,a,long_a_only,101994.00000000001,0.001660040568108867
2018-05-16,105980.29520000001,-0.016524814053507808,-1.859689940375592,a,long_a_only,100570.0,-0.013258315203766635
2018-05-17,106158.29520000001,-0.012272168834672192,-1.7324615710744717,a,long_a_only,100748.0,0.0016795575032517718
2018-05-18,113634.29520000001,0.0124437359037044,-1.2226048449910734,a,long_a_only,108224.0,0.0704231354310596
2018-05-21,113990.2952,0.0239296415582253,-0.9835433206592658,a,long_a_only,108580.0,0.003132857025015312
2018-05-23,110430.29520000001,0.025543468204421105,-0.9414846906540942,a,long_a_only,105020.0,-0.031230728841905697
2018-05-24,110409.2912,0.014533637420822476,-1.1453432002907646,a,flat,0.0,-0.00019020142943526608
2018-05-25,110409.2912,0.02433159028470322,-0.9412681046583099,a,flat,0.0,0.0
2018-05-28,110388.33920000002,-0.023058867877693734,-1.8364753608328204,a,long_a_only,104760.0,-0.0001897666380452634
2018-05-29,109308.3392,-0.02751717629793826,-1.8766226098077892,a,long_a_only,103680.0,-0.0097836420751225
2018-05-30,106248.33920000002,-0.04430489980380814,-2.1348558674728024,a,long_a_only,100620.0,-0.027994204489752095
2018-05-31,108408.33920000002,-0.04801904915150723,-2.139665237415955,a,long_a_only,102780.0,0.020329729539904084
2018-06-01,108768.33920000002,-0.04335842633576381,-1.9992575098629841,a,long_a_only,103140.00000000001,0.0033207777432679997
2018-06-04,108228.33920000002,-0.04742176022727218,-2.0186866879113974,a,long_a_only,102600.0,-0.004964680016002254
2018-06-05,108408.33920000002,-0.03384865063875875,-1.7383332817807722,a,long_a_only,102780.0,0.0016631503479636045
2018-06-06,108408.33920000002,-0.05615791676257931,-2.076827402885495,a,long_a_only,102780.0,0.0
2018-06-07,107868.3392,-0.06489006741765913,-2.16517718462196,a,long_a_only,102240.0,-0.0049811666149019995
2018-06-08,107508.33920000002,-0.06380136172100515,-2.0889655255764654,a,long_a_only,101880.0,-0.003337401898183545
2018-06-11,105708.3392,-0.08162714567360574,-2.3136511066102172,a,long_a_only,100080.0,-0.016742887234556192
2018-06-12,106428.3392,-0.07213009322951414,-2.100095725159589,a,long_a_only,100800.0,0.006811193945992944
2018-06-13,105888.33920000002,-0.05549877864411612,-1.793658120622711,a,long_a_only,100260.0,-0.005073836574535084
2018-06-14,105348.33920000002,-0.04251893447933952,-1.5599439924602045,a,long_a_only,99720.0,-0.005099711678167473
2018-06-15,105528.3392,-0.030727484384505788,-1.3542246831701659,a,long_a_only,99900.0,0.0017086173485683087
2018-06-19,101009.2592,-0.049978871227006505,-1.630429835173981,a,flat,0.0,-0.042823378385926536
2018-06-20,100990.1432,-0.050693410222461543,-1.614152752480536,a,long_a_only,95580.0,-0.00018924997719416137
2018-06-21,99910.1432,-0.05160508739665348,-1.601640542511055,a,long_a_only,94500.0,-0.010694112967650438
2018-06-22,100270.1432,-0.03986815848061975,-1.400995956661461,a,long_a_only,94859.99999999999,0.0036032377541421745
2018-06-25,100270.1432,-0.042522269389212886,-1.4222046427943813,a,long_a_only,94859.99999999999,0.0
2018-06-26,100630.14320000002,-0.034749730186428684,-1.2876629576921979,a,long_a_only,95220.0,0.0035903010458651075
2018-06-27,102970.1432,-0.013130921497751746,-0.9494157279362249,a,long_a_only,97560.0,0.023253469841032492
2018-06-28,105490.1432,-0.00598358193810522,-0.8339870048012323,a,long_a_only,100080.0,0.02447311348402592
2018-06-29,105490.1432,-0.02007861496695207,-1.040197225429727,a,long_a_only,100080.0,0.0
2018-07-03,103150.1432,-0.032206938818533426,-1.2126732746512958,a,long_a_only,97740.0,-0.022182167252949525
2018-07-04,102610.14320000002,-0.02474862142544043,-1.088605688379439,a,long_a_only,97200.0,-0.005235087254827797
2018-07-05,101890.14320000002,-0.02027111875234011,-1.0116092254863722,a,long_a_only,96480.0,-0.007016850162625987
2018-07-06,102250.1432,-0.012533967055899597,-0.8869593412793596,a,long_a_only,96840.0,0.0035332171365520804
2018-07-09,104230.14320000002,-0.0016243764210444045,-0.7081367351609592,a,long_a_only,98820.0,0.019364276059028684
2018-07-10,106210.1432,0.001184907540507374,-0.6528103282393859,a,long_a_only,100800.0,0.0189964240594076
2018-07-11,104050.14320000002,-0.008728063040261635,-0.790871472664379,a,long_a_only,98640.00000000001,-0.020337040652817606
2018-07-12,104570.30720000001,-0.0006328683430194548,-0.6542373854379527,a,flat,0.0,0.0049991665941311325
2018-07-13,104570.30720000001,-0.006092390547918214,-0.7251671826291191,a,flat,0.0,0.0
2018-07-16,104570.30720000001,-0.016827783379077754,-0.8758594274714334,a,flat,0.0,0.0
2018-07-17,104570.30720000001,-0.019660770162989283,-0.9045302456930877,a,flat,0.0,0.0
2018-07-18,104570.30720000001,-0.016605875542947346,-0.8427039361812148,a,flat,0.0,0.0
2018-07-19,104570.30720000001,-0.02371295284010244,-0.9375384730161727,a,flat,0.0,0.0
2018-07-20,104570.30720000001,-0.022943499380152277,-0.9104450570833029,a,flat,0.0,0.0
2018-07-23,104570.30720000001,-0.003087517576699228,-0.5873375850534471,a,flat,0.0,0.0
2018-07-24,104570.30720000001,0.007610010792147626,-0.4064704262305993,a,flat,0.0,0.0
2018-07-25,104570.30720000001,-0.009237855713542631,-0.6611125938625301,a,flat,0.0,0.0
2018-07-26,104570.30720000001,-0.017103951128478734,-0.775065357354879,a,flat,0.0,0.0
2018-07-27,104570.30720000001,-0.02615732684511851,-0.9090055985117126,a,flat,0.0,0.0
2018-07-30,104570.30720000001,-0.02818734974690129,-0.932544201191398,a,flat,0.0,0.0
2018-07-31,104570.30720000001,-0.019026690846024263,-0.7670908692680226,a,flat,0.0,0.0
2018-08-01,104570.30720000001,-0.023597307182227856,-0.8305931503965559,a,flat,0.0,0.0
2018-08-02,104570.30720000001,-0.0036194851598980726,-0.47708300737714643,a,flat,0.0,0.0
2018-08-03,104570.30720000001,0.005028389377995879,-0.3160256845166969,a,flat,0.0,0.0
2018-08-06,104570.30720000001,0.0005371249032876113,-0.3814918058891928,a,flat,0.0,0.0
2018-08-07,104570.30720000001,0.021569457962270833,0.0003157348955170867,h,flat,0.0,0.0
2018-08-08,104570.30720000001,0.01301391695393228,-0.13734831024575445,a,flat,0.0,0.0
2018-08-09,104570.30720000001,0.019292534339065193,-0.008996443920242491,a,flat,0.0,0.0
2018-08-10,104570.30720000001,0.02555868184302401,0.12688657337532214,h,flat,0.0,0.0
2018-08-13,104570.30720000001,0.03759487900120584,0.3742314195359136,h,flat,0.0,0.0
2018-08-14,104570.30720000001,0.04356573762764737,0.5099434036989986,h,flat,0.0,0.0
2018-08-15,104570.30720000001,0.04924741443471381,0.6390420561651144,h,flat,0.0,0.0
2018-08-16,104570.30720000001,0.0398393166162212,0.4664047056344543,h,flat,0.0,0.0
2018-08-17,104570.30720000001,0.050773559486117614,0.7004037885878138,h,flat,0.0,0.0
2018-08-20,104570.30720000001,0.0664358787642414,1.0313875828154047,h,flat,0.0,0.0
2018-08-21,104570.30720000001,0.06249263788936266,0.9686084483737921,h,flat,0.0,0.0
2018-08-22,104570.30720000001,0.031090390319412076,0.3434242553236875,h,flat,0.0,0.0
2018-08-23,104570.30720000001,0.047530675815659174,0.6986436599029853,h,flat,0.0,0.0
2018-08-24,104570.30720000001,0.05608504791231794,0.8925178115428114,h,flat,0.0,0.0
2018-08-27,104570.30720000001,0.0443247356720301,0.6549323303877681,h,flat,0.0,0.0
2018-08-28,104570.30720000001,0.03673688367242989,0.5042025152127729,h,flat,0.0,0.0
2018-08-29,104570.30720000001,0.026666006122259667,0.3030259198897383,h,flat,0.0,0.0
2018-08-30,104570.30720000001,0.023270417121121323,0.2462836728256696,h,flat,0.0,0.0
2018-08-31,104570.30720000001,0.03887133567847323,0.6159343326350165,h,flat,0.0,0.0
2018-09-03,104570.30720000001,0.05807352479403982,1.073050194049654,h,flat,0.0,0.0
2018-09-04,104570.30720000001,0.07093150653522717,1.3965769960060226,h,flat,0.0,0.0
2018-09-05,104371.9172408,0.08311410766632166,1.6959118178384476,h,long_h_only,99194.97959999999,-0.0018971920855178626
2018-09-06,105949.83684080001,0.07619372804969582,1.5571337391322024,h,long_h_only,100772.8992,0.015118239098353747
2018-09-07,106826.45884080001,0.06456686296822711,1.3026623576350622,h,long_h_only,101649.5212,0.008273934402723171
2018-09-10,107352.43204080002,0.057266659126591235,1.1479220915809765,h,long_h_only,102175.49440000001,0.004923622908663994
2018-09-11,105774.51244080001,0.07751500544711121,1.6496498696959971,h,long_h_only,100597.5748,-0.014698498860280185
2018-09-12,106125.16124080001,0.07823045525707828,1.6786247523273046,h,long_h_only,100948.22360000001,0.003315059478021576
2018-09-13,111162.02324080002,0.07261470183555752,1.5585100679706947,h,long_h_only,105985.08560000002,0.04746152506257473
2018-09-14,111696.91124080001,0.08329957747821437,1.8354045259246077,h,long_h_only,106519.9736,0.004811787194996642
2018-09-17,112231.7992408,0.08109762142903632,1.8129101057956545,h,long_h_only,107054.86159999999,0.004788744774211873
2018-09-18,113123.27924080001,0.0667858712991325,1.470479360097155,h,long_h_only,107946.34160000001,0.00794320331697862
2018-09-19,115265.8028408,0.08824067766462917,2.0064446119749775,h,long_h_only,110088.8652,0.01893972323273352
2018-09-20,115087.50684080001,0.09411813942415981,2.1353563501854507,h,long_h_only,109910.5692,-0.0015468247789524048
2018-09-21,114017.73084080001,0.09378166880108607,2.091861880289139,h,long_h_only,108840.79320000001,-0.00929532691571655
2018-09-26,117048.7628408,0.10059126742158675,2.215187283127929,h,long_h_only,111871.8252,0.026583865313300592
2018-09-27,116335.57884080001,0.11148631274611132,2.405245409906441,h,long_h_only,111158.6412,-0.0060930503039148265
2018-09-28,118073.56070320001,0.10420136402275937,2.1890220018537296,h,flat,0.0,0.014939383804316142
2018-10-08,117849.75677440001,0.09441017700931809,1.9195311664738437,h,long_h_only,111901.96440000001,-0.0018954618414750435
2018-10-09,119676.87677440002,0.1246805513200896,2.532328396618467,h,long_h_only,113729.0844,0.015503807984073026
2018-10-10,119859.5887744,0.13529696143982994,2.6686506347143077,h,long_h_only,113911.7964,0.0015267109647623123
2018-10-11,115471.45557440001,0.11071075483064219,2.0892960107457013,h,long_h_only,109523.6632,-0.03661061451044478
2018-10-12,114923.3195744,0.1222517792263711,2.272089331228129,h,long_h_only,108975.5272,-0.004746939382320736
2018-10-15,115654.1675744,0.10944597643329146,1.955540722538842,h,long_h_only,109706.3752,0.00635944038778713
2018-10-16,116567.7275744,0.1124271522553364,1.9657941124955545,h,long_h_only,110619.9352,0.007899066840045599
2018-10-18,114923.3195744,0.060278019689637974,0.8959879790675258,h,long_h_only,108975.5272,-0.014106889052550642
2018-10-19,114192.47157440001,0.08325608562577613,1.3389569952571758,h,long_h_only,108244.67920000001,-0.006359440387786908
2018-10-22,116202.30357440001,0.09001446978250693,1.4495241054641557,h,long_h_only,110254.51120000001,0.01760038969548461
2018-10-23,114192.47157440001,0.08325608562577613,1.2920459255012073,h,long_h_only,108244.67920000001,-0.01729597381615744
2018-10-24,112179.59437440001,0.07139633739051054,1.0403979275295538,h,long_h_only,106231.80200000001,-0.01762705695259914
2018-10-25,109256.2023744,0.08925869937792885,1.3670505547489,h,long_h_only,103308.41,-0.02605992664087531
2018-10-26,107608.74917440001,0.09813421746852968,1.5108723415102832,h,long_h_only,101660.95680000001,-0.015078807099248137
2018-10-29,107974.17317440001,0.09374635702912493,1.3995867643716748,h,long_h_only,102026.38080000001,0.003395857704913574
2018-10-30,107223.0806848,0.10116169091310034,1.5128811109405877,h,flat,0.0,-0.0069562235812340445
2018-10-31,107223.0806848,0.08223871084855827,1.1333457509904474,h,flat,0.0,0.0
2018-11-01,107223.0806848,0.06237324911488373,0.7451666444274169,h,flat,0.0,0.0
2018-11-02,107223.0806848,0.07174392832877263,0.9128561940319312,h,flat,0.0,0.0
2018-11-05,107223.0806848,0.07104825901568501,0.8909503393176489,h,flat,0.0,0.0
2018-11-06,107223.0806848,0.062463561388662714,0.722772930508309,h,flat,0.0,0.0
2018-11-07,107223.0806848,0.037465041134414845,0.25193284748508743,h,flat,0.0,0.0
2018-11-08,107223.0806848,0.03238444458180001,0.1525368865080781,h,flat,0.0,0.0
2018-11-09,107223.0806848,0.033329412522400625,0.16649681961535676,h,flat,0.0,0.0
2018-11-12,107223.0806848,0.030325697406286878,0.10649595754161709,h,flat,0.0,0.0
2018-11-13,107223.0806848,0.03209035609850375,0.1345313794693243,h,flat,0.0,0.0
2018-11-14,107223.0806848,0.032051471468049764,0.12833735517189562,h,flat,0.0,0.0
2018-11-15,107223.0806848,0.03329045190817159,0.14424129573335331,h,flat,0.0,0.0
2018-11-16,107223.0806848,0.03421189739947028,0.15466086181998726,h,flat,0.0,0.0
2018-11-19,107223.0806848,0.04250452832013907,0.30699336456860515,h,flat,0.0,0.0
2018-11-20,107223.0806848,0.04966087776799011,0.43814869532153167,h,flat,0.0,0.0
2018-11-21,107223.0806848,0.048980089948037486,0.4212488000521464,h,flat,0.0,0.0
2018-11-22,107223.0806848,0.052155515566852606,0.4750327849920481,h,flat,0.0,0.0
2018-11-23,107223.0806848,0.04708109327622323,0.3753189522941902,h,flat,0.0,0.0
2018-11-26,107223.0806848,0.05304012664962654,0.4772717425074692,h,flat,0.0,0.0
2018-11-27,107223.0806848,0.043330450225834594,0.2833751235017141,h,flat,0.0,0.0
2018-11-28,107223.0806848,0.04064704294333232,0.22060264883729505,h,flat,0.0,0.0
2018-11-29,107223.0806848,0.029213049207260866,-0.011134750643131566,a,flat,0.0,0.0
2018-11-30,107223.0806848,0.028114104508235815,-0.044317749138587326,a,flat,0.0,0.0
2018-12-03,107223.0806848,0.0139406837282956,-0.33417567063945036,a,flat,0.0,0.0
2018-12-04,107223.0806848,0.01794188995172985,-0.2655778586508795,a,flat,0.0,0.0
2018-12-05,107223.0806848,0.027053718759378453,-0.09982142659294342,a,flat,0.0,0.0
2018-12-06,107223.0806848,0.03464292680163017,0.0366371144726542,h,flat,0.0,0.0
2018-12-07,107223.0806848,0.04799420271755317,0.29518118220348055,h,flat,0.0,0.0
2018-12-10,107223.0806848,0.04630796022262018,0.24397128225729936,h,flat,0.0,0.0
2018-12-11,107223.0806848,0.050855466997928755,0.32606217362632606,h,flat,0.0,0.0
2018-12-12,107223.0806848,0.04708109327622323,0.22914325723770254,h,flat,0.0,0.0
2018-12-13,107223.0806848,0.046192494806291395,0.19565248673074073,h,flat,0.0,0.0
2018-12-14,107223.0806848,0.05386331987066417,0.3551857880230802,h,flat,0.0,0.0
2018-12-17,107223.0806848,0.06772578458014833,0.6567476494461605,h,flat,0.0,0.0
2018-12-18,107223.0806848,0.07254615086148264,0.7559164602970561,h,flat,0.0,0.0
2018-12-19,107223.0806848,0.07298879205238007,0.7550569139742023,h,flat,0.0,0.0
2018-12-20,107223.0806848,0.08296764464024531,0.9794724005960465,h,flat,0.0,0.0
2018-12-21,107223.0806848,0.08824190512058849,1.094055541794657,h,flat,0.0,0.0
2018-12-24,107223.0806848,0.09662129311451406,1.2824324424448275,h,flat,0.0,0.0
2018-12-27,107223.0806848,0.07006821166728394,0.6172594519823825,h,flat,0.0,0.0
2018-12-28,107223.0806848,0.07287967584306665,0.6738451117377088,h,flat,0.0,0.0
2019-01-02,107223.0806848,0.09609497599106165,1.233105846103696,h,flat,0.0,0.0
2019-01-03,107223.0806848,0.0808027147735535,0.8389520642886173,h,flat,0.0,0.0
2019-01-04,107223.0806848,0.07328835545353019,0.6359551896911693,h,flat,0.0,0.0
2019-01-07,107223.0806848,0.07240071387907643,0.6004324436392084,h,flat,0.0,0.0
2019-01-08,107223.0806848,0.06809748216079392,0.4760277404987403,h,flat,0.0,0.0
2019-01-09,107223.0806848,0.05594130396325048,0.14574939132769216,h,flat,0.0,0.0
2019-01-10,107223.0806848,0.059679626073857794,0.23329716617845364,h,flat,0.0,0.0
2019-01-11,107223.0806848,0.05889520237884127,0.19952897848463952,h,flat,0.0,0.0
2019-01-14,107223.0806848,0.07394656863432292,0.5917676048920683,h,flat,0.0,0.0
2019-01-15,107223.0806848,0.06083304746287299,0.22378250286531468,h,flat,0.0,0.0
2019-01-16,107223.0806848,0.06083304746287299,0.20926274767255737,h,flat,0.0,0.0
2019-01-17,107223.0806848,0.060120634816240526,0.1740198828565461,h,flat,0.0,0.0
2019-01-18,107223.0806848,0.056670769269532406,0.060178868154813686,h,flat,0.0,0.0
2019-01-21,107223.0806848,0.05033466362190242,-0.1430182343013903,a,flat,0.0,0.0
2019-01-22,107223.0806848,0.06469285198328434,0.2637454430108215,h,flat,0.0,0.0
2019-01-23,107223.0806848,0.0664135763267778,0.3020390286106211,h,flat,0.0,0.0
2019-01-24,107223.0806848,0.062463664442537925,0.1692663323172032,h,flat,0.0,0.0
2019-01-25,107223.0806848,0.04880156643837619,-0.2707714179217992,a,flat,0.0,0.0
2019-01-28,107223.0806848,0.05447621719656348,-0.11439248914483588,a,flat,0.0,0.0
2019-01-29,107223.0806848,0.055997230423034616,-0.09040561136026694,a,flat,0.0,0.0
2019-01-30,107223.0806848,0.05221650758312879,-0.24649203424897695,a,flat,0.0,0.0
2019-01-31,107223.0806848,0.04955806638290128,-0.3686442434574335,a,flat,0.0,0.0
2019-02-01,107223.0806848,0.05367379659914029,-0.2553025251757397,a,flat,0.0,0.0
2019-02-11,107223.0806848,0.07490552409771789,0.5134366943082945,h,flat,0.0,0.0
2019-02-12,107223.0806848,0.08390571745789654,0.8411835539649032,h,flat,0.0,0.0
2019-02-13,107223.0806848,0.08364390651258635,0.8218022792095692,h,flat,0.0,0.0
2019-02-14,107223.0806848,0.0784883476184185,0.6074790175958545,h,flat,0.0,0.0
2019-02-15,107223.0806848,0.0802295438108026,0.6639320798444156,h,flat,0.0,0.0
2019-02-18,107223.0806848,0.06240965469336435,-0.06503286091392406,a,flat,0.0,0.0
2019-02-19,107223.0806848,0.06276567813457001,-0.06382821309591233,a,flat,0.0,0.0
2019-02-20,107223.0806848,0.050855466997928755,-0.5590550491013225,a,flat,0.0,0.0
2019-02-21,107223.0806848,0.0435827076688492,-0.8585399942552923,a,flat,0.0,0.0
2019-02-22,107223.0806848,0.04656760646960256,-0.7342459875038243,a,flat,0.0,0.0
2019-02-25,107223.0806848,0.08358514782025572,0.7754848212309922,h,flat,0.0,0.0
2019-02-26,107223.0806848,0.08086352781728556,0.6526887231353822,h,flat,0.0,0.0
2019-02-27,107223.0806848,0.08756872494242851,0.9184625253790863,h,flat,0.0,0.0
2019-02-28,107223.0806848,0.09916706626691063,1.3711882089517573,h,flat,0.0,0.0
2019-03-01,107223.0806848,0.1014910047358355,1.4412643782363452,h,flat,0.0,0.0
2019-03-04,107019.91588880001,0.11108246104792585,1.7898313870727014,h,long_h_only,101582.398,-0.0018947860358278223
2019-03-05,107215.8758888,0.10440725293046671,1.4917717721338755,h,long_h_only,101778.358,0.0018310610541276695
2019-03-06,106627.99588880001,0.12264380010667042,2.1573162552619314,h,long_h_only,101190.478,-0.005483143192429041
2019-03-07,106036.8498888,0.12192157028590045,2.075415615041333,h,long_h_only,100599.33200000001,-0.005544003665008401
2019-03-08,104077.2498888,0.09990442738436667,1.2042152074358559,h,long_h_only,98639.732,-0.01848036792921537
2019-03-11,104665.1298888,0.10253849211074784,1.2895168026893697,h,long_h_only,99227.61200000001,0.00564849667557632
2019-03-12,105840.8898888,0.0989243171348505,1.129028970230982,h,long_h_only,100403.372,0.011233540733663228
2019-03-13,105448.9698888,0.09300303875379334,0.883101984785749,h,long_h_only,100011.452,-0.0037029167121682693
2019-03-14,105840.8898888,0.08824805914350853,0.689860638182656,h,long_h_only,100403.372,0.003716679265935774
2019-03-15,105448.9698888,0.09478716054729486,0.9390303835266172,h,long_h_only,100011.452,-0.0037029167121682693
2019-03-18,107999.71588880001,0.08983695954083315,0.7400987347126975,h,long_h_only,102562.198,0.02418938755579947
2019-03-19,110336.97653280002,0.06946126519733697,-0.053900798578700955,a,flat,0.0,0.0216413591903013
2019-03-20,110336.97653280002,0.06310993155212208,-0.30309439140582817,a,flat,0.0,0.0
2019-03-21,110336.97653280002,0.06872070354853965,-0.08183678179103163,a,flat,0.0,0.0
2019-03-22,110336.97653280002,0.07733618729931724,0.25395611079684993,h,flat,0.0,0.0
2019-03-25,110336.97653280002,0.08521026322602832,0.5557881567299551,h,flat,0.0,0.0
2019-03-26,110336.97653280002,0.07796385470526124,0.275869527627496,h,flat,0.0,0.0
2019-03-27,110336.97653280002,0.07349924788027562,0.10464518093353213,h,flat,0.0,0.0
2019-03-28,110336.97653280002,0.06619994539866392,-0.17941130967486932,a,flat,0.0,0.0
2019-03-29,110336.97653280002,0.0837191402304347,0.5047155963864427,h,flat,0.0,0.0
2019-04-01,110336.97653280002,0.08560551612785017,0.5822138999402657,h,flat,0.0,0.0
2019-04-02,110336.97653280002,0.0820276947799663,0.44746697439393684,h,flat,0.0,0.0
2019-04-03,110336.97653280002,0.08505748475059072,0.5737433417420048,h,flat,0.0,0.0
2019-04-04,110336.97653280002,0.08214123655595951,0.47345849669061285,h,flat,0.0,0.0
2019-04-08,110336.97653280002,0.07733618729931724,0.29358312107794027,h,flat,0.0,0.0
2019-04-09,110336.97653280002,0.0691550680420332,-0.02561411514288459,a,flat,0.0,0.0
2019-04-10,110336.97653280002,0.07389330914369696,0.18570178788923147,h,flat,0.0,0.0
2019-04-11,110336.97653280002,0.07514146612166706,0.26581196447531275,h,flat,0.0,0.0
2019-04-12,110336.97653280002,0.08614620958104302,0.7490273198122919,h,flat,0.0,0.0
2019-04-15,110336.97653280002,0.09150472194516468,1.0080798114417426,h,flat,0.0,0.0
2019-04-16,110127.75473280002,0.10581623633842063,1.637747115283738,h,long_h_only,104610.90000000001,-0.001896207477987244
2019-04-17,110334.75473280001,0.09897342594625169,1.3543182061862362,h,long_h_only,104817.90000000001,0.0018796351610201878
2019-04-18,109920.75473280002,0.10018901835153649,1.3826555378952372,h,long_h_only,104403.90000000001,-0.0037522175220543463
2019-04-23,111369.75473280002,0.09330187517645538,1.074162511508559,h,long_h_only,105852.90000000001,0.013182223898683176
2019-04-24,110955.75473280002,0.090913415864462,0.9693291047854645,h,long_h_only,105438.90000000001,-0.003717346787673881
2019-04-25,110538.29093280001,0.07249437890072574,0.17018151864604433,h,flat,0.0,-0.0037624348642874006
2019-04-26,110538.29093280001,0.06595588704521183,-0.11346327539852664,a,flat,0.0,0.0
2019-04-29,110538.29093280001,0.060752213126053944,-0.33139968072203096,a,flat,0.0,0.0
2019-04-30,110538.29093280001,0.0746893634351874,0.28982818578159814,h,flat,0.0,0.0
2019-05-06,110538.29093280001,0.09490745499640019,1.1808434764593387,h,flat,0.0,0.0
2019-05-07,110538.29093280001,0.09057523336462692,0.9985004952024834,h,flat,0.0,0.0
2019-05-08,110538.29093280001,0.09611889628469006,1.2330866856600848,h,flat,0.0,0.0
2019-05-09,110538.29093280001,0.10018975525324225,1.3876365784515914,h,flat,0.0,0.0
2019-05-10,110328.4010288,0.11811836417597499,2.1140906226535168,h,long_h_only,104944.952,-0.001898798165131832
2019-05-14,109188.5210288,0.11694430579038995,2.0119441666315825,h,long_h_only,103805.072,-0.010331700535589627
2019-05-15,109188.5210288,0.12452009959884747,2.2599058074980802,h,long_h_only,103805.072,0.0
2019-05-16,109872.44902880001,0.12142221211335957,2.0799875066180165,h,long_h_only,104489.00000000001,0.006263735359320677
2019-05-17,109416.4970288,0.11337674976097722,1.7200218324440721,h,long_h_only,104033.04800000001,-0.004149830135127819
2019-05-20,110556.3770288,0.10891034642965103,1.513042048078501,h,long_h_only,105172.928,0.01041780746919696
2019-05-21,110328.4010288,0.11055689147539838,1.5557593928293247,h,long_h_only,104944.952,-0.0020620791502656832
2019-05-22,109872.44902880001,0.10815187519246294,1.4357746622292702,h,long_h_only,104489.00000000001,-0.00413268021423574
2019-05-23,108276.6170288,0.12173653917773353,1.9525963776866333,h,long_h_only,102893.168,-0.0145244054729472
2019-05-24,107820.66502880001,0.11937574067014378,1.8224549418413534,h,long_h_only,102437.21600000001,-0.004210992294658711
2019-05-27,107592.6890288,0.12298018393311716,1.9301044129136813,h,long_h_only,102209.24,-0.002114399868885175
2019-05-28,108048.64102879999,0.11960280798250167,1.7573328219127038,h,long_h_only,102665.192,0.0042377600570790985
2019-05-29,106449.0094288,0.1276870877872498,2.0297461587349472,h,long_h_only,101065.5604,-0.014804735948262593
2019-05-30,107132.9374288,0.1283112146868004,2.0036848946506223,h,long_h_only,101749.4884,0.006424935315696434
2019-05-31,105309.1294288,0.13629373468548822,2.248901841126855,h,long_h_only,99925.68040000001,-0.017023784129993502
2019-06-03,105336.798116,0.13264334759496754,2.0555301704163176,h,flat,0.0,0.0002627377830399791
2019-06-04,105136.85262080001,0.135542871580015,2.10756045410572,h,long_h_only,99972.7476,-0.0018981542896321368
2019-06-05,103985.93262080001,0.1443289037158355,2.365972589144194,h,long_h_only,98821.8276,-0.010946875156621405
2019-06-06,103755.74862080002,0.1363801351160574,2.0259055658615353,h,long_h_only,98591.64360000001,-0.0022136071120253398
2019-06-10,105367.0366208,0.1279781986026176,1.6938859364725085,h,long_h_only,100202.9316,0.015529626275348152
2019-06-11,105367.0366208,0.13573017540693555,1.9460224047715509,h,long_h_only,100202.9316,0.0
2019-06-12,103755.74862080002,0.14222241074028585,2.1611481682193636,h,long_h_only,98591.64360000001,-0.015292144978877653
2019-06-13,102600.99222080002,0.15116212100424387,2.4496369453223283,h,long_h_only,97436.88720000001,-0.011129565497332905
2019-06-14,103525.56462080001,0.1342398527406049,1.801739082667642,h,long_h_only,98361.4596,0.009011339754008363
2019-06-17,103755.74862080002,0.13442510028025412,1.7811055924374817,h,long_h_only,98591.64360000001,0.0022234508050560375
2019-06-18,103755.74862080002,0.12261393935190945,1.3200169563988744,h,long_h_only,98591.64360000001,0.0
2019-06-19,105827.40462079999,0.1088134686356157,0.7917960194270774,h,long_h_only,100663.2996,0.019966662354018894
2019-06-20,107534.60262080001,0.10196415644303136,0.5222170452999754,h,long_h_only,102370.4976,0.016131908423127728
2019-06-21,108006.47982080001,0.104351190333408,0.5997091960104912,h,long_h_only,102842.3748,0.004388142872150613
2019-06-24,108006.47982080001,0.10239615549760472,0.5123996011790536,h,long_h_only,102842.3748,0.0
2019-06-25,106828.70502080001,0.10327746482741573,0.5340478196525351,h,long_h_only,101664.6,-0.010904667960238257
2019-06-26,106387.99473440002,0.10899182257681828,0.7429579389796943,h,flat,0.0,-0.004125392012513718
2019-06-27,106387.99473440002,0.10023154848461446,0.3943275741196047,h,flat,0.0,0.0
2019-06-28,106387.99473440002,0.10524790881471446,0.5791725092468907,h,flat,0.0,0.0
2019-07-02,106387.99473440002,0.10392686561088005,0.5205774499492165,h,flat,0.0,0.0
2019-07-03,106387.99473440002,0.1123245990698778,0.8367007699214304,h,flat,0.0,0.0
2019-07-04,106387.99473440002,0.11785441799691876,1.0395729930177444,h,flat,0.0,0.0
2019-07-05,106387.99473440002,0.11194307073386156,0.7980665913800968,h,flat,0.0,0.0
2019-07-08,106387.99473440002,0.1050031971650881,0.5204805499534033,h,flat,0.0,0.0
2019-07-09,106387.99473440002,0.0989608827091254,0.286127972586626,h,flat,0.0,0.0
2019-07-10,106387.99473440002,0.0910622133526443,-0.022189394424284803,a,flat,0.0,0.0
2019-07-11,106387.99473440002,0.07677527290298103,-0.5758101204334445,a,flat,0.0,0.0
2019-07-12,106387.99473440002,0.07856091548437849,-0.5093834581221489,a,flat,0.0,0.0
2019-07-15,106387.99473440002,0.07624854259606817,-0.6027591355500671,a,flat,0.0,0.0
2019-07-16,106387.99473440002,0.07599965918133256,-0.6230072229715001,a,flat,0.0,0.0
2019-07-17,106387.99473440002,0.07190129278905055,-0.7902962077586289,a,flat,0.0,0.0
2019-07-18,106387.99473440002,0.06515298828859395,-1.0595603579192996,a,flat,0.0,0.0
2019-07-19,106387.99473440002,0.060381463127304635,-1.237280150850206,a,flat,0.0,0.0
2019-07-22,106367.81233440002,0.05262672846941352,-1.532433481727341,a,long_a_only,100912.0,-0.00018970561528475205
2019-07-23,106367.81233440002,0.05262672846941352,-1.5241573640603265,a,long_a_only,100912.0,0.0
2019-07-24,106791.81233440003,0.05681960672944952,-1.3582881814413714,a,long_a_only,101336.0,0.00398616828432119
2019-07-25,106791.81233440003,0.05145388398285178,-1.5608991943010837,a,long_a_only,101336.0,0.0
2019-07-26,107851.81233440002,0.06542305509896873,-1.0318086732675698,a,long_a_only,102396.0,0.009925854584064808
2019-07-29,107851.81233440002,0.07260015051290891,-0.7565773994707119,a,long_a_only,102396.0,0.0
2019-07-30,107851.81233440002,0.07260015051290891,-0.7599466081542967,a,long_a_only,102396.0,0.0
2019-07-31,107427.81233440002,0.07753350040505314,-0.5743510019163011,a,long_a_only,101971.99999999999,-0.003931320121773774
2019-08-01,106579.81233440002,0.06734561791057458,-0.9888015662624643,a,long_a_only,101123.99999999999,-0.007893672798254148
2019-08-02,104459.81233440002,0.07397825323169371,-0.7378765132613477,a,long_a_only,99004.0,-0.019891196593107008
2019-08-05,103187.81233440003,0.08013495903279733,-0.5042500895258573,a,long_a_only,97732.0,-0.012176931698173243
2019-08-06,101915.81233440002,0.07679332300786035,-0.6530877891026993,a,long_a_only,96460.0,-0.01232703718805328
2019-08-07,102532.39313440003,0.08336508817109478,-0.4027160556211149,a,flat,0.0,0.0060499032081196
2019-08-08,102532.39313440003,0.0750763889628343,-0.7575683887954231,a,flat,0.0,0.0
2019-08-09,102532.39313440003,0.07701412619302783,-0.6782670540355328,a,flat,0.0,0.0
2019-08-12,102532.39313440003,0.08511189631405303,-0.34261033647531913,a,flat,0.0,0.0
2019-08-13,102532.39313440003,0.090231171151952,-0.1324441797541493,a,flat,0.0,0.0
2019-08-14,102532.39313440003,0.08224186151620527,-0.46595569935144004,a,flat,0.0,0.0
2019-08-15,102532.39313440003,0.07760296959601554,-0.6575211653313036,a,flat,0.0,0.0
2019-08-16,102532.39313440003,0.0795814586177166,-0.5845519495976905,a,flat,0.0,0.0
2019-08-19,102532.39313440003,0.08292131493423438,-0.4548314922809293,a,flat,0.0,0.0
2019-08-20,102532.39313440003,0.07530252470981436,-0.7926058183902566,a,flat,0.0,0.0
2019-08-21,102532.39313440003,0.0750763889628343,-0.8272486391042561,a,flat,0.0,0.0
2019-08-22,102532.39313440003,0.07852570346119625,-0.7008841906078382,a,flat,0.0,0.0
2019-08-23,102532.39313440003,0.0780637746452646,-0.7182877992270836,a,flat,0.0,0.0
2019-08-26,102532.39313440003,0.08519640827913277,-0.4070903238301202,a,flat,0.0,0.0
2019-08-27,102532.39313440003,0.09370957597488694,-0.03534100552314094,a,flat,0.0,0.0
2019-08-28,102532.39313440003,0.09370957597488694,-0.033347948542694385,a,flat,0.0,0.0
2019-08-29,102532.39313440003,0.08965075862851313,-0.20747286241027066,a,flat,0.0,0.0
2019-08-30,102532.39313440003,0.06626575928067946,-1.2143698073593945,a,flat,0.0,0.0
2019-09-02,102532.39313440003,0.07288099839939877,-0.9107568116430779,a,flat,0.0,0.0
2019-09-03,102532.39313440003,0.07459310209825776,-0.8217142368933685,a,flat,0.0,0.0
2019-09-04,102532.39313440003,0.07337471446420574,-0.860453884672664,a,flat,0.0,0.0
2019-09-05,102532.39313440003,0.06643452547401418,-1.1475849007637478,a,flat,0.0,0.0
2019-09-06,102532.39313440003,0.06888382807450766,-1.0243200220018402,a,flat,0.0,0.0
2019-09-09,102512.96593440002,0.055328793490470374,-1.5831550384838,a,long_a_only,97136.0,-0.00018947377902844842
2019-09-10,102928.96593440004,0.04318626530661562,-2.051776532214028,a,long_a_only,97552.00000000001,0.004058023257918597
2019-09-11,102512.96593440002,0.0317356591152933,-2.452411476391384,a,long_a_only,97136.0,-0.004041622260784639
2019-09-12,101888.96593440002,0.03608221561641922,-2.205983829781181,a,long_a_only,96512.0,-0.006087034886877674
2019-09-16,105216.96593440002,0.0311722968667425,-2.3293175258977685,a,long_a_only,99840.0,0.03266300692601676
2019-09-17,103968.96593440002,0.02035861470009892,-2.6641568336125485,a,long_a_only,98592.0,-0.01186120497694354
2019-09-18,102512.96593440002,0.017895546781450666,-2.671835588904301,a,long_a_only,97136.0,-0.014004178909682308
2019-09-19,102928.96593440004,0.036619205469551774,-1.935275452936996,a,long_a_only,97552.00000000001,0.004058023257918597
2019-09-20,103344.96593440002,0.040874531039690076,-1.7455416541524658,a,long_a_only,97968.0,0.0040416222607844166
2019-09-23,103136.96593440002,0.04423236278039355,-1.5934523487481096,a,long_a_only,97760.0,-0.002012676651633294
2019-09-24,102720.96593440002,0.03996796399393587,-1.715009172095897,a,long_a_only,97344.0,-0.004033471376931885
2019-09-25,101056.96593440002,0.03759457975557745,-1.7670814626205902,a,long_a_only,95679.99999999999,-0.01619922461654677
2019-09-26,100224.96593440002,0.04399605023061015,-1.5239390762342333,a,long_a_only,94847.99999999999,-0.00823298020385932
2019-09-27,100432.96593440004,0.048077033526031765,-1.3603913094880404,a,long_a_only,95056.0,0.002075331211747633
2019-09-30,101680.96593440002,0.04783572409577996,-1.347382785461492,a,long_a_only,96304.0,0.012426198792288456
2019-10-08,100413.95473440003,0.03858132011888704,-1.6344612542249204,a,flat,0.0,-0.012460652673356942
2019-10-09,100394.89393440004,0.04016871623260698,-1.5517336098252077,a,long_a_only,95303.99999999999,-0.0001898222219253176
2019-10-10,100185.89393440004,0.03606687387830909,-1.6573177395271008,a,long_a_only,95095.0,-0.0020817791802894003
2019-10-11,101439.89393440005,0.02489771107293781,-1.9810757240020413,a,long_a_only,96349.0,0.012516732154140398
2019-10-14,101230.89393440004,0.02272615755942975,-2.0067638155076266,a,long_a_only,96139.99999999999,-0.0020603333845673477
2019-10-15,100603.89393440005,0.019880293578312114,-2.0476316612549277,a,long_a_only,95513.0,-0.006193761367021988
2019-10-16,100185.89393440004,0.021044541631008995,-1.9643975763066235,a,long_a_only,95095.0,-0.0041549087580305955
2019-10-17,100603.89393440005,0.02359563153271005,-1.8417859657373161,a,long_a_only,95513.0,0.0041722440513802805
2019-10-18,99767.89393440005,0.020381929486344097,-1.8931985829928977,a,long_a_only,94677.0,-0.008309817516060747
2019-10-21,99767.89393440005,0.026000795492579942,-1.6861530780694487,a,long_a_only,94677.0,0.0
2019-10-22,99976.89393440005,0.031995127266030265,-1.4779560608938958,a,long_a_only,94886.0,0.002094862302469913
2019-10-23,99558.89393440004,0.0256831140696675,-1.6300763467883652,a,long_a_only,94467.99999999999,-0.004180966056759883
2019-10-24,99767.89393440005,0.020381929486344097,-1.7457709879171528,a,long_a_only,94677.0,0.0020992599630298425
2019-10-25,99767.89393440005,0.01663924816309259,-1.8112791440265459,a,long_a_only,94677.0,0.0
2019-10-28,99976.89393440005,0.011443231536218956,-1.9151755201541714,a,long_a_only,94886.0,0.002094862302469913
2019-10-29,99349.89393440004,0.010379580141183786,-1.9033594345458862,a,long_a_only,94259.0,-0.00627144908513988
2019-10-30,98495.20933440003,0.016456523838251136,-1.7051142028516961,a,flat,0.0,-0.008602773150058418
2019-10-31,98495.20933440003,0.03156225648121602,-1.2724269395222654,a,flat,0.0,0.0
2019-11-01,98495.20933440003,0.03948521960281026,-1.040255068183133,a,flat,0.0,0.0
2019-11-04,98495.20933440003,0.025681646690125626,-1.389192318149006,a,flat,0.0,0.0
2019-11-05,98476.51093440004,0.012438518078673133,-1.7072490466201313,a,long_a_only,93492.0,-0.00018984070521144147
2019-11-06,97628.51093440004,-0.00047964434068503703,-1.9974104924010492,a,long_a_only,92644.0,-0.008611190546392256
2019-11-07,97204.51093440002,-0.0031507281950918786,-2.0160068250721763,a,long_a_only,92219.99999999999,-0.004342993618789426
2019-11-08,96780.51093440004,-0.003942900683543082,-1.9865950471959022,a,long_a_only,91796.0,-0.004361937485453993
2019-11-11,94872.51093440004,-0.005479015199133186,-1.9789266483382308,a,long_a_only,89888.0,-0.019714713030325792
2019-11-12,94236.51093440004,-0.010598767488105287,-2.056434521408163,a,long_a_only,89252.0,-0.00670373318610451
2019-11-13,93176.51093440004,-0.004578611289186907,-1.861970108427125,a,long_a_only,88192.0,-0.011248294206667842
2019-11-14,93812.51093440004,0.008724598874541134,-1.5029167862948924,a,long_a_only,88828.00000000001,0.00682575462015067
2019-11-15,92116.51093440004,-0.006479840106960677,-1.8346446087828643,a,long_a_only,87132.0,-0.018078612149993067
2019-11-18,92540.51093440004,-0.003648534902980116,-1.7274808843730136,a,long_a_only,87556.0,0.004602866475283074
2019-11-19,92752.51093440002,-0.0032803472222825425,-1.6850677840373767,a,long_a_only,87768.0,0.0022908885833823334
2019-11-20,92540.51093440004,-0.003648534902980116,-1.6609318926007417,a,long_a_only,87556.0,-0.0022856524083744167
2019-11-21,93812.51093440004,0.01899847058513504,-1.1014422770260304,a,long_a_only,88828.00000000001,0.013745331500294888
2019-11-22,93812.51093440004,0.01899847058513504,-1.0838706820889337,a,long_a_only,88828.00000000001,0.0
2019-11-25,95508.51093440002,0.02763769218102763,-0.8619271900928231,a,long_a_only,90523.99999999999,0.018078612149992956
2019-11-26,94642.57573440004,0.020276051182265165,-1.0247043526815447,a,flat,0.0,-0.00906657628234564
2019-11-27,94642.57573440004,0.02436036798832053,-0.9119054906313868,a,flat,0.0,0.0
2019-11-28,94642.57573440004,0.01930975841777216,-1.0219292149166561,a,flat,0.0,0.0
2019-11-29,94642.57573440004,0.029097325863533197,-0.7662760498469765,a,flat,0.0,0.0
2019-12-02,94642.57573440004,0.026413867946749936,-0.8227281856177278,a,flat,0.0,0.0
2019-12-03,94642.57573440004,0.03302421864523253,-0.6413834710756546,a,flat,0.0,0.0
2019-12-04,94642.57573440004,0.04158200722346561,-0.40592207008418646,a,flat,0.0,0.0
2019-12-05,94642.57573440004,0.04683766020241986,-0.2526313923017446,a,flat,0.0,0.0
2019-12-06,94642.57573440004,0.044943310882442855,-0.28814825251888126,a,flat,0.0,0.0
2019-12-09,94642.57573440004,0.03444664883689896,-0.5653741026324759,a,flat,0.0,0.0
2019-12-10,94642.57573440004,0.03651435922940993,-0.49425375352625883,a,flat,0.0,0.0
2019-12-11,94642.57573440004,0.03444664883689896,-0.5417623194660662,a,flat,0.0,0.0
2019-12-12,94642.57573440004,0.017559779079186044,-1.0276835714707944,a,flat,0.0,0.0
2019-12-13,94624.64073440005,0.0008120564846951783,-1.5052506589118935,a,long_a_only,89675.0,-0.00018950245025373125
2019-12-16,95890.64073440003,0.02082027146561638,-0.8913857530716471,a,long_a_only,90940.99999999999,0.013379178934517677
2019-12-17,97156.64073440005,0.02472072466449926,-0.7604801600520413,a,long_a_only,92207.0,0.013202539792247281
2019-12-18,96734.64073440005,0.018157849170319484,-0.9456001540113571,a,long_a_only,91784.99999999999,-0.004343501348030743
2019-12-19,96734.64073440005,0.024068918648962434,-0.7512861241372571,a,long_a_only,91784.99999999999,0.0
2019-12-20,96523.64073440005,0.0158563521820404,-0.9921675928959506,a,long_a_only,91574.0,-0.00218122482699179
2019-12-23,95046.64073440003,0.0035524120581377217,-1.356927644590722,a,long_a_only,90096.99999999999,-0.015301950783893625
2019-12-24,95257.64073440005,0.009837266218821306,-1.1447870764325911,a,long_a_only,90308.0,0.0022199627295576008
2019-12-27,96101.64073440005,-0.0004483555256041827,-1.451004675847005,a,long_a_only,91152.0,0.008860181645200083
2019-12-30,96734.64073440005,0.010337046186571941,-1.0963794598314744,a,long_a_only,91784.99999999999,0.006586776200309119
2019-12-31,96945.64073440005,0.01068285853657125,-1.0772767580935152,a,long_a_only,91996.0,0.002181224826991679
2020-01-02,97578.64073440005,0.013684966095068085,-0.968740461275478,a,long_a_only,92629.0,0.006529432321090267
2020-01-03,98844.64073440005,0.006295395170634044,-1.2045019310494325,a,long_a_only,93895.0,0.012974150802591566
2020-01-06,103275.64073440005,0.02294259939062382,-0.6260445606376371,a,long_a_only,98326.0,0.04482792356852494
2020-01-07,101376.64073440005,0.01618305897049388,-0.8459181073026387,a,long_a_only,96427.0,-0.01838768548416725
2020-01-08,103255.97553440004,0.033872620041414114,-0.2186072331038421,a,flat,0.0,0.01853814435342871
2020-01-09,103255.97553440004,0.01294442315253097,-0.9371786296365157,a,flat,0.0,0.0
2020-01-10,103255.97553440004,0.018691161639667553,-0.7214648277299517,a,flat,0.0,0.0
2020-01-13,103255.97553440004,0.01799485873828499,-0.732657590919036,a,flat,0.0,0.0
2020-01-14,103255.97553440004,0.023393653480207166,-0.5288083830768664,a,flat,0.0,0.0
2020-01-15,103255.97553440004,0.011749412852692598,-0.9292662973565181,a,flat,0.0,0.0
2020-01-16,103255.97553440004,0.004892243126555784,-1.154493889660733,a,flat,0.0,0.0
2020-01-17,103255.97553440004,0.007183194873111476,-1.0556687899088948,a,flat,0.0,0.0
2020-01-20,103255.97553440004,0.016879636399216413,-0.7001633098709548,a,flat,0.0,0.0
2020-01-21,103255.97553440004,0.027424994141242998,-0.317766461033568,a,flat,0.0,0.0
2020-01-22,103255.97553440004,0.012170989565041479,-0.8469049044491734,a,flat,0.0,0.0
2020-01-23,103255.97553440004,0.013814324402324551,-0.7749329094090328,a,flat,0.0,0.0
2020-02-03,103236.36593440005,-0.008382035435491653,-1.5361095205434283,a,long_a_only,98048.0,-0.00018991249560629253
2020-02-04,104004.36593440005,-0.007309872719365673,-1.4720418050636306,a,long_a_only,98816.0,0.007439239003124376
2020-02-05,104772.36593440005,0.00043210143424987635,-1.1800097030772336,a,long_a_only,99584.0,0.007384305390452539
2020-02-06,106052.36593440005,-0.013032939822316236,-1.6264289748546084,a,long_a_only,100864.0,0.012216961873338095
2020-02-07,106308.36593440005,-0.00399758434550368,-1.2863734414952153,a,long_a_only,101120.0,0.002413901828068221
2020-02-10,106308.36593440005,0.006891804365660725,-0.8867831666504266,a,long_a_only,101120.0,0.0
2020-02-11,106564.36593440005,0.007250799495326143,-0.860076542912861,a,long_a_only,101376.0,0.002408088937779107
2020-02-12,106820.36593440005,0.0010529314405648416,-1.0698035787123612,a,long_a_only,101632.0,0.002402303976148934
2020-02-13,106308.36593440005,0.006891804365660725,-0.8434338291559581,a,long_a_only,101120.0,-0.004793093484761424
2020-02-14,106308.36593440005,0.006891804365660725,-0.8301868664092041,a,long_a_only,101120.0,0.0
2020-02-17,108079.78353440003,0.022288676859866463,-0.24409684125379855,a,flat,0.0,0.01666301221385602
2020-02-18,108079.78353440003,0.026122448595486847,-0.0809661619775226,a,flat,0.0,0.0
2020-02-19,108079.78353440003,0.021109906771942577,-0.2598682573160425,a,flat,0.0,0.0
2020-02-20,108079.78353440003,0.03110999010652582,0.15180636572514492,h,flat,0.0,0.0
2020-02-21,108079.78353440003,0.037544402690431355,0.43127442635604807,h,flat,0.0,0.0
2020-02-24,108079.78353440003,0.05925740873560753,1.344616041562137,h,flat,0.0,0.0
2020-02-25,108079.78353440003,0.048468460720907824,0.9199078728742058,h,flat,0.0,0.0
2020-02-26,108079.78353440003,0.060806496823030576,1.455479249803628,h,flat,0.0,0.0
2020-02-27,108079.78353440003,0.050497127164169375,1.045889615051877,h,flat,0.0,0.0
2020-02-28,107874.70559840003,0.06655323274824165,1.755628861309275,h,long_h_only,102538.968,-0.0018974680490059237
2020-03-02,110590.32479840003,0.06502046371964398,1.7236416957396148,h,long_h_only,105254.5872,0.025173827218679223
2020-03-03,110249.51999840004,0.07264928905208695,2.1098253205552897,h,long_h_only,104913.7824,-0.0030816873051170424
2020-03-04,108550.90559840003,0.08245430597239872,2.5862680659829134,h,long_h_only,103215.168,-0.015407000411653993
2020-03-05,110249.51999840004,0.082905789219276,2.628190265741168,h,long_h_only,104913.7824,0.01564809054918692
2020-03-06,107329.50447200004,0.09512250780420084,3.0919872197662106,h,flat,0.0,-0.02648551691147827
2020-03-09,107125.63747680004,0.16165030326927188,5.347987316221798,h,long_h_only,101933.4976,-0.0018994497012067013
2020-03-10,109537.70931920005,0.1423851480865045,4.262616379789023,h,flat,0.0,0.022516289276900636
2020-03-11,109329.62187920004,0.1536470124298761,4.323783647106472,h,long_h_only,104043.72000000002,-0.0018996877084002106
2020-03-12,102655.66808720004,0.1919329674200041,5.009583032345575,h,flat,0.0,-0.061044332517441235
2020-03-13,102460.80800240004,0.18076189072530496,4.288599749296653,h,long_h_only,97430.0424,-0.0018981911903245274
2020-03-16,97744.35881840004,0.21423717863336572,4.700291923567912,h,flat,0.0,-0.046031739120088955
2020-03-17,97558.66738000004,0.21512137414917626,4.304385270221113,h,long_h_only,92845.7192,-0.0018997662949019611
2020-03-18,92435.62563120005,0.24591703616526825,4.533273720882663,h,flat,0.0,-0.05251242033519454
2020-03-19,92260.25015280004,0.2590502241434772,4.3712511442181015,h,long_h_only,87687.73920000001,-0.0018972715033024334
2020-03-20,100517.78375280005,0.19622742478921446,2.991774794471675,h,long_h_only,95945.2728,0.08950261446640351
2020-03-23,94836.04929840003,0.22176991721612338,3.2823773376403906,h,flat,0.0,-0.05652466899163755
2020-03-24,94656.10149360003,0.17939464943657257,2.434152954080102,h,long_h_only,89973.9024,-0.0018974620529984554
2020-03-25,101267.95749360003,0.12834675208148122,1.5106992726422757,h,long_h_only,96585.7584,0.06985134498114776
2020-03-26,99062.05509360002,0.13200754388806135,1.5452153520710443,h,long_h_only,94379.856,-0.021782827012576167
2020-03-27,98330.65509360003,0.12667458538083082,1.4292023805299705,h,long_h_only,93648.456,-0.0073832508250401
2020-03-30,100899.33189360004,0.0803898163526856,0.6336215704082699,h,long_h_only,96217.1328,0.026122848439837254
2020-03-31,108771.24381360004,0.01920060764919479,-0.4045017379612608,a,flat,0.0,0.07801748309196999
2020-04-01,108771.24381360004,0.018087431408927324,-0.41944427556051306,a,flat,0.0,0.0
2020-04-02,108771.24381360004,-0.017333566875527395,-1.0076207852232997,a,flat,0.0,0.0
2020-04-03,108771.24381360004,0.00884483925815005,-0.5585646589644815,a,flat,0.0,0.0
2020-04-07,108771.24381360004,-0.0083072696933148,-0.8392358651483582,a,flat,0.0,0.0
2020-04-08,108771.24381360004,0.0013031064019303207,-0.6706204659765373,a,flat,0.0,0.0
2020-04-09,108771.24381360004,-0.00866566004372904,-0.8295469443583863,a,flat,0.0,0.0
2020-04-14,108771.24381360004,-0.002494310469595473,-0.7208917192661135,a,flat,0.0,0.0
2020-04-15,108771.24381360004,0.020822255175704574,-0.3304722197066065,a,flat,0.0,0.0
2020-04-16,108771.24381360004,0.026096896694504046,-0.2431551829172021,a,flat,0.0,0.0
2020-04-17,108771.24381360004,0.02627784901067487,-0.24090723322082372,a,flat,0.0,0.0
2020-04-20,108771.24381360004,0.020822255175704574,-0.3317968115736587,a,flat,0.0,0.0
2020-04-21,108771.24381360004,0.03129517821252403,-0.15810325523689542,a,flat,0.0,0.0
2020-04-22,108771.24381360004,0.027788233956630215,-0.2170802954972248,a,flat,0.0,0.0
2020-04-23,108771.24381360004,0.04297355418407306,0.035645921633943346,h,flat,0.0,0.0
2020-04-24,108771.24381360004,0.030939702239248856,-0.16661922679644908,a,flat,0.0,0.0
2020-04-27,108771.24381360004,0.013754513229673915,-0.45333497827760033,a,flat,0.0,0.0
2020-04-28,108771.24381360004,-0.013005829319238826,-0.8947753248653288,a,flat,0.0,0.0
2020-04-29,108771.24381360004,-0.02089801530402624,-1.0185633025680445,a,flat,0.0,0.0
2020-05-06,108771.24381360004,0.0279501633908828,-0.20838791635882228,a,flat,0.0,0.0
2020-05-07,108771.24381360004,0.0334933927449142,-0.11851072663363839,a,flat,0.0,0.0
2020-05-08,108771.24381360004,0.025168929550566432,-0.25629434939121293,a,flat,0.0,0.0
2020-05-11,108771.24381360004,0.011237782290754061,-0.48399714924369347,a,flat,0.0,0.0
2020-05-12,108771.24381360004,0.024611336743418477,-0.2612446289754543,a,flat,0.0,0.0
2020-05-13,108771.24381360004,0.03317186431031921,-0.12174461125992873,a,flat,0.0,0.0
2020-05-14,108771.24381360004,0.04457445404266619,0.06206560797767874,h,flat,0.0,0.0
2020-05-15,108771.24381360004,0.053489416798103706,0.20341323402416325,h,flat,0.0,0.0
2020-05-18,108771.24381360004,0.01916290549035443,-0.37463804592007677,a,flat,0.0,0.0
2020-05-19,108771.24381360004,1.9127545941466373e-05,-0.6965927848376983,a,flat,0.0,0.0
2020-05-20,108771.24381360004,0.004989831873414063,-0.6164397950241037,a,flat,0.0,0.0
2020-05-21,108771.24381360004,0.013754513229673915,-0.4725769193748387,a,flat,0.0,0.0
2020-05-22,108771.24381360004,0.04143472838461448,-0.011567109999233742,a,flat,0.0,0.0
2020-05-25,108771.24381360004,0.026313850284958695,-0.2715415524340502,a,flat,0.0,0.0
2020-05-26,108771.24381360004,0.009176085094207809,-0.5634212206994694,a,flat,0.0,0.0
2020-05-27,108771.24381360004,0.0027711948041342915,-0.6729772570190846,a,flat,0.0,0.0
2020-05-28,108771.24381360004,0.0053850409466463245,-0.6306038994295405,a,flat,0.0,0.0
2020-05-29,108771.24381360004,-0.012597714455352793,-0.9278664552738153,a,flat,0.0,0.0
2020-06-01,108771.24381360004,-0.01734662900982198,-0.9993309788158279,a,flat,0.0,0.0
2020-06-02,108771.24381360004,-0.00863928404140929,-0.8454143661093935,a,flat,0.0,0.0
2020-06-03,108771.24381360004,-0.02467877484929748,-1.1030671968682724,a,flat,0.0,0.0
2020-06-04,108771.24381360004,-0.019476220280992385,-1.0061025249911708,a,flat,0.0,0.0
2020-06-05,108771.24381360004,-0.04485731629294509,-1.4081290439593317,a,flat,0.0,0.0
2020-06-08,108771.24381360004,-0.04091373106862928,-1.323695351385434,a,flat,0.0,0.0
2020-06-09,108771.24381360004,-0.04847958619357862,-1.425266536645767,a,flat,0.0,0.0
2020-06-10,108771.24381360004,-0.04400492363830233,-1.332096240581277,a,flat,0.0,0.0
2020-06-11,108771.24381360004,-0.02880754770987659,-1.0724155277000726,a,flat,0.0,0.0
2020-06-12,108771.24381360004,-0.012597714455352793,-0.8023233266187179,a,flat,0.0,0.0
2020-06-15,108771.24381360004,0.001312548079541287,-0.573200603489795,a,flat,0.0,0.0
2020-06-16,108771.24381360004,-0.03471210790110174,-1.1333469503106797,a,flat,0.0,0.0
2020-06-17,108771.24381360004,-0.048806803421102773,-1.3357971331948737,a,flat,0.0,0.0
2020-06-18,108771.24381360004,-0.039417063071263914,-1.1711576355944473,a,flat,0.0,0.0
2020-06-19,108771.24381360004,-0.039417063071263914,-1.1574681169140004,a,flat,0.0,0.0
2020-06-22,108771.24381360004,-0.03791455972352098,-1.124283798020435,a,flat,0.0,0.0
2020-06-23,108771.24381360004,-0.0438944468961347,-1.2015778254323826,a,flat,0.0,0.0
2020-06-24,108771.24381360004,-0.0325579747290321,-1.014853424284997,a,flat,0.0,0.0
2020-06-29,108771.24381360004,-0.009586673460389106,-0.6571906819763804,a,flat,0.0,0.0
2020-06-30,108771.24381360004,-0.006437064557492711,-0.6040737327948306,a,flat,0.0,0.0
2020-07-02,108771.24381360004,0.004136640189627339,-0.4403280184658366,a,flat,0.0,0.0
2020-07-03,108771.24381360004,0.011165330286892539,-0.3337875027361272,a,flat,0.0,0.0
2020-07-06,108771.24381360004,0.02035481497808178,-0.1944170936424145,a,flat,0.0,0.0
2020-07-07,108771.24381360004,0.0442103948385662,0.16565469966552465,h,flat,0.0,0.0
2020-07-08,108771.24381360004,0.035863645527182686,0.03435926623377467,h,flat,0.0,0.0
2020-07-09,108771.24381360004,0.03384437264273821,0.0004022508303377117,h,flat,0.0,0.0
2020-07-10,108771.24381360004,0.032475429400818545,-0.023035300515573075,a,flat,0.0,0.0
2020-07-13,108771.24381360004,0.03826641068487613,0.06188847396565649,h,flat,0.0,0.0
2020-07-14,108771.24381360004,0.040492945381412626,0.09388169013015471,h,flat,0.0,0.0
2020-07-15,108771.24381360004,0.0259366476072051,-0.1312281469446466,a,flat,0.0,0.0
2020-07-16,108771.24381360004,0.031029589409189595,-0.0525308502573796,a,flat,0.0,0.0
2020-07-17,108771.24381360004,0.01637169568498692,-0.2784517752240282,a,flat,0.0,0.0
2020-07-20,108771.24381360004,0.0315837125385382,-0.04611725473861515,a,flat,0.0,0.0
2020-07-21,108771.24381360004,0.02856276599985158,-0.09397545817754382,a,flat,0.0,0.0
2020-07-22,108771.24381360004,0.029852538405869322,-0.07496219249865482,a,flat,0.0,0.0
2020-07-23,108771.24381360004,0.010019030090286984,-0.37997522748000245,a,flat,0.0,0.0
2020-07-24,108771.24381360004,-0.01481839623353609,-0.7585223786318619,a,flat,0.0,0.0
2020-07-27,108771.24381360004,-0.0020805086971397158,-0.5612720512966548,a,flat,0.0,0.0
2020-07-28,108771.24381360004,0.011683274456270376,-0.3491598952609077,a,flat,0.0,0.0
2020-07-29,108771.24381360004,0.023259559163708587,-0.1708704962970336,a,flat,0.0,0.0
2020-07-30,108771.24381360004,0.022894444872084807,-0.177911939663561,a,flat,0.0,0.0
2020-07-31,108771.24381360004,0.019940232974653083,-0.22411617135833645,a,flat,0.0,0.0
2020-08-03,108771.24381360004,0.04292877900663894,0.12267838140540431,h,flat,0.0,0.0
2020-08-04,108771.24381360004,0.04320431599279956,0.1206496185225271,h,flat,0.0,0.0
2020-08-05,108771.24381360004,0.00398174845190824,-0.4845701490875692,a,flat,0.0,0.0
2020-08-06,108771.24381360004,0.012561041295808262,-0.356222354311627,a,flat,0.0,0.0
2020-08-07,108771.24381360004,0.014313942032312954,-0.3318736088638509,a,flat,0.0,0.0
2020-08-10,108771.24381360004,0.025701342635471858,-0.1583073727735481,a,flat,0.0,0.0
2020-08-11,108771.24381360004,0.014313942032312954,-0.33557619428631275,a,flat,0.0,0.0
2020-08-12,108771.24381360004,0.011683274456270376,-0.37791607612992273,a,flat,0.0,0.0
2020-08-13,108771.24381360004,0.011683274456270376,-0.3786327609278547,a,flat,0.0,0.0
2020-08-14,108771.24381360004,0.02021366415950132,-0.24831753865584813,a,flat,0.0,0.0
2020-08-17,108771.24381360004,0.018179652118138878,-0.2792877109380953,a,flat,0.0,0.0
2020-08-18,108771.24381360004,0.02078075129026047,-0.23823919437830238,a,flat,0.0,0.0
2020-08-19,108771.24381360004,0.02617926926704328,-0.15523040896996415,a,flat,0.0,0.0
2020-08-20,108771.24381360004,0.025701342635471858,-0.16192730396327032,a,flat,0.0,0.0
2020-08-21,108771.24381360004,0.022894444872084807,-0.20351165844684538,a,flat,0.0,0.0
2020-08-24,108771.24381360004,0.01726815392974468,-0.28534964010683644,a,flat,0.0,0.0
2020-08-25,108771.24381360004,0.008729062558838652,-0.4123632784452366,a,flat,0.0,0.0
2020-08-26,108771.24381360004,0.00837920651249846,-0.41099158378068124,a,flat,0.0,0.0
2020-08-27,108771.24381360004,0.025340365667747167,-0.14498911069818252,a,flat,0.0,0.0
2020-08-28,108771.24381360004,0.025608554102419856,-0.13567590730712428,a,flat,0.0,0.0
2020-08-31,108771.24381360004,0.01681239521822564,-0.26605013536346933,a,flat,0.0,0.0
2020-09-01,108771.24381360004,0.01102486931670088,-0.3482582742118941,a,flat,0.0,0.0
2020-09-02,108771.24381360004,0.013075815856957829,-0.30804624519442797,a,flat,0.0,0.0
2020-09-03,108771.24381360004,0.018499240302369047,-0.21577054082211974,a,flat,0.0,0.0
2020-09-04,108771.24381360004,0.021471723559583822,-0.1604428026122364,a,flat,0.0,0.0
2020-09-07,108771.24381360004,0.024231970402345204,-0.10104078114136182,a,flat,0.0,0.0
2020-09-08,108771.24381360004,0.0274056720338392,-0.035623145709172584,a,flat,0.0,0.0
2020-09-09,108771.24381360004,0.027251403531830143,-0.021455797706274402,a,flat,0.0,0.0
2020-09-10,108771.24381360004,0.030035219817961034,0.04803047441639197,h,flat,0.0,0.0
2020-09-11,108771.24381360004,0.030035219817961034,0.07144409873707534,h,flat,0.0,0.0
2020-09-14,108771.24381360004,0.03313599749620916,0.15956481234187003,h,flat,0.0,0.0
2020-09-15,108771.24381360004,0.03311537176783952,0.1975182606765616,h,flat,0.0,0.0
2020-09-16,108771.24381360004,0.03313599749620916,0.25311823930695726,h,flat,0.0,0.0
2020-09-17,108771.24381360004,0.020895579161120115,0.041183955171562196,h,flat,0.0,0.0
2020-09-18,108771.24381360004,0.027154503155768672,0.24283640065220716,h,flat,0.0,0.0
2020-09-21,108771.24381360004,0.03926118004548873,0.6791980824859718,h,flat,0.0,0.0
2020-09-22,108771.24381360004,0.04855848421240244,1.0938340116607925,h,flat,0.0,0.0
2020-09-23,108771.24381360004,0.04547788436525513,1.0750988576827587,h,flat,0.0,0.0
2020-09-24,108564.83202480004,0.06470139488046062,1.8709862536736919,h,long_h_only,103205.89440000002,-0.001897668736359437
2020-09-25,108126.76482480003,0.06477936513798008,2.0129972246245065,h,long_h_only,102767.8272,-0.004035074635402536
2020-09-28,109885.87842480003,0.05505053289370315,1.6702220603499764,h,long_h_only,104526.94080000001,0.016268993184530345
2020-09-29,109790.05122480003,0.05259687238985333,1.5457666743126757,h,long_h_only,104431.11360000001,-0.0008720610998762535
2020-09-30,109790.05122480003,0.058886201297417395,1.7574556726000443,h,long_h_only,104431.11360000001,0.0
2020-10-09,109790.05122480003,0.062016094306345027,1.838408233907285,h,long_h_only,104431.11360000001,0.0
2020-10-12,110714.09922480003,0.0677541348153205,2.0064755420548925,h,long_h_only,105355.16159999999,0.008416500308465746
2020-10-14,107955.64482480001,0.07233320546069685,2.120472204017238,h,long_h_only,102596.70719999999,-0.02491511396754531
2020-10-15,106572.99522480002,0.08262850538935088,2.4205924404723875,h,long_h_only,101214.0576,-0.012807571130197704
2020-10-16,106572.99522480002,0.08262850538935088,2.344682677945445,h,long_h_only,101214.0576,0.0
2020-10-19,107031.59682480003,0.07919822186025863,2.1583534505268958,h,long_h_only,101672.6592,0.00430316891284388
2020-10-20,105655.79202480003,0.0863962285290569,2.336067146562536,h,long_h_only,100296.85440000001,-0.012854192974921741
2020-10-21,106114.39362480004,0.08607436690228695,2.258163267012055,h,long_h_only,100755.456,0.004340524936790713
2020-10-22,104731.74402480002,0.09341939364308172,2.4238310340745866,h,long_h_only,99372.8064,-0.013029802581625227
2020-10-23,111172.70082480003,0.04890597707448341,0.9560940246764932,h,long_h_only,105813.7632,0.061499565962300995
2020-10-27,109123.50460080002,0.05908595726867166,1.2722960314920138,h,flat,0.0,-0.018432548717417507
2020-10-28,108916.22206880002,0.06949404719179869,1.5815432485297964,h,long_h_only,103641.266,-0.0018995223142648232
2020-10-29,107054.69406880002,0.0737378316571333,1.6923145197160288,h,long_h_only,101779.738,-0.01709137504626368
2020-10-30,106582.36606880002,0.08361652824848403,1.9600853012259465,h,long_h_only,101307.41,-0.004412025125179908
2020-11-02,107985.45806880001,0.07001004143013936,1.506206263010133,h,long_h_only,102710.502,0.013164391556988786
2020-11-03,111250.07806880002,0.058886201297417395,1.1427379891125404,h,long_h_only,105975.122,0.030232033631047317
2020-11-04,110784.69606880003,0.06222567727333933,1.225845281754486,h,long_h_only,105509.74,-0.004183206053232524
2020-11-05,112653.17006880003,0.04890597707448341,0.8062039906097223,h,long_h_only,107378.214,0.016865813296446985
2020-11-06,112653.17006880003,0.05203587008341104,0.8953759784600264,h,long_h_only,107378.214,0.0
2020-11-09,114056.26206880003,0.05460773284454751,0.9631673074514212,h,long_h_only,108781.30600000001,0.012454971299459272
2020-11-10,120826.26432080004,0.01343089713572826,-0.2993659861570519,a,flat,0.0,0.05935669054204373
2020-11-11,120826.26432080004,0.013509086822258431,-0.29402800349401675,a,flat,0.0,0.0
2020-11-12,120826.26432080004,0.01649368666627421,-0.1983649895312004,a,flat,0.0,0.0
2020-11-13,120826.26432080004,0.02902596185305306,0.1900235563452719,h,flat,0.0,0.0
2020-11-16,120826.26432080004,0.04116145800993465,0.5671065399090242,h,flat,0.0,0.0
2020-11-17,120826.26432080004,0.016525680361683948,-0.1903526362898665,a,flat,0.0,0.0
2020-11-18,120826.26432080004,0.010483365905721465,-0.37951997634249296,a,flat,0.0,0.0
2020-11-19,120826.26432080004,0.01044398390789164,-0.3823857055468047,a,flat,0.0,0.0
2020-11-20,120826.26432080004,0.016515895830050087,-0.19589139901459365,a,flat,0.0,0.0
2020-11-23,120826.26432080004,0.007685197200696381,-0.45980005038842936,a,flat,0.0,0.0
2020-11-24,120826.26432080004,0.013655364187200147,-0.2722524263117199,a,flat,0.0,0.0
2020-11-25,120826.26432080004,-0.003994957003201904,-0.8116704022721664,a,flat,0.0,0.0
2020-11-26,120826.26432080004,-0.01564772771264933,-1.1607928234592744,a,flat,0.0,0.0
2020-11-27,120826.26432080004,-0.009874888942258131,-0.9770535940895776,a,flat,0.0,0.0
2020-11-30,120826.26432080004,0.040730533462758456,0.5581110451973678,h,flat,0.0,0.0
2020-12-01,120826.26432080004,0.04392733195881321,0.6434704811898261,h,flat,0.0,0.0
2020-12-02,120826.26432080004,0.037732030466501976,0.4420821281189327,h,flat,0.0,0.0
2020-12-03,120826.26432080004,0.03467600574946467,0.33531644468667343,h,flat,0.0,0.0
2020-12-04,120826.26432080004,0.04392733195881321,0.6112153977053191,h,flat,0.0,0.0
2020-12-07,120826.26432080004,0.0474852680156409,0.7116560786848833,h,flat,0.0,0.0
2020-12-08,120826.26432080004,0.05108502205409754,0.8155589786956241,h,flat,0.0,0.0
2020-12-09,120826.26432080004,0.04814298996781208,0.7101401701845417,h,flat,0.0,0.0
2020-12-10,120826.26432080004,0.060942543412124184,1.1276883905931525,h,flat,0.0,0.0
2020-12-11,120826.26432080004,0.04771721071382351,0.6670238074364989,h,flat,0.0,0.0
2020-12-14,120826.26432080004,0.03210762839046111,0.11875986232431471,h,flat,0.0,0.0
2020-12-15,120826.26432080004,0.029137224239034976,0.007810859030668421,h,flat,0.0,0.0
2020-12-16,120826.26432080004,0.029137224239034976,-0.01092890406245715,a,flat,0.0,0.0
2020-12-17,120826.26432080004,0.04138768814752247,0.4110875634444848,h,flat,0.0,0.0
2020-12-18,120826.26432080004,0.04419636170508867,0.5022539145056436,h,flat,0.0,0.0
2020-12-21,120826.26432080004,0.0474852680156409,0.6168159683482612,h,flat,0.0,0.0
2020-12-22,120826.26432080004,0.042066083903410045,0.39234344952982575,h,flat,0.0,0.0
2020-12-23,120826.26432080004,0.03884059730549838,0.24516003776713108,h,flat,0.0,0.0
2020-12-24,120826.26432080004,0.03230858536097836,-0.05204252911513767,a,flat,0.0,0.0
2020-12-28,120826.26432080004,0.0228686403802848,-0.4779280003321177,a,flat,0.0,0.0
2020-12-29,120826.26432080004,0.016603441854495804,-0.7689099164194181,a,flat,0.0,0.0
2020-12-30,120826.26432080004,0.016603441854495804,-0.777291016480511,a,flat,0.0,0.0
2020-12-31,120826.26432080004,0.02597906279467732,-0.3672056667570183,a,flat,0.0,0.0
2021-01-04,120826.26432080004,0.03525269958000654,0.04135914824620219,h,flat,0.0,0.0
2021-01-05,120826.26432080004,0.038500555608899534,0.1888565581777465,h,flat,0.0,0.0
2021-01-06,120826.26432080004,0.03184259274374118,-0.10758185153873452,a,flat,0.0,0.0
2021-01-07,120826.26432080004,0.03184259274374118,-0.1068303630741426,a,flat,0.0,0.0
2021-01-08,120826.26432080004,0.056424936041167495,0.9802167141996789,h,flat,0.0,0.0
2021-01-11,120826.26432080004,0.025745012875622753,-0.38218975723142695,a,flat,0.0,0.0
2021-01-12,120826.26432080004,0.03767450874572115,0.15026291648612913,h,flat,0.0,0.0
2021-01-13,120826.26432080004,0.016664059046352264,-0.7808040345169496,a,flat,0.0,0.0
2021-01-14,120826.26432080004,0.01072932352653777,-1.032554907067156,a,flat,0.0,0.0
2021-01-15,120826.26432080004,0.0016791731404843802,-1.4192032921641344,a,flat,0.0,0.0
2021-01-18,120803.36592080003,-0.013282305964680885,-2.025038540305232,a,long_a_only,114492.0,-0.00018951508704434517
2021-01-19,121151.36592080002,-0.021795252741497573,-2.3205657814669904,a,long_a_only,114840.0,0.0028807144349614067
2021-01-20,121499.36592080003,-0.015899003545639168,-2.019716959713418,a,long_a_only,115188.0,0.0028724397562922555
2021-01-21,120803.36592080003,-0.024830156436651596,-2.331768256970275,a,long_a_only,114492.0,-0.005728424956996769
2021-01-22,119063.36592080003,-0.007865772762474965,-1.6507685746618688,a,long_a_only,112752.00000000001,-0.014403572174808144
2021-01-25,118367.36592080003,0.010336387522777601,-0.9156398557147826,a,long_a_only,112056.0,-0.005845626777114421
2021-01-26,118344.95472080004,0.022833991605131887,-0.4071304714517607,a,flat,0.0,-0.0001893359696369945
2021-01-27,118344.95472080004,0.007209468789146467,-1.0408083596998075,a,flat,0.0,0.0
2021-01-28,118344.95472080004,0.022906674488398893,-0.3970572098885312,a,flat,0.0,0.0
2021-01-29,118344.95472080004,0.026301248052763126,-0.2602387281004157,a,flat,0.0,0.0
2021-02-01,118344.95472080004,0.02314168776239467,-0.38320895007453665,a,flat,0.0,0.0
2021-02-02,118344.95472080004,0.02952673465067479,-0.11650348047228637,a,flat,0.0,0.0
2021-02-03,118344.95472080004,0.019843485293928043,-0.5221652207234073,a,flat,0.0,0.0
2021-02-04,118344.95472080004,0.016658813693850583,-0.655707139770665,a,flat,0.0,0.0
2021-02-05,118344.95472080004,0.0134874525719072,-0.7862808101150714,a,flat,0.0,0.0
2021-02-08,118344.95472080004,0.01977678147947126,-0.5240068860507745,a,flat,0.0,0.0
2021-02-09,118344.95472080004,0.01653075456909081,-0.6591024823655648,a,flat,0.0,0.0
2021-02-10,118344.95472080004,0.025775812713141888,-0.2829567040403057,a,flat,0.0,0.0
2021-02-18,118322.51472080004,-0.009024708799642789,-1.7012067274103715,a,long_a_only,112200.0,-0.00018961518091697993
2021-02-19,116672.51472080004,-0.015346655881752602,-1.9198262532368218,a,long_a_only,110550.0,-0.013944936886216674
2021-02-22,119972.51472080006,-0.022015069951756616,-2.1362788605306138,a,long_a_only,113850.0,0.028284296502025352
2021-02-23,120632.51472080006,-0.040243164999218206,-2.749403217838201,a,long_a_only,114510.0,0.0055012600305657244
2021-02-24,117662.51472080004,-0.045210092625200315,-2.8180187169735236,a,long_a_only,111540.0,-0.02462022786206508
2021-02-25,119312.51472080006,-0.04917661046746963,-2.840181027870463,a,long_a_only,113190.0,0.014023157705878475
2021-02-26,117662.51472080004,-0.03705106192430596,-2.332696600727124,a,long_a_only,111540.0,-0.013829228257078774
2021-03-01,117992.51472080004,-0.04225588072776859,-2.4358720792260056,a,long_a_only,111870.0,0.002804631541175606
2021-03-02,115352.51472080004,-0.041434016334894685,-2.3420435224957203,a,long_a_only,109230.0,-0.022374300660062185
2021-03-03,116342.51472080004,-0.05441849400641596,-2.6784433907339613,a,long_a_only,110220.0,0.008582387669624714
2021-03-04,117002.51472080004,-0.059217059000913064,-2.721692889564344,a,long_a_only,110880.0,0.00567290471229609
2021-03-05,119312.51472080006,-0.062273128633054786,-2.7065846335325614,a,long_a_only,113190.0,0.019743165397019924
2021-03-08,121622.51472080004,-0.07250584575085445,-2.8884969227954076,a,long_a_only,115500.0,0.01936091955991004
2021-03-09,120632.51472080006,-0.06093483871027622,-2.4673144755101903,a,long_a_only,114510.0,-0.008139940226303155
2021-03-10,118322.51472080004,-0.07876295714770898,-2.8529315338797003,a,long_a_only,112200.0,-0.019149066114939495
2021-03-11,119619.81072080004,-0.0873133580144046,-2.949811895002611,a,flat,0.0,0.010964067177418935
2021-03-12,119597.10972080004,-0.08441059835644321,-2.756063244419066,a,long_a_only,113505.0,-0.00018977625748783922
2021-03-15,121242.10972080004,-0.0749817254384535,-2.429380658382253,a,long_a_only,115150.0,0.013754512996511759
2021-03-16,120255.10972080004,-0.07613809219430318,-2.377825856521028,a,long_a_only,114163.0,-0.008140735939624388
2021-03-17,119268.10972080003,-0.0797747324638719,-2.385466722600732,a,long_a_only,113176.0,-0.008207551448679129
2021-03-18,118610.10972080003,-0.08811439845162611,-2.493101276563572,a,long_a_only,112518.0,-0.005516981878394334
2021-03-19,116307.10972080004,-0.06485625596987482,-1.9052510126689126,a,long_a_only,110215.0,-0.01941655736952852
2021-03-22,117294.10972080003,-0.0638611621503909,-1.8380182484983516,a,long_a_only,111202.0,0.008486153618375791
2021-03-23,116307.10972080004,-0.05412545628315252,-1.5857872535825202,a,long_a_only,110215.0,-0.008414744801332197
2021-03-24,114991.10972080004,-0.05797858203026174,-1.6368398597418066,a,long_a_only,108899.0,-0.011314871491167722
2021-03-25,115320.10972080003,-0.05223628358092025,-1.4827024174776489,a,long_a_only,109228.0,0.0028610907469177604
2021-03-26,115649.10972080004,-0.0628004505647543,-1.6774168212886291,a,long_a_only,109557.0,0.0028529282602709483
2021-03-29,115649.10972080004,-0.07084429781449736,-1.8080155546896648,a,long_a_only,109557.0,0.0
2021-03-30,115649.10972080004,-0.07876456765296563,-1.9278042565897464,a,long_a_only,109557.0,0.0
2021-03-31,115649.10972080004,-0.060113498127775056,-1.505162378478091,a,long_a_only,109557.0,0.0
2021-04-01,115320.10972080003,-0.060424518066627964,-1.483567770295246,a,long_a_only,109228.0,-0.0028448122151072397
2021-04-07,114969.32992080004,-0.05797858203026174,-1.4070410369787338,a,flat,0.0,-0.003041792111100672
2021-04-08,114969.32992080004,-0.058278598036882734,-1.3874295837627073,a,flat,0.0,0.0
2021-04-09,114969.32992080004,-0.04420972473223467,-1.0788119962931302,a,flat,0.0,0.0
2021-04-12,114969.32992080004,-0.03841742279546917,-0.943563852964282,a,flat,0.0,0.0
2021-04-13,114969.32992080004,-0.05307714213279208,-1.2249254188385363,a,flat,0.0,0.0
2021-04-14,114969.32992080004,-0.06403920664195273,-1.4255011002636444,a,flat,0.0,0.0
2021-04-15,114969.32992080004,-0.06613761273115609,-1.4437877381852522,a,flat,0.0,0.0
2021-04-16,114969.32992080004,-0.06247941870527807,-1.3483255272061763,a,flat,0.0,0.0
2021-04-19,114969.32992080004,-0.06818572898367331,-1.4439169468103965,a,flat,0.0,0.0
2021-04-20,114969.32992080004,-0.06613761273115609,-1.3804894401279852,a,flat,0.0,0.0
2021-04-21,114969.32992080004,-0.056121284514020264,-1.1573355112936772,a,flat,0.0,0.0
2021-04-22,114969.32992080004,-0.06590006848930113,-1.3438523557890634,a,flat,0.0,0.0
2021-04-23,114969.32992080004,-0.06590006848930113,-1.3289253146178703,a,flat,0.0,0.0
2021-04-26,114969.32992080004,-0.06311416895955663,-1.248171697430109,a,flat,0.0,0.0
2021-04-27,114969.32992080004,-0.06652920327983403,-1.2990678356078031,a,flat,0.0,0.0
2021-04-28,114969.32992080004,-0.06867577688664112,-1.324560159541372,a,flat,0.0,0.0
2021-04-29,114969.32992080004,-0.0677383396113071,-1.286489605612953,a,flat,0.0,0.0
2021-04-30,114969.32992080004,-0.07756266091660657,-1.4785155963019954,a,flat,0.0,0.0
2021-05-06,114947.50192080004,-0.09651725453095544,-1.852987587030152,a,long_a_only,109140.0,-0.00018985933044080028
2021-05-07,116231.50192080004,-0.09723753032669741,-1.831458666087337,a,long_a_only,110424.0,0.011170316697136196
2021-05-10,119762.50192080004,-0.09949061972090334,-1.8436463293026544,a,long_a_only,113955.0,0.03037902755834665
2021-05-11,119441.50192080004,-0.08079868290257264,-1.420360069839095,a,long_a_only,113634.0,-0.002680304726869198
2021-05-12,122651.50192080004,-0.055354393529825074,-0.8639665026423458,a,long_a_only,116844.0,0.02687508067445865
2021-05-13,122651.50192080004,-0.050521367354825986,-0.7470370394365606,a,long_a_only,116844.0,0.0
2021-05-14,121367.50192080004,-0.05667078019100069,-0.865756377538953,a,long_a_only,115560.0,-0.010468685502352137
2021-05-17,121688.50192080004,-0.06363030283368487,-0.9992865229111997,a,long_a_only,115881.0,0.0026448595787154083
2021-05-18,127145.50192080004,-0.05301558995007449,-0.7586760345959406,a,long_a_only,121338.0,0.04484400673739608
2021-05-20,121688.50192080004,-0.06363030283368487,-0.9703023218817354,a,long_a_only,115881.0,-0.042919331927284476
2021-05-21,122651.50192080004,-0.052941728399606314,-0.72731665416135,a,long_a_only,116844.0,0.00791364824777574
2021-05-24,120725.50192080004,-0.07197527476586552,-1.119042416520988,a,long_a_only,114918.0,-0.015703028253528317
2021-05-25,123293.50192080004,-0.05948509904152344,-0.8367207696087052,a,long_a_only,117486.0,0.021271396342462
2021-05-26,122330.50192080004,-0.06051044490300728,-0.8450800342511494,a,long_a_only,116523.0,-0.007810630609053515
2021-05-27,121367.50192080004,-0.06880924771770236,-1.0064644337460371,a,long_a_only,115560.0,-0.007872116805532903
2021-05-28,121986.26152080005,-0.06809196752003122,-0.9752603753813665,a,flat,0.0,0.0050982313239320565
2021-05-31,121986.26152080005,-0.07920319294510192,-1.1921673430430701,a,flat,0.0,0.0
2021-06-01,121986.26152080005,-0.07872539909488707,-1.1628270510725067,a,flat,0.0,0.0
2021-06-02,121963.12052080005,-0.10400454812130577,-1.6636607930173026,a,long_a_only,115705.0,-0.00018970169026821804
2021-06-03,122914.12052080006,-0.09581896353486619,-1.464199704794529,a,long_a_only,116656.0,0.007797439061407285
2021-06-04,121646.12052080005,-0.11123689360768718,-1.749298398869988,a,long_a_only,115388.0,-0.010316145896235196
2021-06-07,122914.12052080006,-0.09581896353486619,-1.4074018675733677,a,long_a_only,116656.0,0.01042367808008482
2021-06-08,122280.12052080006,-0.09901414077943826,-1.448287283258847,a,long_a_only,116022.0,-0.0051580729481175425
2021-06-09,126401.12052080005,-0.07757154966952051,-0.9891065372962322,a,long_a_only,120143.0,0.03370130796770843
2021-06-10,127035.12052080005,-0.07893361627622975,-1.001847908024787,a,long_a_only,120777.0,0.005015778320538455
2021-06-11,133666.63372080005,-0.05343490676688745,-0.45756219986267793,a,flat,0.0,0.052202203397085034
2021-06-15,133666.63372080005,-0.0417506334512221,-0.19763913256758298,a,flat,0.0,0.0
2021-06-16,133666.63372080005,-0.035224659132635616,-0.04409959942852727,a,flat,0.0,0.0
2021-06-17,133666.63372080005,-0.0669581415359104,-0.7180952616362454,a,flat,0.0,0.0
2021-06-18,133666.63372080005,-0.06304133534303946,-0.6194016547802734,a,flat,0.0,0.0
2021-06-21,133666.63372080005,-0.05873406062519193,-0.5111470261906065,a,flat,0.0,0.0
2021-06-22,133666.63372080005,-0.050176565413943774,-0.3071761539342772,a,flat,0.0,0.0
2021-06-23,133666.63372080005,-0.06882874178870446,-0.7156397315111257,a,flat,0.0,0.0
2021-06-24,133666.63372080005,-0.08261761058678585,-1.0157024683998708,a,flat,0.0,0.0
2021-06-25,133666.63372080005,-0.1038748589404842,-1.485106815892069,a,flat,0.0,0.0
2021-06-28,133666.63372080005,-0.10371094583832818,-1.4643579252540744,a,flat,0.0,0.0
2021-06-29,133666.63372080005,-0.07639766673279191,-0.8149852326923057,a,flat,0.0,0.0
2021-06-30,133666.63372080005,-0.08298685306135933,-0.9579723383229499,a,flat,0.0,0.0
2021-07-02,133666.63372080005,-0.09707569376201575,-1.2780312110963585,a,flat,0.0,0.0
2021-07-05,133641.27572080004,-0.11628514035688953,-1.7103362504879058,a,long_a_only,126790.0,-0.00018971076995155656
2021-07-06,135191.27572080004,-0.09422481507245217,-1.1618100050955946,a,long_a_only,128339.99999999999,0.011598213139166758
2021-07-07,132091.27572080004,-0.10253471214604659,-1.341293954799051,a,long_a_only,125240.0,-0.02293047375632573
2021-07-08,128681.27572080005,-0.08387951996235499,-0.8766916286333253,a,long_a_only,121830.0,-0.02581548237301956
2021-07-09,128681.27572080005,-0.08171680723781649,-0.8121507792687314,a,long_a_only,121830.0,0.0
2021-07-12,127441.27572080005,-0.08097638198238499,-0.7828641122923836,a,long_a_only,120590.0,-0.009636211585984156
2021-07-13,127751.27572080004,-0.08717930650838335,-0.9280670456289905,a,long_a_only,120900.0,0.002432492912885831
2021-07-14,126201.27572080004,-0.08690493759188833,-0.910063299589333,a,long_a_only,119350.0,-0.012132951246510593
2021-07-15,125581.27572080004,-0.09652073642018522,-1.1606937774189707,a,long_a_only,118730.0,-0.004912787105034067
2021-07-16,124651.27572080004,-0.08881255680523004,-0.9429994632780331,a,long_a_only,117800.0,-0.007405562610047323
2021-07-19,122791.27572080005,-0.10244918861642816,-1.3084248220855546,a,long_a_only,115940.0,-0.014921628272510423
2021-07-20,121551.27572080005,-0.08561288449475624,-0.8287734874740643,a,long_a_only,114700.0,-0.010098437309336905
2021-07-21,121241.27572080004,-0.08363894738034994,-0.7606901035561517,a,long_a_only,114390.0,-0.002550364018491069
2021-07-22,122791.27572080005,-0.09793650546983756,-1.152498230046139,a,long_a_only,115940.0,0.012784425030048618
2021-07-23,121861.27572080004,-0.09452310816478593,-1.03746698016893,a,long_a_only,115010.0,-0.00757382798200279
2021-07-26,119978.64572080004,-0.09453823783838555,-1.0207738648442888,a,flat,0.0,-0.015448960212047669
2021-07-27,119978.64572080004,-0.08561288449475624,-0.7500514382482232,a,flat,0.0,0.0
2021-07-28,119978.64572080004,-0.10809183737085482,-1.3751793564877643,a,flat,0.0,0.0
2021-07-29,119978.64572080004,-0.10116776690152984,-1.157915664363856,a,flat,0.0,0.0
2021-07-30,119978.64572080004,-0.08831924609249941,-0.7744980353646291,a,flat,0.0,0.0
2021-08-02,119978.64572080004,-0.10496948229567449,-1.2581267140838193,a,flat,0.0,0.0
2021-08-03,119955.90272080003,-0.11954620223563484,-1.675836464905561,a,long_a_only,113715.0,-0.0001895587324174386
2021-08-04,120585.90272080003,-0.11632233650737045,-1.5738586712537395,a,long_a_only,114345.0,0.005251929965183422
2021-08-05,119325.90272080003,-0.10872805668324947,-1.3411579221727443,a,long_a_only,113085.0,-0.0104489826055153
2021-08-06,119325.90272080003,-0.10872805668324947,-1.3428988711423535,a,long_a_only,113085.0,0.0
2021-08-09,119010.90272080003,-0.11390260502017668,-1.5237720113506545,a,long_a_only,112770.0,-0.002639829180568154
2021-08-10,119325.90272080003,-0.11345696089193447,-1.5151894685623328,a,long_a_only,113085.0,0.0026468163235346953
2021-08-11,120585.90272080003,-0.1277894686195189,-2.014945888451723,a,long_a_only,114345.0,0.010559316722272394
2021-08-12,120585.90272080003,-0.14353207302577176,-2.555354928770546,a,long_a_only,114345.0,0.0
2021-08-13,119325.90272080003,-0.14790101182154136,-2.7062204426571053,a,long_a_only,113085.0,-0.0104489826055153
2021-08-16,120585.90272080003,-0.13004916495488095,-2.0710118593486397,a,long_a_only,114345.0,0.010559316722272394
2021-08-17,118695.90272080003,-0.11669980964123805,-1.6087757940479277,a,long_a_only,112455.0,-0.015673473908273006
2021-08-18,119010.90272080003,-0.11858290373232616,-1.678511074525702,a,long_a_only,112770.0,0.0026538405520277752
2021-08-19,116490.90272080003,-0.10030584938576437,-0.9332073041242203,a,long_a_only,110250.0,-0.021174530588276674
2021-08-20,115524.04172080004,-0.08631529744280614,-0.3402266998159801,a,flat,0.0,-0.008299884174795324
2021-08-23,115524.04172080004,-0.10316708166679656,-1.037324534932137,a,flat,0.0,0.0
2021-08-24,115524.04172080004,-0.09347171700019885,-0.6119367175787175,a,flat,0.0,0.0
2021-08-25,115524.04172080004,-0.0809127610336472,-0.06271158713988978,a,flat,0.0,0.0
2021-08-26,115524.04172080004,-0.07268226189713156,0.3097001297113709,h,flat,0.0,0.0
2021-08-27,115524.04172080004,-0.06095943167125706,0.8368459412711009,h,flat,0.0,0.0
2021-08-30,115524.04172080004,-0.06501743128395943,0.6733554201375321,h,flat,0.0,0.0
2021-08-31,115524.04172080004,-0.0743555636721761,0.26553189377996217,h,flat,0.0,0.0
2021-09-01,115524.04172080004,-0.07656892826122619,0.1733739080522616,h,flat,0.0,0.0
2021-09-02,115524.04172080004,-0.07584816561546548,0.2114735046419143,h,flat,0.0,0.0
2021-09-03,115524.04172080004,-0.07557526787082547,0.22502312323522622,h,flat,0.0,0.0
2021-09-06,115524.04172080004,-0.08314150825414113,-0.10862061236672729,a,flat,0.0,0.0
2021-09-07,115524.04172080004,-0.06489493043009598,0.7112511402551024,h,flat,0.0,0.0
2021-09-08,115524.04172080004,-0.05103251237772677,1.3150272353331454,h,flat,0.0,0.0
2021-09-09,115304.62324800005,-0.03078652098033363,2.1601381854043002,h,long_h_only,109709.23640000001,-0.0018993316848304742
2021-09-10,117269.60524800005,-0.05882002636630024,0.917589759229491,h,long_h_only,111674.21840000001,0.017041658388438297
2021-09-13,122839.31284800003,-0.03872795763616077,1.7615719540183847,h,long_h_only,117243.92599999999,0.047494895102795365
2021-09-14,127424.27084800004,-0.029325659795010117,2.1093557880230462,h,long_h_only,121828.884,0.037324842460437546
2021-09-15,128812.56902720006,0.008288865190371086,3.480709954192894,h,flat,0.0,0.010895084350579287
2021-09-16,128568.23358720005,-0.004115392640190896,2.860205244956079,h,long_h_only,122167.72000000002,-0.0018968291824722483
2021-09-17,128568.23358720005,-0.02566795102592523,1.9789190535879733,h,long_h_only,122167.72000000002,0.0
2021-09-23,128000.83436960007,0.027311728185670625,3.748358016415776,h,flat,0.0,-0.004413214693621437
2021-09-24,127758.01968960007,0.02114910901929079,3.3393760283318707,h,long_h_only,121407.34000000001,-0.001896977322029536
2021-09-27,129107.27608640006,0.04998466231202259,4.008667203948949,h,flat,0.0,0.01056103092454097
2021-09-28,128862.45002880006,0.0793524188372533,4.477584236977112,h,long_h_only,122413.02880000003,-0.001896299457484929
2021-09-29,120535.10739920003,0.0599729895728468,3.6540041843699465,h,flat,0.0,-0.06462194865718374
2021-09-30,120306.21728720004,0.04966986759666503,3.193948329908724,h,long_h_only,114445.056,-0.001898949749486123
2021-10-08,131784.09128720005,0.021600832519750757,2.380019228028497,h,long_h_only,125922.93,0.09540549323896985
2021-10-11,133332.72728720005,-0.007634717610672914,1.6015166284818803,h,long_h_only,127471.566,0.01175131220220682
2021-10-12,130851.48728720004,-0.01927861309663359,1.2891740388964283,h,long_h_only,124990.326,-0.01860938458609185
2021-10-15,130851.48728720004,-0.027594669338291133,1.0682605979171371,h,long_h_only,124990.326,0.0
2021-10-18,132712.41728720005,-0.028424289753300247,1.0411980783922645,h,long_h_only,126851.25600000001,0.014221695439468274
2021-10-19,132712.41728720005,-0.03672309256799533,0.8328674573355296,h,long_h_only,126851.25600000001,0.0
2021-10-20,131532.24542720005,-0.05007774275129706,0.4978995209919267,h,flat,0.0,-0.008892701106076761
2021-10-21,131532.24542720005,-0.041844366079134665,0.697872169984189,h,flat,0.0,0.0
2021-10-22,131532.24542720005,-0.045377696684977376,0.604415412104997,h,flat,0.0,0.0
2021-10-25,131532.24542720005,-0.01866295472967272,1.253070807291529,h,flat,0.0,0.0
2021-10-26,131532.24542720005,-0.03115450407550946,0.9325925240759503,h,flat,0.0,0.0
2021-10-27,131532.24542720005,-0.02205840663436709,1.1416494647706676,h,flat,0.0,0.0
2021-10-28,131532.24542720005,-0.058142378342705636,0.25659880775744115,h,flat,0.0,0.0
2021-10-29,131532.24542720005,-0.05537875916828949,0.32213787209620914,h,flat,0.0,0.0
2021-11-01,131532.24542720005,-0.07391623148270354,-0.1309839314257283,a,flat,0.0,0.0
2021-11-02,131532.24542720005,-0.08032587019554993,-0.2846241773932247,a,flat,0.0,0.0
2021-11-03,131532.24542720005,-0.08481046773670209,-0.3906222774244218,a,flat,0.0,0.0
2021-11-04,131532.24542720005,-0.10418153349270187,-0.8554688027546407,a,flat,0.0,0.0
2021-11-05,131532.24542720005,-0.10031107660797323,-0.7524630340737096,a,flat,0.0,0.0
2021-11-08,131532.24542720005,-0.11053099700257174,-0.9908862352446676,a,flat,0.0,0.0
2021-11-09,131532.24542720005,-0.12575971770439642,-1.346641290891783,a,flat,0.0,0.0
2021-11-10,131532.24542720005,-0.1279333266514493,-1.3841144298412,a,flat,0.0,0.0
2021-11-11,131507.25822720004,-0.13777329859112586,-1.5982226856600863,a,long_a_only,124936.0,-0.000189970147007279
2021-11-12,131507.25822720004,-0.14206030054219299,-1.6683800783725817,a,long_a_only,124936.0,0.0
2021-11-15,131507.25822720004,-0.1399346097554478,-1.5856396323892115,a,long_a_only,124936.0,0.0
2021-11-16,130219.25822720004,-0.15882313305092377,-1.972618407595971,a,long_a_only,123648.0,-0.009794136212426974
2021-11-17,131829.25822720004,-0.15849797657079157,-1.9163229093159522,a,long_a_only,125258.0,0.012363762640937193
2021-11-18,130219.25822720004,-0.1502973967909943,-1.6945153373215485,a,long_a_only,123648.0,-0.012212766889921012
2021-11-19,131829.25822720004,-0.13736060576027487,-1.3807312266459326,a,long_a_only,125258.0,0.012363762640937193
2021-11-22,132473.25822720004,-0.1192614317578854,-0.9666348454878676,a,long_a_only,125902.0,0.004885106755968316
2021-11-23,132795.25822720004,-0.12105548788826825,-0.9905438588067759,a,long_a_only,126224.0,0.002430679250356782
2021-11-24,135049.25822720004,-0.11836714035241214,-0.9197232726496927,a,long_a_only,128478.0,0.01697349762401612
2021-11-25,132795.25822720004,-0.12751679842393682,-1.1024759823385737,a,long_a_only,126224.0,-0.016690206444584743
2021-11-26,130219.25822720004,-0.12189262982137505,-0.965499204371221,a,long_a_only,123648.0,-0.019398282998875693
2021-11-29,129575.25822720004,-0.1271145738025269,-1.0633479985130279,a,long_a_only,123004.0,-0.00494550505637481
2021-11-30,128931.25822720004,-0.12790039954922916,-1.064613275404165,a,long_a_only,122360.0,-0.004970084635068206
2021-12-01,132795.25822720004,-0.10571076956704273,-0.5817414443161314,a,long_a_only,126224.0,0.029969458555899164
2021-12-02,133413.88462720002,-0.10284593221116134,-0.5153108678060954,a,flat,0.0,0.004658497662179739
2021-12-03,133413.88462720002,-0.11305306643528168,-0.7319212101024825,a,flat,0.0,0.0
2021-12-06,133413.88462720002,-0.11811636839182837,-0.8344496723803515,a,flat,0.0,0.0
2021-12-07,133413.88462720002,-0.10517633952883321,-0.5592420112242472,a,flat,0.0,0.0
2021-12-08,133413.88462720002,-0.10165076220431635,-0.4825587611470811,a,flat,0.0,0.0
2021-12-09,133413.88462720002,-0.09575052959584895,-0.35704119592702677,a,flat,0.0,0.0
2021-12-10,133413.88462720002,-0.10731409110641732,-0.5981858311772852,a,flat,0.0,0.0
2021-12-13,133413.88462720002,-0.11160109305748445,-0.6825834510552748,a,flat,0.0,0.0
2021-12-14,133413.88462720002,-0.12105548788826825,-0.870445003781983,a,flat,0.0,0.0
2021-12-15,133413.88462720002,-0.1178048930305664,-0.7879578243854855,a,flat,0.0,0.0
2021-12-16,133413.88462720002,-0.11232663292996159,-0.65912629233097,a,flat,0.0,0.0
2021-12-17,133413.88462720002,-0.1080152724053246,-0.559369834000969,a,flat,0.0,0.0
2021-12-20,133413.88462720002,-0.10826504937213932,-0.5563067910125753,a,flat,0.0,0.0
2021-12-21,133413.88462720002,-0.08469594511556366,-0.049909841100724106,a,flat,0.0,0.0
2021-12-22,133413.88462720002,-0.09397118140296357,-0.24024953789679787,a,flat,0.0,0.0
2021-12-23,133413.88462720002,-0.0818832954474662,0.020181102733347854,h,flat,0.0,0.0
2021-12-24,133413.88462720002,-0.10151698645881357,-0.3955661600409943,a,flat,0.0,0.0
2021-12-28,133413.88462720002,-0.10838104699154016,-0.5410672401905278,a,flat,0.0,0.0
2021-12-29,133413.88462720002,-0.11305306643528168,-0.6385164964908586,a,flat,0.0,0.0
2021-12-30,133413.88462720002,-0.10688459765288338,-0.5011107992577339,a,flat,0.0,0.0
2021-12-31,133413.88462720002,-0.1043561512995248,-0.44310074379028463,a,flat,0.0,0.0
2022-01-04,133413.88462720002,-0.09714358793000832,-0.2896088182809052,a,flat,0.0,0.0
2022-01-05,133413.88462720002,-0.10300273058178033,-0.4171947147105598,a,flat,0.0,0.0
2022-01-06,133413.88462720002,-0.09616985289354296,-0.2712341196616361,a,flat,0.0,0.0
2022-01-07,133413.88462720002,-0.08442748389973775,-0.02428728660852755,a,flat,0.0,0.0
2022-01-10,133413.88462720002,-0.08178922933075128,0.03159024184855527,h,flat,0.0,0.0
2022-01-11,133413.88462720002,-0.0894774466809708,-0.13093841839702117,a,flat,0.0,0.0
2022-01-12,133413.88462720002,-0.09724436177298157,-0.29352722410786075,a,flat,0.0,0.0
2022-01-13,133413.88462720002,-0.08115647725660002,0.04826032066414944,h,flat,0.0,0.0
2022-01-14,133413.88462720002,-0.11411568465429123,-0.6481859185802857,a,flat,0.0,0.0
2022-01-17,133413.88462720002,-0.11297098781750547,-0.6201014896212768,a,flat,0.0,0.0
2022-01-18,133413.88462720002,-0.09660323684291594,-0.2708950709076287,a,flat,0.0,0.0
2022-01-19,133413.88462720002,-0.10385330689233507,-0.4246003959277723,a,flat,0.0,0.0
2022-01-20,133413.88462720002,-0.1087347778724087,-0.523577784111299,a,flat,0.0,0.0
2022-01-21,133413.88462720002,-0.14134168494672095,-1.1977554114112081,a,flat,0.0,0.0
2022-01-24,133413.88462720002,-0.12152514261450253,-0.774073787241551,a,flat,0.0,0.0
2022-01-25,133413.88462720002,-0.14268905709834745,-1.2036421994159243,a,flat,0.0,0.0
2022-01-26,133413.88462720002,-0.130081484027034,-0.9305127887205733,a,flat,0.0,0.0
2022-01-27,133413.88462720002,-0.13522373119165787,-1.024470701533843,a,flat,0.0,0.0
2022-01-28,133388.59422720002,-0.1730130287843724,-1.7746876386616952,a,long_a_only,126452.0,-0.0001895634781242661
2022-02-07,145282.59422720002,-0.12106505882634833,-0.7058671598788433,a,long_a_only,138346.0,0.08916804370650322
2022-02-08,146534.59422720002,-0.11757517161615816,-0.6284601344225977,a,long_a_only,139598.0,0.00861768752588521
2022-02-09,145282.59422720002,-0.12475743859026645,-0.7702372729064603,a,long_a_only,138346.0,-0.008544057508077518
2022-02-10,146221.59422720002,-0.11243491430369179,-0.5207246133860022,a,long_a_only,139285.0,0.006463265644413907
2022-02-11,153078.36002720002,-0.07341256191925316,0.26804314209462693,h,flat,0.0,0.04689297662386238
2022-02-14,153078.36002720002,-0.0890244408341383,-0.054097839227221604,a,flat,0.0,0.0
2022-02-15,153078.36002720002,-0.09207752195309593,-0.11941872831798056,a,flat,0.0,0.0
2022-02-16,153078.36002720002,-0.09241199842858405,-0.13008888405047794,a,flat,0.0,0.0
2022-02-17,153078.36002720002,-0.08701711060741946,-0.02415992268858846,a,flat,0.0,0.0
2022-02-18,153078.36002720002,-0.09241199842858405,-0.14125688877704248,a,flat,0.0,0.0
2022-02-21,153078.36002720002,-0.10535205316179208,-0.4161572829088294,a,flat,0.0,0.0
2022-02-22,153078.36002720002,-0.07887861082226677,0.12020252048685497,h,flat,0.0,0.0
2022-02-23,153078.36002720002,-0.09138392977375986,-0.1474749946269057,a,flat,0.0,0.0
2022-02-24,153078.36002720002,-0.07600494159527427,0.16719687917999715,h,flat,0.0,0.0
2022-02-25,153078.36002720002,-0.07681004982230755,0.14335468452032427,h,flat,0.0,0.0
2022-02-28,153078.36002720002,-0.0831704629038077,0.00688634318284666,h,flat,0.0,0.0
2022-03-01,153078.36002720002,-0.08232923255448332,0.02385184452243775,h,flat,0.0,0.0
2022-03-02,153078.36002720002,-0.084769115264,-0.030618243482853,a,flat,0.0,0.0
2022-03-03,153078.36002720002,-0.07890354059838744,0.09009042149885636,h,flat,0.0,0.0
2022-03-04,153078.36002720002,-0.09650852300682744,-0.27705877822915814,a,flat,0.0,0.0
2022-03-07,153078.36002720002,-0.10622253711026952,-0.474908160953375,a,flat,0.0,0.0
2022-03-08,153078.36002720002,-0.0887205080609873,-0.10273098601663569,a,flat,0.0,0.0
2022-03-09,153078.36002720002,-0.08748081440492994,-0.07279598721736506,a,flat,0.0,0.0
2022-03-10,153078.36002720002,-0.07302734715046855,0.23084823072451954,h,flat,0.0,0.0
2022-03-11,153078.36002720002,-0.07483322619672717,0.1925665879508836,h,flat,0.0,0.0
2022-03-14,153078.36002720002,-0.06593019855459514,0.37781669190153283,h,flat,0.0,0.0
2022-03-15,153078.36002720002,-0.10200338743203818,-0.37538631336077105,a,flat,0.0,0.0
2022-03-16,153078.36002720002,-0.10626031197717623,-0.4603358759499462,a,flat,0.0,0.0
2022-03-17,153078.36002720002,-0.12925733250586935,-0.9289007494435298,a,flat,0.0,0.0
2022-03-18,153078.36002720002,-0.11725125706389106,-0.6663226176997893,a,flat,0.0,0.0
2022-03-21,153078.36002720002,-0.11882767958215179,-0.686403419209996,a,flat,0.0,0.0
2022-03-22,153078.36002720002,-0.1256180805224304,-0.8161549576301503,a,flat,0.0,0.0
2022-03-23,153078.36002720002,-0.11877212629965272,-0.6602125909527696,a,flat,0.0,0.0
2022-03-24,153078.36002720002,-0.12753052739683635,-0.8299761355206531,a,flat,0.0,0.0
2022-03-25,153078.36002720002,-0.12668534893498085,-0.8004487108229271,a,flat,0.0,0.0
2022-03-28,153078.36002720002,-0.10941741192061516,-0.41744382096361615,a,flat,0.0,0.0
2022-03-29,153078.36002720002,-0.10200199815318811,-0.24462395864947445,a,flat,0.0,0.0
2022-03-30,153078.36002720002,-0.1157483686479005,-0.5341268401377187,a,flat,0.0,0.0
2022-03-31,153078.36002720002,-0.10686155460147462,-0.3188482393063919,a,flat,0.0,0.0
2022-04-01,153078.36002720002,-0.102681295179332,-0.20224996417308033,a,flat,0.0,0.0
2022-04-06,153078.36002720002,-0.10421194380399101,-0.21947142092003755,a,flat,0.0,0.0
2022-04-07,153078.36002720002,-0.10387127300659327,-0.18847224848670516,a,flat,0.0,0.0
2022-04-08,153078.36002720002,-0.10126161370556641,-0.08490317817591513,a,flat,0.0,0.0
2022-04-11,153078.36002720002,-0.10385330689233507,-0.1410538470397727,a,flat,0.0,0.0
2022-04-12,153078.36002720002,-0.09730608204878577,0.10234202187550259,h,flat,0.0,0.0
2022-04-13,153078.36002720002,-0.10122098458296613,-0.008332558313147996,a,flat,0.0,0.0
2022-04-14,153078.36002720002,-0.09719716591890004,0.15886394558188244,h,flat,0.0,0.0
2022-04-19,153078.36002720002,-0.10459998116528613,-0.09002966419718568,a,flat,0.0,0.0
2022-04-20,153078.36002720002,-0.11599637415154951,-0.5052933113803384,a,flat,0.0,0.0
2022-04-21,153049.32322720002,-0.15148539269018746,-1.84375764824509,a,long_a_only,145184.0,-0.0001896858575884952
2022-04-22,156190.32322720002,-0.12426846028325367,-0.7841542644732008,a,long_a_only,148325.0,0.020522795748251887
2022-04-25,149908.32322720002,-0.1338286059752819,-1.152637440679071,a,long_a_only,142043.0,-0.04022016134035389
2022-04-26,148163.3232272,-0.13596295050094576,-1.2570061359144802,a,long_a_only,140297.99999999997,-0.011640447724542424
2022-04-27,150606.32322720002,-0.1268810582836044,-0.8760906778754131,a,long_a_only,142741.0,0.016488561047283135
2022-04-28,153369.21662720002,-0.11560389859638265,-0.36947675752310516,a,flat,0.0,0.01834513545511629
2022-04-29,153369.21662720002,-0.0839804330839804,1.135804499377929,h,flat,0.0,0.0
2022-05-05,153369.21662720002,-0.1091392044254127,-0.038619260666152094,a,flat,0.0,0.0
2022-05-06,153369.21662720002,-0.12964146269172228,-1.0240175345120206,a,flat,0.0,0.0
2022-05-10,153369.21662720002,-0.11762780047497368,-0.4213211130659742,a,flat,0.0,0.0
2022-05-11,153369.21662720002,-0.10511478180164979,0.20818094937394777,h,flat,0.0,0.0
2022-05-12,153369.21662720002,-0.11306905986312177,-0.18456566534620844,a,flat,0.0,0.0
2022-05-13,153369.21662720002,-0.11396869922393016,-0.22387939417048752,a,flat,0.0,0.0
2022-05-16,153369.21662720002,-0.10343043102535299,0.29866141495613124,h,flat,0.0,0.0
2022-05-17,153369.21662720002,-0.11606844701861718,-0.3362476178200818,a,flat,0.0,0.0
2022-05-18,153369.21662720002,-0.12957737884171505,-1.00998291347953,a,flat,0.0,0.0
2022-05-19,153369.21662720002,-0.1348053899549272,-1.274446276838293,a,flat,0.0,0.0
2022-05-20,153369.21662720002,-0.13372479552528904,-1.2300465338377826,a,flat,0.0,0.0
2022-05-23,153340.08342720004,-0.13953781926906939,-1.522866691696212,a,long_a_only,145666.0,-0.0001899546769597027
2022-05-24,151956.08342720004,-0.14908443115264924,-2.0258953385154883,a,long_a_only,144282.0,-0.009025689624442279
2022-05-25,156108.08342720004,-0.13596615800945377,-1.395738575699983,a,long_a_only,148434.0,0.027323683964184164
2022-05-26,157146.08342720004,-0.13276316661654808,-1.2538254472049748,a,long_a_only,149472.0,0.006649239278400776
2022-05-27,162305.15102720002,-0.11533552902265343,-0.35318423825633355,a,flat,0.0,0.032829756157365386
2022-05-30,162305.15102720002,-0.1157483686479005,-0.3768428934763302,a,flat,0.0,0.0
2022-05-31,162305.15102720002,-0.10995898066348664,-0.07545769272272262,a,flat,0.0,0.0
2022-06-01,162305.15102720002,-0.124479267189881,-0.8411082268673322,a,flat,0.0,0.0
2022-06-02,162305.15102720002,-0.13251493253818536,-1.2610192927679058,a,flat,0.0,0.0
2022-06-06,162305.15102720002,-0.13526870376244915,-1.3918636907528872,a,flat,0.0,0.0
2022-06-07,162274.3182272,-0.14247821143676132,-1.7473346857539287,a,long_a_only,154164.0,-0.00018996809284776983
2022-06-08,166102.3182272,-0.13568043983513767,-1.384970038236489,a,long_a_only,157992.0,0.02358968468837075
2022-06-09,170593.81502720003,-0.11269949143595914,-0.1920135790240649,a,flat,0.0,0.027040542527867695
2022-06-10,170593.81502720003,-0.08694988933677295,1.1287130322751766,h,flat,0.0,0.0
2022-06-13,170593.81502720003,-0.08694988933677295,1.111857521319915,h,flat,0.0,0.0
2022-06-14,170269.94117120001,-0.03742721367343693,3.433883169204572,h,long_h_only,161936.928,-0.001898508782093744
2022-06-15,166953.2329792,-0.03531653066482909,3.3387431083534014,h,flat,0.0,-0.01947911750709541
2022-06-16,166636.2412384,-0.04299270558159085,2.8571138743473536,h,long_h_only,158495.8704,-0.0018986858483865943
2022-06-17,162376.1168384,-0.03710249355886519,2.9826626039764803,h,long_h_only,154235.746,-0.025565413431914874
2022-06-20,159703.5168384,-0.09207232711248636,0.6105585679644544,h,long_h_only,151563.14600000004,-0.016459317121493955
2022-06-21,161395.49713679997,-0.10429567656852534,0.08274420685557711,h,flat,0.0,0.010594508698966498
2022-06-22,161395.49713679997,-0.09284799940838206,0.564831761877116,h,flat,0.0,0.0
2022-06-23,161395.49713679997,-0.08099537143360858,1.0573351150340218,h,flat,0.0,0.0
2022-06-24,161395.49713679997,-0.08637485660287159,0.8156129187280792,h,flat,0.0,0.0
2022-06-27,161395.49713679997,-0.0894282567099548,0.6772404019440517,h,flat,0.0,0.0
2022-06-28,161395.49713679997,-0.09380044787464559,0.48518287350332845,h,flat,0.0,0.0
2022-06-29,161395.49713679997,-0.09493172945079198,0.44167992910787746,h,flat,0.0,0.0
2022-06-30,161395.49713679997,-0.08916865797089868,0.6854280885554792,h,flat,0.0,0.0
2022-07-04,161395.49713679997,-0.08075760149737632,1.0434831450078723,h,flat,0.0,0.0
2022-07-05,161088.84700559996,-0.06483007480127512,1.6891464695627,h,long_h_only,153325.06560000003,-0.0018999918624748036
2022-07-06,154475.99740559995,-0.06582395610773972,1.6143453892676798,h,long_h_only,146712.216,-0.04105094625061245
2022-07-07,153650.77580559996,-0.07329495148731535,1.2808915212903675,h,long_h_only,145886.9944,-0.005342070055280201
2022-07-08,154891.37740559992,-0.07265307839049051,1.2866027985507336,h,long_h_only,147127.596,0.008074164243528248
2022-07-11,154060.61740559997,-0.08016296259895017,0.9657132662256078,h,long_h_only,146296.83600000004,-0.005363500628085438
2022-07-12,154475.99740559995,-0.08469244041212243,0.7742417407647769,h,long_h_only,146712.216,0.002696211445825769
2022-07-13,153650.77580559996,-0.08518569800883702,0.7462556024705017,h,long_h_only,145886.9944,-0.005342070055280201
2022-07-14,152820.01580559995,-0.08564859946761738,0.722482284471792,h,long_h_only,145056.23440000002,-0.005406806413077225
2022-07-15,150754.19260559994,-0.08685673123220594,0.6745539797200489,h,long_h_only,142990.4112,-0.013518014568378978
2022-07-18,156957.20060559997,-0.09030023082535954,0.5383585198655958,h,long_h_only,149193.4192,0.04114650407254827
2022-07-19,157782.42220559996,-0.08507382508321992,0.7493381045144756,h,long_h_only,150018.6408,0.00525762180273337
2022-07-20,158607.64380559995,-0.08223509791960404,0.85748776252608,h,long_h_only,150843.86239999998,0.005230123789864649
2022-07-21,156957.20060559997,-0.08323306360226712,0.8181318564417582,h,long_h_only,149193.4192,-0.010405823832947636
2022-07-22,156541.82060559996,-0.0787728698804504,0.9842683625110479,h,long_h_only,148778.03920000003,-0.002646453927550363
2022-07-25,155301.21900559997,-0.07476381985640579,1.1284925490373636,h,long_h_only,147537.4376,-0.007925049007355245
2022-07-26,158720.50532079997,-0.08199881069470871,0.8295143941614709,h,flat,0.0,0.02201712476626927
2022-07-27,158720.50532079997,-0.09752090510777467,0.2028712607527114,h,flat,0.0,0.0
2022-07-28,158720.50532079997,-0.08612723186596394,0.6525993472127494,h,flat,0.0,0.0
2022-07-29,158720.50532079997,-0.08923629337858774,0.5150888910958029,h,flat,0.0,0.0
2022-08-01,158720.50532079997,-0.08273464273004749,0.7657114412041639,h,flat,0.0,0.0
2022-08-02,158720.50532079997,-0.09108174550860626,0.4144092027273107,h,flat,0.0,0.0
2022-08-03,158720.50532079997,-0.09611694432697471,0.1974863285530978,h,flat,0.0,0.0
2022-08-04,158720.50532079997,-0.08564859946761738,0.6164634486202003,h,flat,0.0,0.0
2022-08-05,158720.50532079997,-0.07300160680161594,1.1458331044432444,h,flat,0.0,0.0
2022-08-08,158720.50532079997,-0.0705890603962318,1.227973562943325,h,flat,0.0,0.0
2022-08-09,158720.50532079997,-0.06779055475292262,1.3236997681008167,h,flat,0.0,0.0
2022-08-10,158419.17179599998,-0.05842536598592618,1.6877301535311828,h,long_h_only,150666.7624,-0.0018985166673388676
2022-08-11,160174.18219599998,-0.05540629327334168,1.774082674999002,h,long_h_only,152421.7728,0.011078270263020773
2022-08-12,161923.32299599997,-0.05471837975581928,1.7799468808493428,h,long_h_only,154170.91359999997,0.010920241801888109
2022-08-15,156670.03099600002,-0.03775836093945306,2.4056515970926866,h,long_h_only,148917.6216,-0.03244308418824715
2022-08-16,153165.879796,-0.02912420758487888,2.6515796481102476,h,long_h_only,145413.47040000002,-0.022366442246312457
2022-08-17,154915.020596,-0.03583008229843643,2.315701666945356,h,long_h_only,147162.6112,0.011419911551643569
2022-08-18,155789.59099599998,-0.04982735199514554,1.745018201584226,h,long_h_only,148037.1816,0.005645484838302295
2022-08-19,157984.82139599998,-0.0467784117025134,1.8201192926329623,h,long_h_only,150232.412,0.014090995335217071
2022-08-22,157984.82139599998,-0.03741066169891316,2.1090668724416517,h,long_h_only,150232.412,0.0
2022-08-23,161483.102996,-0.04098782864019668,1.9377161506540925,h,long_h_only,153730.69360000003,0.02214315001332512
2022-08-24,164987.254196,-0.05350224655357738,1.4610647403279937,h,long_h_only,157234.8448,0.021699801000769625
2022-08-25,167616.834996,-0.03677272384284658,2.0161669535252145,h,long_h_only,159864.4256,0.015938084507280292
2022-08-26,172875.99659599998,-0.07026169689322281,0.8332641770101472,h,long_h_only,165123.5872,0.03137609417410547
2022-08-29,173750.56699599998,-0.06534132176325202,0.9975186186878119,h,long_h_only,165998.1576,0.005058946396380382
2022-08-30,173310.34699599998,-0.06555108505757212,0.9819040719238884,h,long_h_only,165557.9376,-0.002533632019803056
2022-08-31,169921.4277832,-0.07618093446996466,0.6073564852221875,h,flat,0.0,-0.01955405012764877
2022-09-01,169921.4277832,-0.06338533837817273,1.0456217454433443,h,flat,0.0,0.0
2022-09-02,169921.4277832,-0.052085783124239504,1.4135861441674549,h,flat,0.0,0.0
2022-09-05,169598.9452616,-0.04202187954519665,1.7215887603844902,h,long_h_only,161241.2608,-0.0018978331679948557
2022-09-06,170459.80766159997,-0.03732854144052111,1.8400572766567536,h,long_h_only,162102.1232,0.005075871189364589
2022-09-07,169598.9452616,-0.037645504945397756,1.790813574291039,h,long_h_only,161241.2608,-0.005050236837700672
2022-09-08,166577.2604616,-0.032062867249131766,1.9361193347761763,h,long_h_only,158219.576,-0.017816648537166024
2022-09-09,169494.94846160003,-0.034974924310024025,1.8069409793293902,h,long_h_only,161137.26400000002,0.017515523979172443
2022-09-13,169957.1564616,-0.04590110049068841,1.440588771693183,h,long_h_only,161599.472,0.002726972126279703
2022-09-14,169038.51806159999,-0.04598066472199536,1.4117760038817313,h,long_h_only,160680.8336,-0.005405117496229628
2022-09-15,169494.94846160003,-0.04372771541961862,1.4551647711044304,h,long_h_only,161137.26400000002,0.002700156184720637
2022-09-16,166276.82526159997,-0.05967300613170046,0.9367947755517271,h,long_h_only,157919.1408,-0.018986543429222902
2022-09-19,163971.5628616,-0.05306031747577089,1.1266150792203158,h,long_h_only,155613.8784,-0.013864002974396161
2022-09-20,163509.3548616,-0.048527896168791274,1.2476291380500293,h,long_h_only,155151.6704,-0.002818830240644332
2022-09-21,165352.40926159997,-0.04394417023727015,1.367599930041079,h,long_h_only,156994.7248,0.011271859041704246
2022-09-22,164433.7708616,-0.019512724887930988,2.078316356661356,h,long_h_only,156076.0864,-0.005555639643245902
2022-09-23,166733.2556616,-0.011023259486491188,2.2751963430156104,h,long_h_only,158375.5712,0.013984261188873637
2022-09-26,158910.3852616,-0.034828641151831596,1.5216351692714218,h,long_h_only,150552.70080000002,-0.046918476874686754
2022-09-27,158609.27986,-0.03712485341218208,1.4245694038057986,h,flat,0.0,-0.0018948126084037398
2022-09-28,158308.05346,-0.027620408088483872,1.6744619686453848,h,long_h_only,150613.2,-0.0018991726099878425
2022-09-29,158308.05346,-0.018403752983559674,1.902993251653783,h,long_h_only,150613.2,0.0
2022-09-30,159247.17106,-0.020829344288362805,1.789340556257327,h,long_h_only,151552.3176,0.005932216204258323
2022-10-10,168189.46065999998,-0.03724023451507985,1.2876621825062382,h,long_h_only,160494.6072,0.05615352248003691
2022-10-11,167250.34306,-0.04398558140665654,1.0741520527301096,h,long_h_only,159555.4896,-0.005583688753829974
2022-10-12,164893.68946,-0.03494947441117302,1.311554867960684,h,long_h_only,157198.836,-0.014090575581986009
2022-10-13,163015.45426,-0.039465405489321426,1.1619506386751577,h,long_h_only,155320.60080000001,-0.011390582660567028
2022-10-14,163015.45426,-0.030353725138065557,1.3963860710982645,h,long_h_only,155320.60080000001,0.0
2022-10-17,163482.05985999998,-0.030364794141270357,1.3706717097774965,h,long_h_only,155787.2064,0.002862339660482549
2022-10-18,164893.68946,-0.04174451754400177,1.0322127474374498,h,long_h_only,157198.836,0.008634767638778795
2022-10-19,163954.57186,-0.046330382973225226,0.8891412728478983,h,long_h_only,156259.7184,-0.0056952913302834585
2022-10-20,166305.31906,-0.048527896168791274,0.8138767154301533,h,long_h_only,158610.4656,0.014337795971967715
2022-10-21,167722.85506,-0.048484132489913234,0.8011045401982275,h,long_h_only,160028.0016,0.00852369610312076
2022-10-24,163954.57186,-0.034927750875413666,1.1708943650634287,h,long_h_only,156259.7184,-0.02246732085887737
2022-10-25,163482.05985999998,-0.04174148112337828,0.9608399001765876,h,long_h_only,155787.2064,-0.002881969039591592
2022-10-26,163170.4854472,-0.05093694821647854,0.6843945913583662,h,flat,0.0,-0.0019058630229323859
2022-10-27,163170.4854472,-0.04175635723587712,0.9365911109452394,h,flat,0.0,0.0
2022-10-28,163170.4854472,-0.044045296256755795,0.8556334642313054,h,flat,0.0,0.0
2022-10-31,163170.4854472,-0.03580018364051929,1.0806742715869833,h,flat,0.0,0.0
2022-11-01,163170.4854472,-0.03125956609316616,1.1949387964272928,h,flat,0.0,0.0
2022-11-02,163170.4854472,-0.03886557693607273,0.9557856774163443,h,flat,0.0,0.0
2022-11-03,163170.4854472,-0.04131890338859179,0.8702063288919256,h,flat,0.0,0.0
2022-11-04,163170.4854472,-0.046264694574903786,0.7103259785218812,h,flat,0.0,0.0
2022-11-07,163170.4854472,-0.055566586115220806,0.42224434455992754,h,flat,0.0,0.0
2022-11-08,163170.4854472,-0.06015554805610246,0.2735318930241957,h,flat,0.0,0.0
2022-11-09,163170.4854472,-0.06027540500311479,0.2583565320938094,h,flat,0.0,0.0
2022-11-10,163170.4854472,-0.06279217024732497,0.17242030378837248,h,flat,0.0,0.0
2022-11-11,163170.4854472,-0.055566586115220806,0.380693069584729,h,flat,0.0,0.0
2022-11-14,163170.4854472,-0.07161020230340476,-0.1298135831672217,a,flat,0.0,0.0
2022-11-15,163170.4854472,-0.0783532249108645,-0.36187456876019675,a,flat,0.0,0.0
2022-11-16,163170.4854472,-0.08038568100710286,-0.44901802427006166,a,flat,0.0,0.0
2022-11-17,163170.4854472,-0.07377452186333411,-0.2585190906525328,a,flat,0.0,0.0
2022-11-18,163170.4854472,-0.07862777496205131,-0.4537694191102324,a,flat,0.0,0.0
2022-11-21,163170.4854472,-0.07423917109030198,-0.32893940981813985,a,flat,0.0,0.0
2022-11-22,163170.4854472,-0.07362831429093863,-0.33277459021898037,a,flat,0.0,0.0
2022-11-23,163170.4854472,-0.06649897120210035,-0.09171954259651963,a,flat,0.0,0.0
2022-11-24,163170.4854472,-0.06885152776181602,-0.19502493309434005,a,flat,0.0,0.0
2022-11-25,163170.4854472,-0.06180915819736943,0.05230231079539958,h,flat,0.0,0.0
2022-11-28,163170.4854472,-0.062167900489846994,0.0197232116806221,h,flat,0.0,0.0
2022-11-29,163170.4854472,-0.06611719157930351,-0.15851410402913907,a,flat,0.0,0.0
2022-11-30,163170.4854472,-0.07009607827079711,-0.3507557667505688,a,flat,0.0,0.0
2022-12-01,163170.4854472,-0.07045536432543342,-0.409782819773697,a,flat,0.0,0.0
2022-12-02,163170.4854472,-0.08548658678812804,-1.1232648360365916,a,flat,0.0,0.0
2022-12-05,163170.4854472,-0.06730728466301672,-0.3285570444264107,a,flat,0.0,0.0
2022-12-06,163170.4854472,-0.07193958856711136,-0.5509509293556709,a,flat,0.0,0.0
2022-12-07,163170.4854472,-0.06830302015989376,-0.39181104815285966,a,flat,0.0,0.0
2022-12-08,163170.4854472,-0.07082443056483656,-0.4982896471245371,a,flat,0.0,0.0
2022-12-09,163170.4854472,-0.0752759077445273,-0.6937625766666217,a,flat,0.0,0.0
2022-12-12,163170.4854472,-0.09098060027016419,-1.405401635238429,a,flat,0.0,0.0
2022-12-13,163170.4854472,-0.0843409305357552,-1.0769685767456445,a,flat,0.0,0.0
2022-12-14,163170.4854472,-0.09043576250791974,-1.363859421197848,a,flat,0.0,0.0
2022-12-15,163139.49784719996,-0.10390175498486354,-1.9949357638217957,a,long_a_only,154938.0,-0.0001899093449105882
2022-12-16,163853.4978472,-0.09716127176347977,-1.6731792760927215,a,long_a_only,155652.0,0.004376622518899698
2022-12-19,160997.49784719996,-0.10707532385984209,-2.0936210153726136,a,long_a_only,152796.0,-0.017430204649420245
2022-12-20,160283.49784719996,-0.10743344393565901,-2.0748137908178115,a,long_a_only,152082.0,-0.004434851532150175
2022-12-21,159926.49784719996,-0.11193596544615236,-2.2370448515110435,a,long_a_only,151725.0,-0.0022273035265323315
2022-12-22,160283.49784719996,-0.12036416884314383,-2.5531918315369944,a,long_a_only,152082.0,0.002232275481584667
2022-12-23,159926.49784719996,-0.11627652812515699,-2.3315482510361067,a,long_a_only,151725.0,-0.0022273035265323315
2022-12-28,162068.49784719996,-0.12140947934006363,-2.488359757066759,a,long_a_only,153867.0,0.013393652889507779
2022-12-29,159212.4978472,-0.12957411003899044,-2.732770740628443,a,long_a_only,151011.00000000003,-0.01762217851054959
2022-12-30,159539.2242472,-0.129322901601306,-2.620708465783131,a,flat,0.0,0.0020521404061732973
